file,segment_type,count_A,count_B,diff_B_minus_A,records_A,records_B
context_100050.json,unstructured_whole,1,1,0,1,1
context_100062.json,structured,2,2,0,1,1
context_100062.json,root_preamble,1,1,0,1,1
context_100109.json,structured,6,6,0,1,1
context_100109.json,root_preamble,1,1,0,1,1
context_100125.json,structured,16,16,0,1,1
context_100125.json,root_preamble,1,1,0,1,1
context_100139.json,structured,42,42,0,1,1
context_100139.json,root_preamble,1,1,0,1,1
context_100325.json,structured,28,28,0,1,1
context_100325.json,root_preamble,1,1,0,1,1
context_100363.json,unstructured_whole,1,1,0,1,1
context_100380.json,structured,5,5,0,1,1
context_100380.json,root_preamble,1,1,0,1,1
context_100419.json,structured,7,7,0,1,1
context_100419.json,root_preamble,1,1,0,1,1
context_100453.json,structured,35,35,0,1,1
context_100453.json,root_preamble,1,1,0,1,1
context_100458.json,structured,7,7,0,1,1
context_100458.json,root_preamble,1,1,0,1,1
context_100472.json,structured,28,28,0,1,1
context_100472.json,root_preamble,1,1,0,1,1
context_10053.json,structured,14,14,0,1,1
context_10053.json,root_preamble,1,1,0,1,1
context_100545.json,structured,22,22,0,1,1
context_100545.json,root_preamble,1,1,0,1,1
context_100548.json,structured,20,20,0,1,1
context_100548.json,root_preamble,1,1,0,1,1
context_100642.json,structured,11,11,0,1,1
context_100642.json,root_preamble,1,1,0,1,1
context_100667.json,structured,5,5,0,1,1
context_100667.json,root_preamble,1,1,0,1,1
context_100668.json,structured,20,20,0,1,1
context_100668.json,root_preamble,1,1,0,1,1
context_100686.json,structured,52,52,0,1,1
context_100686.json,root_preamble,1,1,0,1,1
context_100718.json,structured,12,12,0,1,1
context_100718.json,root_preamble,1,1,0,1,1
context_100761.json,structured,70,70,0,1,1
context_100761.json,root_preamble,1,1,0,1,1
context_100833.json,structured,11,11,0,1,1
context_100833.json,root_preamble,1,1,0,1,1
context_100844.json,structured,37,37,0,1,1
context_100844.json,root_preamble,1,1,0,1,1
context_100869.json,structured,35,35,0,1,1
context_100869.json,root_preamble,1,1,0,1,1
context_100881.json,structured,18,18,0,1,1
context_100881.json,root_preamble,1,1,0,1,1
context_100945.json,structured,17,17,0,1,1
context_100945.json,root_preamble,1,1,0,1,1
context_101100.json,structured,36,36,0,1,1
context_101100.json,root_preamble,1,1,0,1,1
context_101144.json,structured,5,5,0,1,1
context_101144.json,root_preamble,1,1,0,1,1
context_101158.json,structured,22,22,0,1,1
context_101158.json,root_preamble,1,1,0,1,1
context_101199.json,structured,42,42,0,1,1
context_101199.json,root_preamble,1,1,0,1,1
context_101244.json,structured,43,43,0,1,1
context_101244.json,root_preamble,1,1,0,1,1
context_101296.json,structured,3,3,0,1,1
context_101296.json,root_preamble,1,1,0,1,1
context_101298.json,unstructured_whole,1,1,0,1,1
context_101314.json,structured,5,5,0,1,1
context_101314.json,root_preamble,1,1,0,1,1
context_101341.json,unstructured_whole,1,1,0,1,1
context_101358.json,structured,4,4,0,1,1
context_101358.json,root_preamble,1,1,0,1,1
context_101375.json,structured,43,43,0,1,1
context_101375.json,root_preamble,1,1,0,1,1
context_101445.json,structured,7,7,0,1,1
context_101445.json,root_preamble,1,1,0,1,1
context_101453.json,structured,19,19,0,1,1
context_101453.json,root_preamble,1,1,0,1,1
context_10148.json,structured,45,45,0,1,1
context_10148.json,root_preamble,1,1,0,1,1
context_101491.json,structured,5,5,0,1,1
context_101491.json,root_preamble,1,1,0,1,1
context_101494.json,structured,1,1,0,1,1
context_101494.json,root_preamble,1,1,0,1,1
context_101508.json,structured,6,6,0,1,1
context_101508.json,root_preamble,1,1,0,1,1
context_101544.json,structured,23,23,0,1,1
context_101544.json,root_preamble,1,1,0,1,1
context_101555.json,structured,3,3,0,1,1
context_101555.json,root_preamble,1,1,0,1,1
context_101591.json,structured,4,4,0,1,1
context_101591.json,root_preamble,1,1,0,1,1
context_101603.json,structured,16,16,0,1,1
context_101603.json,root_preamble,1,1,0,1,1
context_101609.json,structured,18,18,0,1,1
context_101609.json,root_preamble,1,1,0,1,1
context_101613.json,structured,17,17,0,1,1
context_101613.json,root_preamble,1,1,0,1,1
context_101679.json,structured,15,15,0,1,1
context_101679.json,root_preamble,1,1,0,1,1
context_101733.json,unstructured_whole,1,1,0,1,1
context_101752.json,structured,4,4,0,1,1
context_101752.json,root_preamble,1,1,0,1,1
context_101814.json,structured,9,9,0,1,1
context_101814.json,root_preamble,1,1,0,1,1
context_101819.json,structured,59,59,0,1,1
context_101819.json,root_preamble,1,1,0,1,1
context_10188.json,structured,22,22,0,1,1
context_10188.json,root_preamble,1,1,0,1,1
context_101885.json,structured,7,7,0,1,1
context_101885.json,root_preamble,1,1,0,1,1
context_101987.json,structured,14,14,0,1,1
context_101987.json,root_preamble,1,1,0,1,1
context_101995.json,structured,32,32,0,1,1
context_101995.json,root_preamble,1,1,0,1,1
context_101998.json,structured,17,17,0,1,1
context_101998.json,root_preamble,1,1,0,1,1
context_102008.json,structured,22,22,0,1,1
context_102008.json,root_preamble,1,1,0,1,1
context_102011.json,structured,15,15,0,1,1
context_102011.json,root_preamble,1,1,0,1,1
context_102059.json,unstructured_whole,1,1,0,1,1
context_102061.json,structured,3,3,0,1,1
context_102061.json,root_preamble,1,1,0,1,1
context_102089.json,structured,23,23,0,1,1
context_102089.json,root_preamble,1,1,0,1,1
context_102097.json,structured,16,16,0,1,1
context_102097.json,root_preamble,1,1,0,1,1
context_102100.json,structured,37,37,0,1,1
context_102100.json,root_preamble,1,1,0,1,1
context_102193.json,structured,59,59,0,1,1
context_102193.json,root_preamble,1,1,0,1,1
context_102208.json,structured,37,37,0,1,1
context_102208.json,root_preamble,1,1,0,1,1
context_102267.json,structured,27,27,0,1,1
context_102267.json,root_preamble,1,1,0,1,1
context_102268.json,structured,2,2,0,1,1
context_102268.json,root_preamble,1,1,0,1,1
context_102345.json,structured,9,9,0,1,1
context_102345.json,root_preamble,1,1,0,1,1
context_102434.json,structured,335,335,0,1,1
context_102434.json,root_preamble,1,1,0,1,1
context_102462.json,structured,10,10,0,1,1
context_102462.json,root_preamble,1,1,0,1,1
context_102467.json,structured,16,16,0,1,1
context_102467.json,root_preamble,1,1,0,1,1
context_102478.json,structured,9,9,0,1,1
context_102478.json,root_preamble,1,1,0,1,1
context_102489.json,structured,20,20,0,1,1
context_102489.json,root_preamble,1,1,0,1,1
context_102495.json,structured,20,20,0,1,1
context_102495.json,root_preamble,1,1,0,1,1
context_102512.json,structured,25,25,0,1,1
context_102512.json,root_preamble,1,1,0,1,1
context_102561.json,structured,39,39,0,1,1
context_102561.json,root_preamble,1,1,0,1,1
context_102595.json,structured,6,6,0,1,1
context_102595.json,root_preamble,1,1,0,1,1
context_102615.json,structured,18,18,0,1,1
context_102615.json,root_preamble,1,1,0,1,1
context_102619.json,structured,24,24,0,1,1
context_102619.json,root_preamble,1,1,0,1,1
context_102623.json,structured,27,27,0,1,1
context_102623.json,root_preamble,1,1,0,1,1
context_102655.json,structured,4,4,0,1,1
context_102655.json,root_preamble,1,1,0,1,1
context_102693.json,structured,7,7,0,1,1
context_102693.json,root_preamble,1,1,0,1,1
context_102713.json,structured,131,131,0,1,1
context_102713.json,root_preamble,1,1,0,1,1
context_102757.json,structured,9,9,0,1,1
context_102757.json,root_preamble,1,1,0,1,1
context_102854.json,structured,12,12,0,1,1
context_102854.json,root_preamble,1,1,0,1,1
context_102856.json,structured,18,18,0,1,1
context_102856.json,root_preamble,1,1,0,1,1
context_102865.json,unstructured_whole,1,1,0,1,1
context_10289.json,structured,6,6,0,1,1
context_10289.json,root_preamble,1,1,0,1,1
context_102896.json,structured,11,11,0,1,1
context_102896.json,root_preamble,1,1,0,1,1
context_102944.json,structured,11,11,0,1,1
context_102944.json,root_preamble,1,1,0,1,1
context_102946.json,structured,6,6,0,1,1
context_102946.json,root_preamble,1,1,0,1,1
context_102948.json,structured,42,42,0,1,1
context_102948.json,root_preamble,1,1,0,1,1
context_102964.json,structured,1,1,0,1,1
context_102964.json,root_preamble,1,1,0,1,1
context_103034.json,structured,5,5,0,1,1
context_103034.json,root_preamble,1,1,0,1,1
context_103038.json,structured,3,3,0,1,1
context_103038.json,root_preamble,1,1,0,1,1
context_10304.json,unstructured_whole,1,1,0,1,1
context_103049.json,structured,8,8,0,1,1
context_103049.json,root_preamble,1,1,0,1,1
context_103064.json,structured,32,32,0,1,1
context_103064.json,root_preamble,1,1,0,1,1
context_10308.json,structured,17,17,0,1,1
context_10308.json,root_preamble,1,1,0,1,1
context_103106.json,structured,54,54,0,1,1
context_103106.json,root_preamble,1,1,0,1,1
context_103125.json,structured,25,25,0,1,1
context_103125.json,root_preamble,1,1,0,1,1
context_103145.json,structured,7,7,0,1,1
context_103145.json,root_preamble,1,1,0,1,1
context_103155.json,unstructured_whole,1,1,0,1,1
context_103162.json,unstructured_whole,1,1,0,1,1
context_103184.json,structured,36,36,0,1,1
context_103184.json,root_preamble,1,1,0,1,1
context_103215.json,structured,20,20,0,1,1
context_103215.json,root_preamble,1,1,0,1,1
context_103264.json,structured,33,33,0,1,1
context_103264.json,root_preamble,1,1,0,1,1
context_103314.json,structured,45,45,0,1,1
context_103314.json,root_preamble,1,1,0,1,1
context_103419.json,structured,3,3,0,1,1
context_103419.json,root_preamble,1,1,0,1,1
context_103461.json,structured,21,21,0,1,1
context_103461.json,root_preamble,1,1,0,1,1
context_103463.json,structured,24,24,0,1,1
context_103463.json,root_preamble,1,1,0,1,1
context_103475.json,structured,8,8,0,1,1
context_103475.json,root_preamble,1,1,0,1,1
context_103488.json,structured,4,4,0,1,1
context_103488.json,root_preamble,1,1,0,1,1
context_103580.json,structured,6,6,0,1,1
context_103580.json,root_preamble,1,1,0,1,1
context_103585.json,structured,19,19,0,1,1
context_103585.json,root_preamble,1,1,0,1,1
context_10360.json,structured,64,64,0,1,1
context_10360.json,root_preamble,1,1,0,1,1
context_103601.json,structured,24,24,0,1,1
context_103601.json,root_preamble,1,1,0,1,1
context_103602.json,structured,6,6,0,1,1
context_103602.json,root_preamble,1,1,0,1,1
context_103678.json,structured,8,8,0,1,1
context_103678.json,root_preamble,1,1,0,1,1
context_103771.json,structured,61,61,0,1,1
context_103771.json,root_preamble,1,1,0,1,1
context_103774.json,structured,60,60,0,1,1
context_103774.json,root_preamble,1,1,0,1,1
context_103777.json,structured,22,22,0,1,1
context_103777.json,root_preamble,1,1,0,1,1
context_103779.json,structured,109,109,0,1,1
context_103779.json,root_preamble,1,1,0,1,1
context_103837.json,structured,10,10,0,1,1
context_103837.json,root_preamble,1,1,0,1,1
context_103864.json,structured,3,3,0,1,1
context_103864.json,root_preamble,1,1,0,1,1
context_103901.json,structured,68,68,0,1,1
context_103901.json,root_preamble,1,1,0,1,1
context_103926.json,structured,58,58,0,1,1
context_103926.json,root_preamble,1,1,0,1,1
context_103990.json,structured,49,49,0,1,1
context_103990.json,root_preamble,1,1,0,1,1
context_104092.json,structured,130,130,0,1,1
context_104092.json,root_preamble,1,1,0,1,1
context_104095.json,structured,6,6,0,1,1
context_104095.json,root_preamble,1,1,0,1,1
context_104102.json,structured,40,40,0,1,1
context_104102.json,root_preamble,1,1,0,1,1
context_104132.json,structured,67,67,0,1,1
context_104132.json,root_preamble,1,1,0,1,1
context_104167.json,structured,27,27,0,1,1
context_104167.json,root_preamble,1,1,0,1,1
context_10426.json,structured,14,14,0,1,1
context_10426.json,root_preamble,1,1,0,1,1
context_104271.json,structured,15,15,0,1,1
context_104271.json,root_preamble,1,1,0,1,1
context_104273.json,structured,4,4,0,1,1
context_104273.json,root_preamble,1,1,0,1,1
context_104320.json,structured,5,5,0,1,1
context_104320.json,root_preamble,1,1,0,1,1
context_104321.json,structured,85,85,0,1,1
context_104321.json,root_preamble,1,1,0,1,1
context_104343.json,structured,37,37,0,1,1
context_104343.json,root_preamble,1,1,0,1,1
context_104353.json,structured,5,5,0,1,1
context_104353.json,root_preamble,1,1,0,1,1
context_104374.json,structured,79,79,0,1,1
context_104374.json,root_preamble,1,1,0,1,1
context_104402.json,structured,36,36,0,1,1
context_104402.json,root_preamble,1,1,0,1,1
context_104458.json,structured,9,9,0,1,1
context_104458.json,root_preamble,1,1,0,1,1
context_104500.json,structured,17,17,0,1,1
context_104500.json,root_preamble,1,1,0,1,1
context_104589.json,structured,18,18,0,1,1
context_104589.json,root_preamble,1,1,0,1,1
context_104639.json,structured,34,34,0,1,1
context_104639.json,root_preamble,1,1,0,1,1
context_104660.json,structured,35,35,0,1,1
context_104660.json,root_preamble,1,1,0,1,1
context_104671.json,structured,8,8,0,1,1
context_104671.json,root_preamble,1,1,0,1,1
context_104714.json,structured,5,5,0,1,1
context_104714.json,root_preamble,1,1,0,1,1
context_104718.json,structured,49,49,0,1,1
context_104718.json,root_preamble,1,1,0,1,1
context_104781.json,structured,7,7,0,1,1
context_104781.json,root_preamble,1,1,0,1,1
context_104807.json,structured,7,7,0,1,1
context_104807.json,root_preamble,1,1,0,1,1
context_104857.json,structured,5,5,0,1,1
context_104857.json,root_preamble,1,1,0,1,1
context_104863.json,structured,47,47,0,1,1
context_104863.json,root_preamble,1,1,0,1,1
context_104903.json,structured,18,18,0,1,1
context_104903.json,root_preamble,1,1,0,1,1
context_104973.json,structured,12,12,0,1,1
context_104973.json,root_preamble,1,1,0,1,1
context_10498.json,structured,2,2,0,1,1
context_10498.json,root_preamble,1,1,0,1,1
context_105044.json,structured,7,7,0,1,1
context_105044.json,root_preamble,1,1,0,1,1
context_105050.json,structured,6,6,0,1,1
context_105050.json,root_preamble,1,1,0,1,1
context_105059.json,structured,29,29,0,1,1
context_105059.json,root_preamble,1,1,0,1,1
context_10507.json,structured,39,39,0,1,1
context_10507.json,root_preamble,1,1,0,1,1
context_105078.json,structured,20,20,0,1,1
context_105078.json,root_preamble,1,1,0,1,1
context_105081.json,structured,3,3,0,1,1
context_105081.json,root_preamble,1,1,0,1,1
context_105138.json,structured,10,10,0,1,1
context_105138.json,root_preamble,1,1,0,1,1
context_105190.json,structured,4,4,0,1,1
context_105190.json,root_preamble,1,1,0,1,1
context_105205.json,structured,11,11,0,1,1
context_105205.json,root_preamble,1,1,0,1,1
context_105216.json,structured,6,6,0,1,1
context_105216.json,root_preamble,1,1,0,1,1
context_105263.json,structured,8,8,0,1,1
context_105263.json,root_preamble,1,1,0,1,1
context_105264.json,structured,30,30,0,1,1
context_105264.json,root_preamble,1,1,0,1,1
context_105297.json,structured,7,7,0,1,1
context_105297.json,root_preamble,1,1,0,1,1
context_105300.json,structured,7,7,0,1,1
context_105300.json,root_preamble,1,1,0,1,1
context_105341.json,structured,17,17,0,1,1
context_105341.json,root_preamble,1,1,0,1,1
context_105375.json,structured,10,10,0,1,1
context_105375.json,root_preamble,1,1,0,1,1
context_10542.json,unstructured_whole,1,1,0,1,1
context_105423.json,structured,4,4,0,1,1
context_105423.json,root_preamble,1,1,0,1,1
context_105483.json,structured,67,67,0,1,1
context_105483.json,root_preamble,1,1,0,1,1
context_105515.json,structured,30,30,0,1,1
context_105515.json,root_preamble,1,1,0,1,1
context_105570.json,structured,29,29,0,1,1
context_105570.json,root_preamble,1,1,0,1,1
context_105589.json,structured,8,8,0,1,1
context_105589.json,root_preamble,1,1,0,1,1
context_105600.json,structured,22,22,0,1,1
context_105600.json,root_preamble,1,1,0,1,1
context_105603.json,structured,22,22,0,1,1
context_105603.json,root_preamble,1,1,0,1,1
context_105604.json,structured,22,22,0,1,1
context_105604.json,root_preamble,1,1,0,1,1
context_105608.json,structured,23,23,0,1,1
context_105608.json,root_preamble,1,1,0,1,1
context_105634.json,structured,74,74,0,1,1
context_105634.json,root_preamble,1,1,0,1,1
context_105642.json,unstructured_whole,1,1,0,1,1
context_105655.json,structured,24,24,0,1,1
context_105655.json,root_preamble,1,1,0,1,1
context_105724.json,structured,47,47,0,1,1
context_105724.json,root_preamble,1,1,0,1,1
context_105725.json,structured,20,20,0,1,1
context_105725.json,root_preamble,1,1,0,1,1
context_105733.json,structured,23,23,0,1,1
context_105733.json,root_preamble,1,1,0,1,1
context_105870.json,structured,5,5,0,1,1
context_105870.json,root_preamble,1,1,0,1,1
context_10590.json,structured,4,4,0,1,1
context_10590.json,root_preamble,1,1,0,1,1
context_105901.json,structured,9,9,0,1,1
context_105901.json,root_preamble,1,1,0,1,1
context_105934.json,structured,24,24,0,1,1
context_105934.json,root_preamble,1,1,0,1,1
context_106015.json,structured,33,33,0,1,1
context_106015.json,root_preamble,1,1,0,1,1
context_106098.json,structured,35,35,0,1,1
context_106098.json,root_preamble,1,1,0,1,1
context_10612.json,structured,21,21,0,1,1
context_10612.json,root_preamble,1,1,0,1,1
context_106161.json,structured,15,15,0,1,1
context_106161.json,root_preamble,1,1,0,1,1
context_106202.json,structured,6,6,0,1,1
context_106202.json,root_preamble,1,1,0,1,1
context_106223.json,structured,17,17,0,1,1
context_106223.json,root_preamble,1,1,0,1,1
context_106258.json,structured,4,4,0,1,1
context_106258.json,root_preamble,1,1,0,1,1
context_106334.json,unstructured_whole,1,1,0,1,1
context_106371.json,structured,42,42,0,1,1
context_106371.json,root_preamble,1,1,0,1,1
context_106386.json,unstructured_whole,1,1,0,1,1
context_106401.json,structured,27,27,0,1,1
context_106401.json,root_preamble,1,1,0,1,1
context_106500.json,structured,9,9,0,1,1
context_106500.json,root_preamble,1,1,0,1,1
context_106596.json,structured,7,7,0,1,1
context_106596.json,root_preamble,1,1,0,1,1
context_10663.json,structured,24,24,0,1,1
context_10663.json,root_preamble,1,1,0,1,1
context_106712.json,structured,17,17,0,1,1
context_106712.json,root_preamble,1,1,0,1,1
context_106740.json,structured,50,50,0,1,1
context_106740.json,root_preamble,1,1,0,1,1
context_106842.json,structured,8,8,0,1,1
context_106842.json,root_preamble,1,1,0,1,1
context_106872.json,structured,103,103,0,1,1
context_106872.json,root_preamble,1,1,0,1,1
context_106881.json,structured,27,27,0,1,1
context_106881.json,root_preamble,1,1,0,1,1
context_106917.json,structured,7,7,0,1,1
context_106917.json,root_preamble,1,1,0,1,1
context_106989.json,structured,26,26,0,1,1
context_106989.json,root_preamble,1,1,0,1,1
context_107019.json,structured,128,128,0,1,1
context_107019.json,root_preamble,1,1,0,1,1
context_107028.json,structured,8,8,0,1,1
context_107028.json,root_preamble,1,1,0,1,1
context_107059.json,structured,25,25,0,1,1
context_107059.json,root_preamble,1,1,0,1,1
context_107071.json,structured,3,3,0,1,1
context_107071.json,root_preamble,1,1,0,1,1
context_107080.json,structured,11,11,0,1,1
context_107080.json,root_preamble,1,1,0,1,1
context_107101.json,structured,41,41,0,1,1
context_107101.json,root_preamble,1,1,0,1,1
context_107157.json,structured,4,4,0,1,1
context_107157.json,root_preamble,1,1,0,1,1
context_107159.json,structured,2,2,0,1,1
context_107159.json,root_preamble,1,1,0,1,1
context_10719.json,structured,5,5,0,1,1
context_10719.json,root_preamble,1,1,0,1,1
context_107206.json,structured,8,8,0,1,1
context_107206.json,root_preamble,1,1,0,1,1
context_107319.json,structured,99,99,0,1,1
context_107319.json,root_preamble,1,1,0,1,1
context_107370.json,structured,3,3,0,1,1
context_107370.json,root_preamble,1,1,0,1,1
context_107412.json,structured,3,3,0,1,1
context_107412.json,root_preamble,1,1,0,1,1
context_107498.json,structured,3,3,0,1,1
context_107498.json,root_preamble,1,1,0,1,1
context_107501.json,structured,5,5,0,1,1
context_107501.json,root_preamble,1,1,0,1,1
context_107536.json,structured,5,5,0,1,1
context_107536.json,root_preamble,1,1,0,1,1
context_107560.json,structured,20,20,0,1,1
context_107560.json,root_preamble,1,1,0,1,1
context_107589.json,structured,10,10,0,1,1
context_107589.json,root_preamble,1,1,0,1,1
context_10759.json,structured,15,15,0,1,1
context_10759.json,root_preamble,1,1,0,1,1
context_107617.json,structured,8,8,0,1,1
context_107617.json,root_preamble,1,1,0,1,1
context_107674.json,structured,62,62,0,1,1
context_107674.json,root_preamble,1,1,0,1,1
context_107688.json,structured,56,56,0,1,1
context_107688.json,root_preamble,1,1,0,1,1
context_107707.json,structured,17,17,0,1,1
context_107707.json,root_preamble,1,1,0,1,1
context_107812.json,structured,28,28,0,1,1
context_107812.json,root_preamble,1,1,0,1,1
context_10790.json,unstructured_whole,1,1,0,1,1
context_107942.json,structured,20,20,0,1,1
context_107942.json,root_preamble,1,1,0,1,1
context_107977.json,structured,17,17,0,1,1
context_107977.json,root_preamble,1,1,0,1,1
context_108015.json,structured,82,82,0,1,1
context_108015.json,root_preamble,1,1,0,1,1
context_108016.json,structured,28,28,0,1,1
context_108016.json,root_preamble,1,1,0,1,1
context_108051.json,structured,27,27,0,1,1
context_108051.json,root_preamble,1,1,0,1,1
context_108135.json,structured,18,18,0,1,1
context_108135.json,root_preamble,1,1,0,1,1
context_108148.json,structured,52,52,0,1,1
context_108148.json,root_preamble,1,1,0,1,1
context_108195.json,structured,37,37,0,1,1
context_108195.json,root_preamble,1,1,0,1,1
context_108241.json,structured,6,6,0,1,1
context_108241.json,root_preamble,1,1,0,1,1
context_108279.json,structured,32,32,0,1,1
context_108279.json,root_preamble,1,1,0,1,1
context_108288.json,structured,11,11,0,1,1
context_108288.json,root_preamble,1,1,0,1,1
context_108353.json,structured,7,7,0,1,1
context_108353.json,root_preamble,1,1,0,1,1
context_108356.json,structured,41,41,0,1,1
context_108356.json,root_preamble,1,1,0,1,1
context_108395.json,structured,17,17,0,1,1
context_108395.json,root_preamble,1,1,0,1,1
context_108396.json,structured,5,5,0,1,1
context_108396.json,root_preamble,1,1,0,1,1
context_108405.json,structured,3,3,0,1,1
context_108405.json,root_preamble,1,1,0,1,1
context_108451.json,structured,5,5,0,1,1
context_108451.json,root_preamble,1,1,0,1,1
context_108469.json,structured,3,3,0,1,1
context_108469.json,root_preamble,1,1,0,1,1
context_108496.json,structured,55,55,0,1,1
context_108496.json,root_preamble,1,1,0,1,1
context_108567.json,structured,4,4,0,1,1
context_108567.json,root_preamble,1,1,0,1,1
context_108598.json,structured,17,17,0,1,1
context_108598.json,root_preamble,1,1,0,1,1
context_108600.json,structured,16,16,0,1,1
context_108600.json,root_preamble,1,1,0,1,1
context_108651.json,structured,28,28,0,1,1
context_108651.json,root_preamble,1,1,0,1,1
context_108670.json,structured,91,91,0,1,1
context_108670.json,root_preamble,1,1,0,1,1
context_108674.json,unstructured_whole,1,1,0,1,1
context_108688.json,structured,17,17,0,1,1
context_108688.json,root_preamble,1,1,0,1,1
context_108711.json,structured,7,7,0,1,1
context_108711.json,root_preamble,1,1,0,1,1
context_108744.json,structured,31,31,0,1,1
context_108744.json,root_preamble,1,1,0,1,1
context_10876.json,structured,113,113,0,1,1
context_10876.json,root_preamble,1,1,0,1,1
context_108765.json,structured,18,18,0,1,1
context_108765.json,root_preamble,1,1,0,1,1
context_108806.json,structured,35,35,0,1,1
context_108806.json,root_preamble,1,1,0,1,1
context_108916.json,structured,34,34,0,1,1
context_108916.json,root_preamble,1,1,0,1,1
context_108937.json,structured,5,5,0,1,1
context_108937.json,root_preamble,1,1,0,1,1
context_109045.json,structured,54,54,0,1,1
context_109045.json,root_preamble,1,1,0,1,1
context_109124.json,structured,1,1,0,1,1
context_109124.json,root_preamble,1,1,0,1,1
context_10920.json,structured,1,1,0,1,1
context_10920.json,root_preamble,1,1,0,1,1
context_109206.json,structured,3,3,0,1,1
context_109206.json,root_preamble,1,1,0,1,1
context_109220.json,structured,21,21,0,1,1
context_109220.json,root_preamble,1,1,0,1,1
context_10929.json,structured,56,56,0,1,1
context_10929.json,root_preamble,1,1,0,1,1
context_109317.json,structured,4,4,0,1,1
context_109317.json,root_preamble,1,1,0,1,1
context_109368.json,unstructured_whole,1,1,0,1,1
context_109388.json,structured,2,2,0,1,1
context_109388.json,root_preamble,1,1,0,1,1
context_109430.json,structured,3,3,0,1,1
context_109430.json,root_preamble,1,1,0,1,1
context_109457.json,structured,30,30,0,1,1
context_109457.json,root_preamble,1,1,0,1,1
context_109480.json,structured,42,42,0,1,1
context_109480.json,root_preamble,1,1,0,1,1
context_109488.json,structured,46,46,0,1,1
context_109488.json,root_preamble,1,1,0,1,1
context_109496.json,structured,1,1,0,1,1
context_109496.json,root_preamble,1,1,0,1,1
context_109526.json,structured,5,5,0,1,1
context_109526.json,root_preamble,1,1,0,1,1
context_109559.json,structured,5,5,0,1,1
context_109559.json,root_preamble,1,1,0,1,1
context_109560.json,unstructured_whole,1,1,0,1,1
context_109743.json,structured,6,6,0,1,1
context_109743.json,root_preamble,1,1,0,1,1
context_109755.json,structured,3,3,0,1,1
context_109755.json,root_preamble,1,1,0,1,1
context_109768.json,structured,2,2,0,1,1
context_109768.json,root_preamble,1,1,0,1,1
context_109771.json,structured,3,3,0,1,1
context_109771.json,root_preamble,1,1,0,1,1
context_109796.json,structured,50,50,0,1,1
context_109796.json,root_preamble,1,1,0,1,1
context_109843.json,structured,21,21,0,1,1
context_109843.json,root_preamble,1,1,0,1,1
context_109906.json,structured,9,9,0,1,1
context_109906.json,root_preamble,1,1,0,1,1
context_109978.json,structured,30,30,0,1,1
context_109978.json,root_preamble,1,1,0,1,1
context_110.json,structured,4,4,0,1,1
context_110.json,root_preamble,1,1,0,1,1
context_110016.json,unstructured_whole,1,1,0,1,1
context_110023.json,structured,21,21,0,1,1
context_110023.json,root_preamble,1,1,0,1,1
context_110037.json,structured,23,23,0,1,1
context_110037.json,root_preamble,1,1,0,1,1
context_110049.json,structured,9,9,0,1,1
context_110049.json,root_preamble,1,1,0,1,1
context_110053.json,structured,32,32,0,1,1
context_110053.json,root_preamble,1,1,0,1,1
context_110127.json,structured,6,6,0,1,1
context_110127.json,root_preamble,1,1,0,1,1
context_110195.json,structured,11,11,0,1,1
context_110195.json,root_preamble,1,1,0,1,1
context_110222.json,structured,5,5,0,1,1
context_110222.json,root_preamble,1,1,0,1,1
context_110243.json,structured,48,48,0,1,1
context_110243.json,root_preamble,1,1,0,1,1
context_110276.json,structured,39,39,0,1,1
context_110276.json,root_preamble,1,1,0,1,1
context_110305.json,structured,40,40,0,1,1
context_110305.json,root_preamble,1,1,0,1,1
context_110328.json,structured,6,6,0,1,1
context_110328.json,root_preamble,1,1,0,1,1
context_110406.json,structured,15,15,0,1,1
context_110406.json,root_preamble,1,1,0,1,1
context_110440.json,structured,9,9,0,1,1
context_110440.json,root_preamble,1,1,0,1,1
context_11045.json,structured,7,7,0,1,1
context_11045.json,root_preamble,1,1,0,1,1
context_110458.json,structured,63,63,0,1,1
context_110458.json,root_preamble,1,1,0,1,1
context_11048.json,structured,60,60,0,1,1
context_11048.json,root_preamble,1,1,0,1,1
context_11051.json,structured,11,11,0,1,1
context_11051.json,root_preamble,1,1,0,1,1
context_110536.json,structured,24,24,0,1,1
context_110536.json,root_preamble,1,1,0,1,1
context_110588.json,structured,38,38,0,1,1
context_110588.json,root_preamble,1,1,0,1,1
context_110647.json,structured,33,33,0,1,1
context_110647.json,root_preamble,1,1,0,1,1
context_110662.json,structured,6,6,0,1,1
context_110662.json,root_preamble,1,1,0,1,1
context_110702.json,structured,30,30,0,1,1
context_110702.json,root_preamble,1,1,0,1,1
context_110756.json,structured,5,5,0,1,1
context_110756.json,root_preamble,1,1,0,1,1
context_110777.json,structured,3,3,0,1,1
context_110777.json,root_preamble,1,1,0,1,1
context_110813.json,structured,31,31,0,1,1
context_110813.json,root_preamble,1,1,0,1,1
context_110837.json,structured,5,5,0,1,1
context_110837.json,root_preamble,1,1,0,1,1
context_110894.json,structured,16,16,0,1,1
context_110894.json,root_preamble,1,1,0,1,1
context_110898.json,structured,53,53,0,1,1
context_110898.json,root_preamble,1,1,0,1,1
context_110926.json,unstructured_whole,1,1,0,1,1
context_110946.json,structured,19,19,0,1,1
context_110946.json,root_preamble,1,1,0,1,1
context_110993.json,structured,71,71,0,1,1
context_110993.json,root_preamble,1,1,0,1,1
context_11102.json,structured,21,21,0,1,1
context_11102.json,root_preamble,1,1,0,1,1
context_111081.json,structured,29,29,0,1,1
context_111081.json,root_preamble,1,1,0,1,1
context_11121.json,structured,19,19,0,1,1
context_11121.json,root_preamble,1,1,0,1,1
context_111217.json,structured,48,48,0,1,1
context_111217.json,root_preamble,1,1,0,1,1
context_11122.json,structured,3,3,0,1,1
context_11122.json,root_preamble,1,1,0,1,1
context_111269.json,structured,5,5,0,1,1
context_111269.json,root_preamble,1,1,0,1,1
context_111323.json,structured,39,39,0,1,1
context_111323.json,root_preamble,1,1,0,1,1
context_111390.json,structured,9,9,0,1,1
context_111390.json,root_preamble,1,1,0,1,1
context_111391.json,structured,6,6,0,1,1
context_111391.json,root_preamble,1,1,0,1,1
context_111409.json,structured,27,27,0,1,1
context_111409.json,root_preamble,1,1,0,1,1
context_11143.json,structured,18,18,0,1,1
context_11143.json,root_preamble,1,1,0,1,1
context_111445.json,structured,26,26,0,1,1
context_111445.json,root_preamble,1,1,0,1,1
context_111462.json,structured,5,5,0,1,1
context_111462.json,root_preamble,1,1,0,1,1
context_111513.json,structured,21,21,0,1,1
context_111513.json,root_preamble,1,1,0,1,1
context_111532.json,structured,2,2,0,1,1
context_111532.json,root_preamble,1,1,0,1,1
context_111542.json,structured,62,62,0,1,1
context_111542.json,root_preamble,1,1,0,1,1
context_111599.json,structured,25,25,0,1,1
context_111599.json,root_preamble,1,1,0,1,1
context_11161.json,structured,6,6,0,1,1
context_11161.json,root_preamble,1,1,0,1,1
context_111676.json,structured,7,7,0,1,1
context_111676.json,root_preamble,1,1,0,1,1
context_111690.json,structured,24,24,0,1,1
context_111690.json,root_preamble,1,1,0,1,1
context_111710.json,structured,48,48,0,1,1
context_111710.json,root_preamble,1,1,0,1,1
context_111725.json,structured,28,28,0,1,1
context_111725.json,root_preamble,1,1,0,1,1
context_11173.json,structured,19,19,0,1,1
context_11173.json,root_preamble,1,1,0,1,1
context_111800.json,structured,10,10,0,1,1
context_111800.json,root_preamble,1,1,0,1,1
context_111814.json,structured,46,46,0,1,1
context_111814.json,root_preamble,1,1,0,1,1
context_111846.json,structured,17,17,0,1,1
context_111846.json,root_preamble,1,1,0,1,1
context_11186.json,structured,2,2,0,1,1
context_11186.json,root_preamble,1,1,0,1,1
context_111893.json,structured,9,9,0,1,1
context_111893.json,root_preamble,1,1,0,1,1
context_111906.json,structured,5,5,0,1,1
context_111906.json,root_preamble,1,1,0,1,1
context_111975.json,structured,21,21,0,1,1
context_111975.json,root_preamble,1,1,0,1,1
context_112035.json,structured,2,2,0,1,1
context_112035.json,root_preamble,1,1,0,1,1
context_112036.json,structured,19,19,0,1,1
context_112036.json,root_preamble,1,1,0,1,1
context_112039.json,structured,53,53,0,1,1
context_112039.json,root_preamble,1,1,0,1,1
context_112046.json,structured,24,24,0,1,1
context_112046.json,root_preamble,1,1,0,1,1
context_112078.json,structured,28,28,0,1,1
context_112078.json,root_preamble,1,1,0,1,1
context_112124.json,structured,30,30,0,1,1
context_112124.json,root_preamble,1,1,0,1,1
context_112136.json,structured,10,10,0,1,1
context_112136.json,root_preamble,1,1,0,1,1
context_112137.json,structured,17,17,0,1,1
context_112137.json,root_preamble,1,1,0,1,1
context_112140.json,structured,7,7,0,1,1
context_112140.json,root_preamble,1,1,0,1,1
context_112141.json,structured,10,10,0,1,1
context_112141.json,root_preamble,1,1,0,1,1
context_112148.json,structured,1,1,0,1,1
context_112148.json,root_preamble,1,1,0,1,1
context_112166.json,structured,14,14,0,1,1
context_112166.json,root_preamble,1,1,0,1,1
context_112202.json,structured,4,4,0,1,1
context_112202.json,root_preamble,1,1,0,1,1
context_112218.json,structured,23,23,0,1,1
context_112218.json,root_preamble,1,1,0,1,1
context_112236.json,structured,31,31,0,1,1
context_112236.json,root_preamble,1,1,0,1,1
context_112250.json,structured,15,15,0,1,1
context_112250.json,root_preamble,1,1,0,1,1
context_112273.json,structured,21,21,0,1,1
context_112273.json,root_preamble,1,1,0,1,1
context_112316.json,structured,20,20,0,1,1
context_112316.json,root_preamble,1,1,0,1,1
context_112325.json,structured,15,15,0,1,1
context_112325.json,root_preamble,1,1,0,1,1
context_112361.json,structured,30,30,0,1,1
context_112361.json,root_preamble,1,1,0,1,1
context_112370.json,structured,25,25,0,1,1
context_112370.json,root_preamble,1,1,0,1,1
context_112382.json,structured,30,30,0,1,1
context_112382.json,root_preamble,1,1,0,1,1
context_11239.json,structured,106,106,0,1,1
context_11239.json,root_preamble,1,1,0,1,1
context_112417.json,structured,6,6,0,1,1
context_112417.json,root_preamble,1,1,0,1,1
context_112443.json,structured,12,12,0,1,1
context_112443.json,root_preamble,1,1,0,1,1
context_112458.json,structured,5,5,0,1,1
context_112458.json,root_preamble,1,1,0,1,1
context_112572.json,structured,2,2,0,1,1
context_112572.json,root_preamble,1,1,0,1,1
context_112664.json,structured,5,5,0,1,1
context_112664.json,root_preamble,1,1,0,1,1
context_112667.json,structured,10,10,0,1,1
context_112667.json,root_preamble,1,1,0,1,1
context_112673.json,structured,22,22,0,1,1
context_112673.json,root_preamble,1,1,0,1,1
context_112691.json,structured,28,28,0,1,1
context_112691.json,root_preamble,1,1,0,1,1
context_112700.json,structured,4,4,0,1,1
context_112700.json,root_preamble,1,1,0,1,1
context_112705.json,structured,6,6,0,1,1
context_112705.json,root_preamble,1,1,0,1,1
context_112736.json,structured,20,20,0,1,1
context_112736.json,root_preamble,1,1,0,1,1
context_112779.json,unstructured_whole,1,1,0,1,1
context_112804.json,structured,49,49,0,1,1
context_112804.json,root_preamble,1,1,0,1,1
context_11284.json,structured,17,17,0,1,1
context_11284.json,root_preamble,1,1,0,1,1
context_112858.json,structured,48,48,0,1,1
context_112858.json,root_preamble,1,1,0,1,1
context_112869.json,structured,2,2,0,1,1
context_112869.json,root_preamble,1,1,0,1,1
context_113039.json,structured,15,15,0,1,1
context_113039.json,root_preamble,1,1,0,1,1
context_113079.json,unstructured_whole,1,1,0,1,1
context_113080.json,structured,14,14,0,1,1
context_113080.json,root_preamble,1,1,0,1,1
context_113090.json,structured,35,35,0,1,1
context_113090.json,root_preamble,1,1,0,1,1
context_113131.json,structured,16,16,0,1,1
context_113131.json,root_preamble,1,1,0,1,1
context_113145.json,structured,9,9,0,1,1
context_113145.json,root_preamble,1,1,0,1,1
context_11316.json,structured,15,15,0,1,1
context_11316.json,root_preamble,1,1,0,1,1
context_113193.json,structured,36,36,0,1,1
context_113193.json,root_preamble,1,1,0,1,1
context_113211.json,structured,4,4,0,1,1
context_113211.json,root_preamble,1,1,0,1,1
context_113362.json,structured,23,23,0,1,1
context_113362.json,root_preamble,1,1,0,1,1
context_113369.json,structured,31,31,0,1,1
context_113369.json,root_preamble,1,1,0,1,1
context_11337.json,structured,5,5,0,1,1
context_11337.json,root_preamble,1,1,0,1,1
context_113426.json,structured,3,3,0,1,1
context_113426.json,root_preamble,1,1,0,1,1
context_113472.json,structured,4,4,0,1,1
context_113472.json,root_preamble,1,1,0,1,1
context_113492.json,structured,29,29,0,1,1
context_113492.json,root_preamble,1,1,0,1,1
context_113600.json,unstructured_whole,1,1,0,1,1
context_113617.json,structured,5,5,0,1,1
context_113617.json,root_preamble,1,1,0,1,1
context_113741.json,structured,115,115,0,1,1
context_113741.json,root_preamble,1,1,0,1,1
context_113749.json,structured,6,6,0,1,1
context_113749.json,root_preamble,1,1,0,1,1
context_113785.json,structured,29,29,0,1,1
context_113785.json,root_preamble,1,1,0,1,1
context_113788.json,structured,13,13,0,1,1
context_113788.json,root_preamble,1,1,0,1,1
context_113815.json,structured,74,74,0,1,1
context_113815.json,root_preamble,1,1,0,1,1
context_113826.json,structured,22,22,0,1,1
context_113826.json,root_preamble,1,1,0,1,1
context_113944.json,structured,2,2,0,1,1
context_113944.json,root_preamble,1,1,0,1,1
context_113956.json,structured,29,29,0,1,1
context_113956.json,root_preamble,1,1,0,1,1
context_113969.json,structured,33,33,0,1,1
context_113969.json,root_preamble,1,1,0,1,1
context_11397.json,structured,6,6,0,1,1
context_11397.json,root_preamble,1,1,0,1,1
context_113978.json,structured,34,34,0,1,1
context_113978.json,root_preamble,1,1,0,1,1
context_114014.json,structured,16,16,0,1,1
context_114014.json,root_preamble,1,1,0,1,1
context_114048.json,structured,17,17,0,1,1
context_114048.json,root_preamble,1,1,0,1,1
context_114143.json,structured,33,33,0,1,1
context_114143.json,root_preamble,1,1,0,1,1
context_11418.json,structured,41,41,0,1,1
context_11418.json,root_preamble,1,1,0,1,1
context_114181.json,structured,4,4,0,1,1
context_114181.json,root_preamble,1,1,0,1,1
context_114245.json,structured,9,9,0,1,1
context_114245.json,root_preamble,1,1,0,1,1
context_114303.json,structured,16,16,0,1,1
context_114303.json,root_preamble,1,1,0,1,1
context_114316.json,unstructured_whole,1,1,0,1,1
context_114353.json,structured,15,15,0,1,1
context_114353.json,root_preamble,1,1,0,1,1
context_114378.json,structured,17,17,0,1,1
context_114378.json,root_preamble,1,1,0,1,1
context_114390.json,structured,6,6,0,1,1
context_114390.json,root_preamble,1,1,0,1,1
context_114399.json,structured,4,4,0,1,1
context_114399.json,root_preamble,1,1,0,1,1
context_114405.json,structured,21,21,0,1,1
context_114405.json,root_preamble,1,1,0,1,1
context_114415.json,structured,93,93,0,1,1
context_114415.json,root_preamble,1,1,0,1,1
context_114460.json,structured,6,6,0,1,1
context_114460.json,root_preamble,1,1,0,1,1
context_114472.json,structured,11,11,0,1,1
context_114472.json,root_preamble,1,1,0,1,1
context_114478.json,structured,7,7,0,1,1
context_114478.json,root_preamble,1,1,0,1,1
context_114486.json,structured,20,20,0,1,1
context_114486.json,root_preamble,1,1,0,1,1
context_114502.json,structured,28,28,0,1,1
context_114502.json,root_preamble,1,1,0,1,1
context_114529.json,structured,28,28,0,1,1
context_114529.json,root_preamble,1,1,0,1,1
context_114534.json,structured,12,12,0,1,1
context_114534.json,root_preamble,1,1,0,1,1
context_114538.json,structured,4,4,0,1,1
context_114538.json,root_preamble,1,1,0,1,1
context_114594.json,unstructured_whole,1,1,0,1,1
context_114607.json,unstructured_whole,1,1,0,1,1
context_114608.json,structured,83,83,0,1,1
context_114608.json,root_preamble,1,1,0,1,1
context_114669.json,structured,36,36,0,1,1
context_114669.json,root_preamble,1,1,0,1,1
context_11467.json,structured,7,7,0,1,1
context_11467.json,root_preamble,1,1,0,1,1
context_114692.json,structured,9,9,0,1,1
context_114692.json,root_preamble,1,1,0,1,1
context_114740.json,unstructured_whole,1,1,0,1,1
context_114747.json,structured,24,24,0,1,1
context_114747.json,root_preamble,1,1,0,1,1
context_114798.json,structured,21,21,0,1,1
context_114798.json,root_preamble,1,1,0,1,1
context_114817.json,structured,7,7,0,1,1
context_114817.json,root_preamble,1,1,0,1,1
context_114894.json,structured,12,12,0,1,1
context_114894.json,root_preamble,1,1,0,1,1
context_115035.json,structured,20,20,0,1,1
context_115035.json,root_preamble,1,1,0,1,1
context_115107.json,structured,5,5,0,1,1
context_115107.json,root_preamble,1,1,0,1,1
context_115126.json,structured,42,42,0,1,1
context_115126.json,root_preamble,1,1,0,1,1
context_115130.json,structured,30,30,0,1,1
context_115130.json,root_preamble,1,1,0,1,1
context_115132.json,structured,5,5,0,1,1
context_115132.json,root_preamble,1,1,0,1,1
context_115142.json,structured,24,24,0,1,1
context_115142.json,root_preamble,1,1,0,1,1
context_115152.json,structured,47,47,0,1,1
context_115152.json,root_preamble,1,1,0,1,1
context_11517.json,structured,20,20,0,1,1
context_11517.json,root_preamble,1,1,0,1,1
context_115179.json,structured,7,7,0,1,1
context_115179.json,root_preamble,1,1,0,1,1
context_1152.json,structured,4,4,0,1,1
context_1152.json,root_preamble,1,1,0,1,1
context_115236.json,structured,7,7,0,1,1
context_115236.json,root_preamble,1,1,0,1,1
context_115247.json,unstructured_whole,1,1,0,1,1
context_115259.json,structured,38,38,0,1,1
context_115259.json,root_preamble,1,1,0,1,1
context_115284.json,structured,15,15,0,1,1
context_115284.json,root_preamble,1,1,0,1,1
context_115374.json,structured,6,6,0,1,1
context_115374.json,root_preamble,1,1,0,1,1
context_115380.json,structured,45,45,0,1,1
context_115380.json,root_preamble,1,1,0,1,1
context_115424.json,structured,43,43,0,1,1
context_115424.json,root_preamble,1,1,0,1,1
context_115432.json,structured,16,16,0,1,1
context_115432.json,root_preamble,1,1,0,1,1
context_115447.json,unstructured_whole,1,1,0,1,1
context_115481.json,structured,20,20,0,1,1
context_115481.json,root_preamble,1,1,0,1,1
context_115523.json,structured,34,34,0,1,1
context_115523.json,root_preamble,1,1,0,1,1
context_115611.json,structured,13,13,0,1,1
context_115611.json,root_preamble,1,1,0,1,1
context_115627.json,structured,6,6,0,1,1
context_115627.json,root_preamble,1,1,0,1,1
context_11563.json,structured,7,7,0,1,1
context_11563.json,root_preamble,1,1,0,1,1
context_115631.json,structured,6,6,0,1,1
context_115631.json,root_preamble,1,1,0,1,1
context_115640.json,structured,40,40,0,1,1
context_115640.json,root_preamble,1,1,0,1,1
context_115653.json,structured,7,7,0,1,1
context_115653.json,root_preamble,1,1,0,1,1
context_115758.json,structured,96,96,0,1,1
context_115758.json,root_preamble,1,1,0,1,1
context_115832.json,structured,23,23,0,1,1
context_115832.json,root_preamble,1,1,0,1,1
context_115868.json,structured,48,48,0,1,1
context_115868.json,root_preamble,1,1,0,1,1
context_115950.json,structured,37,37,0,1,1
context_115950.json,root_preamble,1,1,0,1,1
context_115962.json,structured,133,133,0,1,1
context_115962.json,root_preamble,1,1,0,1,1
context_115969.json,unstructured_whole,1,1,0,1,1
context_11601.json,structured,18,18,0,1,1
context_11601.json,root_preamble,1,1,0,1,1
context_116032.json,structured,4,4,0,1,1
context_116032.json,root_preamble,1,1,0,1,1
context_116035.json,structured,26,26,0,1,1
context_116035.json,root_preamble,1,1,0,1,1
context_116111.json,structured,10,10,0,1,1
context_116111.json,root_preamble,1,1,0,1,1
context_116193.json,structured,16,16,0,1,1
context_116193.json,root_preamble,1,1,0,1,1
context_116269.json,structured,20,20,0,1,1
context_116269.json,root_preamble,1,1,0,1,1
context_116317.json,structured,38,38,0,1,1
context_116317.json,root_preamble,1,1,0,1,1
context_116363.json,structured,17,17,0,1,1
context_116363.json,root_preamble,1,1,0,1,1
context_116389.json,structured,4,4,0,1,1
context_116389.json,root_preamble,1,1,0,1,1
context_116407.json,structured,1,1,0,1,1
context_116407.json,root_preamble,1,1,0,1,1
context_11647.json,structured,5,5,0,1,1
context_11647.json,root_preamble,1,1,0,1,1
context_116518.json,structured,19,19,0,1,1
context_116518.json,root_preamble,1,1,0,1,1
context_116552.json,structured,13,13,0,1,1
context_116552.json,root_preamble,1,1,0,1,1
context_116568.json,structured,3,3,0,1,1
context_116568.json,root_preamble,1,1,0,1,1
context_116595.json,structured,25,25,0,1,1
context_116595.json,root_preamble,1,1,0,1,1
context_11663.json,structured,35,35,0,1,1
context_11663.json,root_preamble,1,1,0,1,1
context_116632.json,structured,15,15,0,1,1
context_116632.json,root_preamble,1,1,0,1,1
context_11665.json,structured,8,8,0,1,1
context_11665.json,root_preamble,1,1,0,1,1
context_116755.json,structured,6,6,0,1,1
context_116755.json,root_preamble,1,1,0,1,1
context_11677.json,structured,17,17,0,1,1
context_11677.json,root_preamble,1,1,0,1,1
context_116851.json,structured,27,27,0,1,1
context_116851.json,root_preamble,1,1,0,1,1
context_116971.json,structured,14,14,0,1,1
context_116971.json,root_preamble,1,1,0,1,1
context_117001.json,structured,42,42,0,1,1
context_117001.json,root_preamble,1,1,0,1,1
context_117026.json,structured,26,26,0,1,1
context_117026.json,root_preamble,1,1,0,1,1
context_117049.json,structured,4,4,0,1,1
context_117049.json,root_preamble,1,1,0,1,1
context_117062.json,structured,10,10,0,1,1
context_117062.json,root_preamble,1,1,0,1,1
context_117074.json,structured,10,10,0,1,1
context_117074.json,root_preamble,1,1,0,1,1
context_11713.json,structured,34,34,0,1,1
context_11713.json,root_preamble,1,1,0,1,1
context_117152.json,structured,9,9,0,1,1
context_117152.json,root_preamble,1,1,0,1,1
context_117172.json,structured,96,96,0,1,1
context_117172.json,root_preamble,1,1,0,1,1
context_117189.json,structured,2,2,0,1,1
context_117189.json,root_preamble,1,1,0,1,1
context_117190.json,structured,35,35,0,1,1
context_117190.json,root_preamble,1,1,0,1,1
context_117197.json,structured,29,29,0,1,1
context_117197.json,root_preamble,1,1,0,1,1
context_117232.json,structured,28,28,0,1,1
context_117232.json,root_preamble,1,1,0,1,1
context_117272.json,structured,19,19,0,1,1
context_117272.json,root_preamble,1,1,0,1,1
context_117301.json,unstructured_whole,1,1,0,1,1
context_117449.json,structured,17,17,0,1,1
context_117449.json,root_preamble,1,1,0,1,1
context_117453.json,structured,5,5,0,1,1
context_117453.json,root_preamble,1,1,0,1,1
context_117460.json,structured,43,43,0,1,1
context_117460.json,root_preamble,1,1,0,1,1
context_117484.json,unstructured_whole,1,1,0,1,1
context_117497.json,structured,4,4,0,1,1
context_117497.json,root_preamble,1,1,0,1,1
context_11754.json,structured,18,18,0,1,1
context_11754.json,root_preamble,1,1,0,1,1
context_117541.json,structured,112,112,0,1,1
context_117541.json,root_preamble,1,1,0,1,1
context_117559.json,structured,8,8,0,1,1
context_117559.json,root_preamble,1,1,0,1,1
context_117586.json,unstructured_whole,1,1,0,1,1
context_117673.json,structured,13,13,0,1,1
context_117673.json,root_preamble,1,1,0,1,1
context_117725.json,structured,15,15,0,1,1
context_117725.json,root_preamble,1,1,0,1,1
context_11774.json,structured,2,2,0,1,1
context_11774.json,root_preamble,1,1,0,1,1
context_117746.json,structured,5,5,0,1,1
context_117746.json,root_preamble,1,1,0,1,1
context_1178.json,structured,20,20,0,1,1
context_1178.json,root_preamble,1,1,0,1,1
context_11790.json,structured,38,38,0,1,1
context_11790.json,root_preamble,1,1,0,1,1
context_117906.json,structured,3,3,0,1,1
context_117906.json,root_preamble,1,1,0,1,1
context_117908.json,structured,21,21,0,1,1
context_117908.json,root_preamble,1,1,0,1,1
context_117934.json,structured,11,11,0,1,1
context_117934.json,root_preamble,1,1,0,1,1
context_117994.json,structured,63,63,0,1,1
context_117994.json,root_preamble,1,1,0,1,1
context_118080.json,structured,28,28,0,1,1
context_118080.json,root_preamble,1,1,0,1,1
context_118099.json,structured,7,7,0,1,1
context_118099.json,root_preamble,1,1,0,1,1
context_118120.json,structured,21,21,0,1,1
context_118120.json,root_preamble,1,1,0,1,1
context_118171.json,structured,19,19,0,1,1
context_118171.json,root_preamble,1,1,0,1,1
context_118300.json,structured,45,45,0,1,1
context_118300.json,root_preamble,1,1,0,1,1
context_118348.json,structured,16,16,0,1,1
context_118348.json,root_preamble,1,1,0,1,1
context_118434.json,structured,20,20,0,1,1
context_118434.json,root_preamble,1,1,0,1,1
context_118465.json,structured,27,27,0,1,1
context_118465.json,root_preamble,1,1,0,1,1
context_118466.json,structured,14,14,0,1,1
context_118466.json,root_preamble,1,1,0,1,1
context_118480.json,structured,83,83,0,1,1
context_118480.json,root_preamble,1,1,0,1,1
context_118485.json,structured,22,22,0,1,1
context_118485.json,root_preamble,1,1,0,1,1
context_118505.json,structured,124,124,0,1,1
context_118505.json,root_preamble,1,1,0,1,1
context_118524.json,structured,47,47,0,1,1
context_118524.json,root_preamble,1,1,0,1,1
context_118550.json,structured,3,3,0,1,1
context_118550.json,root_preamble,1,1,0,1,1
context_118579.json,structured,7,7,0,1,1
context_118579.json,root_preamble,1,1,0,1,1
context_118617.json,structured,1,1,0,1,1
context_118617.json,root_preamble,1,1,0,1,1
context_118625.json,structured,15,15,0,1,1
context_118625.json,root_preamble,1,1,0,1,1
context_11864.json,structured,1,1,0,1,1
context_11864.json,root_preamble,1,1,0,1,1
context_118685.json,structured,12,12,0,1,1
context_118685.json,root_preamble,1,1,0,1,1
context_118697.json,structured,6,6,0,1,1
context_118697.json,root_preamble,1,1,0,1,1
context_118704.json,structured,2,2,0,1,1
context_118704.json,root_preamble,1,1,0,1,1
context_118765.json,structured,2,2,0,1,1
context_118765.json,root_preamble,1,1,0,1,1
context_118788.json,structured,33,33,0,1,1
context_118788.json,root_preamble,1,1,0,1,1
context_118798.json,structured,10,10,0,1,1
context_118798.json,root_preamble,1,1,0,1,1
context_118802.json,structured,19,19,0,1,1
context_118802.json,root_preamble,1,1,0,1,1
context_118827.json,structured,22,22,0,1,1
context_118827.json,root_preamble,1,1,0,1,1
context_118868.json,structured,2,2,0,1,1
context_118868.json,root_preamble,1,1,0,1,1
context_118921.json,structured,2,2,0,1,1
context_118921.json,root_preamble,1,1,0,1,1
context_118957.json,structured,6,6,0,1,1
context_118957.json,root_preamble,1,1,0,1,1
context_118975.json,structured,4,4,0,1,1
context_118975.json,root_preamble,1,1,0,1,1
context_11898.json,structured,35,35,0,1,1
context_11898.json,root_preamble,1,1,0,1,1
context_118993.json,structured,14,14,0,1,1
context_118993.json,root_preamble,1,1,0,1,1
context_119.json,structured,3,3,0,1,1
context_119.json,root_preamble,1,1,0,1,1
context_1190.json,structured,22,22,0,1,1
context_1190.json,root_preamble,1,1,0,1,1
context_119002.json,structured,10,10,0,1,1
context_119002.json,root_preamble,1,1,0,1,1
context_119090.json,unstructured_whole,1,1,0,1,1
context_119179.json,structured,6,6,0,1,1
context_119179.json,root_preamble,1,1,0,1,1
context_119186.json,structured,3,3,0,1,1
context_119186.json,root_preamble,1,1,0,1,1
context_119204.json,structured,5,5,0,1,1
context_119204.json,root_preamble,1,1,0,1,1
context_119259.json,structured,22,22,0,1,1
context_119259.json,root_preamble,1,1,0,1,1
context_119286.json,structured,21,21,0,1,1
context_119286.json,root_preamble,1,1,0,1,1
context_119297.json,structured,31,31,0,1,1
context_119297.json,root_preamble,1,1,0,1,1
context_11940.json,structured,61,61,0,1,1
context_11940.json,root_preamble,1,1,0,1,1
context_119442.json,structured,35,35,0,1,1
context_119442.json,root_preamble,1,1,0,1,1
context_119471.json,structured,40,40,0,1,1
context_119471.json,root_preamble,1,1,0,1,1
context_119613.json,structured,27,27,0,1,1
context_119613.json,root_preamble,1,1,0,1,1
context_119694.json,structured,11,11,0,1,1
context_119694.json,root_preamble,1,1,0,1,1
context_11970.json,structured,11,11,0,1,1
context_11970.json,root_preamble,1,1,0,1,1
context_119715.json,structured,36,36,0,1,1
context_119715.json,root_preamble,1,1,0,1,1
context_119719.json,structured,6,6,0,1,1
context_119719.json,root_preamble,1,1,0,1,1
context_119769.json,structured,7,7,0,1,1
context_119769.json,root_preamble,1,1,0,1,1
context_119791.json,structured,3,3,0,1,1
context_119791.json,root_preamble,1,1,0,1,1
context_119884.json,structured,31,31,0,1,1
context_119884.json,root_preamble,1,1,0,1,1
context_119891.json,unstructured_whole,1,1,0,1,1
context_119915.json,structured,11,11,0,1,1
context_119915.json,root_preamble,1,1,0,1,1
context_119950.json,structured,6,6,0,1,1
context_119950.json,root_preamble,1,1,0,1,1
context_119954.json,structured,6,6,0,1,1
context_119954.json,root_preamble,1,1,0,1,1
context_119968.json,structured,18,18,0,1,1
context_119968.json,root_preamble,1,1,0,1,1
context_120070.json,structured,5,5,0,1,1
context_120070.json,root_preamble,1,1,0,1,1
context_120110.json,structured,8,8,0,1,1
context_120110.json,root_preamble,1,1,0,1,1
context_120141.json,structured,4,4,0,1,1
context_120141.json,root_preamble,1,1,0,1,1
context_12015.json,structured,2,2,0,1,1
context_12015.json,root_preamble,1,1,0,1,1
context_120173.json,structured,15,15,0,1,1
context_120173.json,root_preamble,1,1,0,1,1
context_120244.json,structured,68,68,0,1,1
context_120244.json,root_preamble,1,1,0,1,1
context_120283.json,structured,6,6,0,1,1
context_120283.json,root_preamble,1,1,0,1,1
context_120294.json,structured,15,15,0,1,1
context_120294.json,root_preamble,1,1,0,1,1
context_120297.json,structured,23,23,0,1,1
context_120297.json,root_preamble,1,1,0,1,1
context_120333.json,structured,15,15,0,1,1
context_120333.json,root_preamble,1,1,0,1,1
context_120415.json,structured,34,34,0,1,1
context_120415.json,root_preamble,1,1,0,1,1
context_120448.json,structured,34,34,0,1,1
context_120448.json,root_preamble,1,1,0,1,1
context_120479.json,structured,8,8,0,1,1
context_120479.json,root_preamble,1,1,0,1,1
context_120500.json,structured,16,16,0,1,1
context_120500.json,root_preamble,1,1,0,1,1
context_120600.json,structured,29,29,0,1,1
context_120600.json,root_preamble,1,1,0,1,1
context_120609.json,unstructured_whole,1,1,0,1,1
context_120637.json,structured,12,12,0,1,1
context_120637.json,root_preamble,1,1,0,1,1
context_120709.json,structured,8,8,0,1,1
context_120709.json,root_preamble,1,1,0,1,1
context_120756.json,structured,10,10,0,1,1
context_120756.json,root_preamble,1,1,0,1,1
context_120889.json,structured,16,16,0,1,1
context_120889.json,root_preamble,1,1,0,1,1
context_120931.json,structured,31,31,0,1,1
context_120931.json,root_preamble,1,1,0,1,1
context_120950.json,structured,48,48,0,1,1
context_120950.json,root_preamble,1,1,0,1,1
context_120975.json,unstructured_whole,1,1,0,1,1
context_121000.json,unstructured_whole,1,1,0,1,1
context_121006.json,structured,12,12,0,1,1
context_121006.json,root_preamble,1,1,0,1,1
context_12104.json,structured,48,48,0,1,1
context_12104.json,root_preamble,1,1,0,1,1
context_12108.json,structured,5,5,0,1,1
context_12108.json,root_preamble,1,1,0,1,1
context_121120.json,structured,22,22,0,1,1
context_121120.json,root_preamble,1,1,0,1,1
context_121174.json,unstructured_whole,1,1,0,1,1
context_121215.json,structured,3,3,0,1,1
context_121215.json,root_preamble,1,1,0,1,1
context_121263.json,structured,15,15,0,1,1
context_121263.json,root_preamble,1,1,0,1,1
context_121308.json,structured,16,16,0,1,1
context_121308.json,root_preamble,1,1,0,1,1
context_121367.json,structured,24,24,0,1,1
context_121367.json,root_preamble,1,1,0,1,1
context_121402.json,structured,15,15,0,1,1
context_121402.json,root_preamble,1,1,0,1,1
context_121423.json,structured,6,6,0,1,1
context_121423.json,root_preamble,1,1,0,1,1
context_121429.json,structured,22,22,0,1,1
context_121429.json,root_preamble,1,1,0,1,1
context_121438.json,structured,3,3,0,1,1
context_121438.json,root_preamble,1,1,0,1,1
context_121489.json,structured,22,22,0,1,1
context_121489.json,root_preamble,1,1,0,1,1
context_121575.json,structured,83,83,0,1,1
context_121575.json,root_preamble,1,1,0,1,1
context_121588.json,structured,35,35,0,1,1
context_121588.json,root_preamble,1,1,0,1,1
context_121603.json,structured,115,115,0,1,1
context_121603.json,root_preamble,1,1,0,1,1
context_121621.json,structured,5,5,0,1,1
context_121621.json,root_preamble,1,1,0,1,1
context_12165.json,structured,5,5,0,1,1
context_12165.json,root_preamble,1,1,0,1,1
context_121736.json,structured,32,32,0,1,1
context_121736.json,root_preamble,1,1,0,1,1
context_121740.json,structured,52,52,0,1,1
context_121740.json,root_preamble,1,1,0,1,1
context_121757.json,structured,21,21,0,1,1
context_121757.json,root_preamble,1,1,0,1,1
context_121762.json,structured,4,4,0,1,1
context_121762.json,root_preamble,1,1,0,1,1
context_12180.json,structured,13,13,0,1,1
context_12180.json,root_preamble,1,1,0,1,1
context_121850.json,structured,4,4,0,1,1
context_121850.json,root_preamble,1,1,0,1,1
context_121889.json,structured,42,42,0,1,1
context_121889.json,root_preamble,1,1,0,1,1
context_121997.json,structured,50,50,0,1,1
context_121997.json,root_preamble,1,1,0,1,1
context_122021.json,structured,3,3,0,1,1
context_122021.json,root_preamble,1,1,0,1,1
context_122028.json,structured,7,7,0,1,1
context_122028.json,root_preamble,1,1,0,1,1
context_122042.json,structured,22,22,0,1,1
context_122042.json,root_preamble,1,1,0,1,1
context_122134.json,structured,57,57,0,1,1
context_122134.json,root_preamble,1,1,0,1,1
context_122148.json,structured,29,29,0,1,1
context_122148.json,root_preamble,1,1,0,1,1
context_122156.json,structured,41,41,0,1,1
context_122156.json,root_preamble,1,1,0,1,1
context_122159.json,structured,62,62,0,1,1
context_122159.json,root_preamble,1,1,0,1,1
context_122169.json,structured,3,3,0,1,1
context_122169.json,root_preamble,1,1,0,1,1
context_122173.json,structured,22,22,0,1,1
context_122173.json,root_preamble,1,1,0,1,1
context_122192.json,structured,6,6,0,1,1
context_122192.json,root_preamble,1,1,0,1,1
context_122223.json,structured,18,18,0,1,1
context_122223.json,root_preamble,1,1,0,1,1
context_122271.json,structured,9,9,0,1,1
context_122271.json,root_preamble,1,1,0,1,1
context_122310.json,structured,25,25,0,1,1
context_122310.json,root_preamble,1,1,0,1,1
context_122329.json,structured,7,7,0,1,1
context_122329.json,root_preamble,1,1,0,1,1
context_122336.json,structured,16,16,0,1,1
context_122336.json,root_preamble,1,1,0,1,1
context_12239.json,structured,8,8,0,1,1
context_12239.json,root_preamble,1,1,0,1,1
context_12240.json,structured,4,4,0,1,1
context_12240.json,root_preamble,1,1,0,1,1
context_122428.json,structured,6,6,0,1,1
context_122428.json,root_preamble,1,1,0,1,1
context_12243.json,structured,16,16,0,1,1
context_12243.json,root_preamble,1,1,0,1,1
context_12244.json,structured,3,3,0,1,1
context_12244.json,root_preamble,1,1,0,1,1
context_122458.json,structured,29,29,0,1,1
context_122458.json,root_preamble,1,1,0,1,1
context_122490.json,structured,8,8,0,1,1
context_122490.json,root_preamble,1,1,0,1,1
context_122503.json,structured,7,7,0,1,1
context_122503.json,root_preamble,1,1,0,1,1
context_122542.json,structured,9,9,0,1,1
context_122542.json,root_preamble,1,1,0,1,1
context_122558.json,structured,10,10,0,1,1
context_122558.json,root_preamble,1,1,0,1,1
context_122574.json,structured,32,32,0,1,1
context_122574.json,root_preamble,1,1,0,1,1
context_122601.json,structured,88,88,0,1,1
context_122601.json,root_preamble,1,1,0,1,1
context_122673.json,structured,1,1,0,1,1
context_122673.json,root_preamble,1,1,0,1,1
context_122678.json,structured,4,4,0,1,1
context_122678.json,root_preamble,1,1,0,1,1
context_122717.json,structured,4,4,0,1,1
context_122717.json,root_preamble,1,1,0,1,1
context_122756.json,structured,5,5,0,1,1
context_122756.json,root_preamble,1,1,0,1,1
context_122813.json,structured,24,24,0,1,1
context_122813.json,root_preamble,1,1,0,1,1
context_122862.json,structured,34,34,0,1,1
context_122862.json,root_preamble,1,1,0,1,1
context_122924.json,structured,20,20,0,1,1
context_122924.json,root_preamble,1,1,0,1,1
context_122934.json,structured,23,23,0,1,1
context_122934.json,root_preamble,1,1,0,1,1
context_122936.json,structured,6,6,0,1,1
context_122936.json,root_preamble,1,1,0,1,1
context_122939.json,structured,42,42,0,1,1
context_122939.json,root_preamble,1,1,0,1,1
context_122984.json,structured,34,34,0,1,1
context_122984.json,root_preamble,1,1,0,1,1
context_122987.json,structured,4,4,0,1,1
context_122987.json,root_preamble,1,1,0,1,1
context_122991.json,structured,3,3,0,1,1
context_122991.json,root_preamble,1,1,0,1,1
context_123000.json,structured,22,22,0,1,1
context_123000.json,root_preamble,1,1,0,1,1
context_123072.json,structured,2,2,0,1,1
context_123072.json,root_preamble,1,1,0,1,1
context_123090.json,structured,7,7,0,1,1
context_123090.json,root_preamble,1,1,0,1,1
context_123093.json,structured,14,14,0,1,1
context_123093.json,root_preamble,1,1,0,1,1
context_123133.json,unstructured_whole,1,1,0,1,1
context_12319.json,structured,152,152,0,1,1
context_12319.json,root_preamble,1,1,0,1,1
context_123210.json,structured,16,16,0,1,1
context_123210.json,root_preamble,1,1,0,1,1
context_123211.json,structured,22,22,0,1,1
context_123211.json,root_preamble,1,1,0,1,1
context_123271.json,structured,87,87,0,1,1
context_123271.json,root_preamble,1,1,0,1,1
context_123331.json,structured,18,18,0,1,1
context_123331.json,root_preamble,1,1,0,1,1
context_123392.json,structured,16,16,0,1,1
context_123392.json,root_preamble,1,1,0,1,1
context_123403.json,structured,22,22,0,1,1
context_123403.json,root_preamble,1,1,0,1,1
context_123409.json,structured,54,54,0,1,1
context_123409.json,root_preamble,1,1,0,1,1
context_123420.json,structured,3,3,0,1,1
context_123420.json,root_preamble,1,1,0,1,1
context_12343.json,structured,52,52,0,1,1
context_12343.json,root_preamble,1,1,0,1,1
context_123434.json,structured,32,32,0,1,1
context_123434.json,root_preamble,1,1,0,1,1
context_123435.json,structured,8,8,0,1,1
context_123435.json,root_preamble,1,1,0,1,1
context_123446.json,structured,20,20,0,1,1
context_123446.json,root_preamble,1,1,0,1,1
context_123452.json,structured,7,7,0,1,1
context_123452.json,root_preamble,1,1,0,1,1
context_123506.json,structured,2,2,0,1,1
context_123506.json,root_preamble,1,1,0,1,1
context_123538.json,structured,88,88,0,1,1
context_123538.json,root_preamble,1,1,0,1,1
context_123541.json,structured,33,33,0,1,1
context_123541.json,root_preamble,1,1,0,1,1
context_123600.json,structured,5,5,0,1,1
context_123600.json,root_preamble,1,1,0,1,1
context_123602.json,structured,23,23,0,1,1
context_123602.json,root_preamble,1,1,0,1,1
context_123607.json,structured,47,47,0,1,1
context_123607.json,root_preamble,1,1,0,1,1
context_123609.json,structured,31,31,0,1,1
context_123609.json,root_preamble,1,1,0,1,1
context_123673.json,structured,15,15,0,1,1
context_123673.json,root_preamble,1,1,0,1,1
context_123694.json,structured,7,7,0,1,1
context_123694.json,root_preamble,1,1,0,1,1
context_123738.json,structured,17,17,0,1,1
context_123738.json,root_preamble,1,1,0,1,1
context_123777.json,structured,29,29,0,1,1
context_123777.json,root_preamble,1,1,0,1,1
context_123797.json,structured,14,14,0,1,1
context_123797.json,root_preamble,1,1,0,1,1
context_123803.json,structured,28,28,0,1,1
context_123803.json,root_preamble,1,1,0,1,1
context_123815.json,structured,12,12,0,1,1
context_123815.json,root_preamble,1,1,0,1,1
context_123816.json,structured,14,14,0,1,1
context_123816.json,root_preamble,1,1,0,1,1
context_12382.json,structured,5,5,0,1,1
context_12382.json,root_preamble,1,1,0,1,1
context_123876.json,structured,12,12,0,1,1
context_123876.json,root_preamble,1,1,0,1,1
context_123877.json,structured,19,19,0,1,1
context_123877.json,root_preamble,1,1,0,1,1
context_123888.json,structured,15,15,0,1,1
context_123888.json,root_preamble,1,1,0,1,1
context_123944.json,structured,3,3,0,1,1
context_123944.json,root_preamble,1,1,0,1,1
context_124005.json,structured,39,39,0,1,1
context_124005.json,root_preamble,1,1,0,1,1
context_124053.json,structured,7,7,0,1,1
context_124053.json,root_preamble,1,1,0,1,1
context_124057.json,structured,19,19,0,1,1
context_124057.json,root_preamble,1,1,0,1,1
context_124081.json,unstructured_whole,1,1,0,1,1
context_124092.json,structured,13,13,0,1,1
context_124092.json,root_preamble,1,1,0,1,1
context_124109.json,structured,7,7,0,1,1
context_124109.json,root_preamble,1,1,0,1,1
context_124110.json,structured,26,26,0,1,1
context_124110.json,root_preamble,1,1,0,1,1
context_124187.json,structured,4,4,0,1,1
context_124187.json,root_preamble,1,1,0,1,1
context_124216.json,structured,5,5,0,1,1
context_124216.json,root_preamble,1,1,0,1,1
context_124224.json,unstructured_whole,1,1,0,1,1
context_124280.json,structured,4,4,0,1,1
context_124280.json,root_preamble,1,1,0,1,1
context_124296.json,structured,11,11,0,1,1
context_124296.json,root_preamble,1,1,0,1,1
context_12434.json,structured,17,17,0,1,1
context_12434.json,root_preamble,1,1,0,1,1
context_124384.json,structured,32,32,0,1,1
context_124384.json,root_preamble,1,1,0,1,1
context_124450.json,structured,18,18,0,1,1
context_124450.json,root_preamble,1,1,0,1,1
context_124454.json,structured,13,13,0,1,1
context_124454.json,root_preamble,1,1,0,1,1
context_124457.json,structured,19,19,0,1,1
context_124457.json,root_preamble,1,1,0,1,1
context_124487.json,unstructured_whole,1,1,0,1,1
context_12449.json,structured,3,3,0,1,1
context_12449.json,root_preamble,1,1,0,1,1
context_12456.json,structured,3,3,0,1,1
context_12456.json,root_preamble,1,1,0,1,1
context_124572.json,structured,20,20,0,1,1
context_124572.json,root_preamble,1,1,0,1,1
context_124581.json,structured,33,33,0,1,1
context_124581.json,root_preamble,1,1,0,1,1
context_124873.json,unstructured_whole,1,1,0,1,1
context_12491.json,structured,26,26,0,1,1
context_12491.json,root_preamble,1,1,0,1,1
context_12492.json,structured,18,18,0,1,1
context_12492.json,root_preamble,1,1,0,1,1
context_124932.json,unstructured_whole,1,1,0,1,1
context_125008.json,structured,55,55,0,1,1
context_125008.json,root_preamble,1,1,0,1,1
context_12504.json,structured,30,30,0,1,1
context_12504.json,root_preamble,1,1,0,1,1
context_125049.json,structured,7,7,0,1,1
context_125049.json,root_preamble,1,1,0,1,1
context_125128.json,structured,31,31,0,1,1
context_125128.json,root_preamble,1,1,0,1,1
context_125183.json,structured,5,5,0,1,1
context_125183.json,root_preamble,1,1,0,1,1
context_125212.json,structured,41,41,0,1,1
context_125212.json,root_preamble,1,1,0,1,1
context_125228.json,structured,24,24,0,1,1
context_125228.json,root_preamble,1,1,0,1,1
context_125243.json,structured,74,74,0,1,1
context_125243.json,root_preamble,1,1,0,1,1
context_125251.json,structured,48,48,0,1,1
context_125251.json,root_preamble,1,1,0,1,1
context_125402.json,structured,3,3,0,1,1
context_125402.json,root_preamble,1,1,0,1,1
context_125424.json,structured,37,37,0,1,1
context_125424.json,root_preamble,1,1,0,1,1
context_12546.json,structured,5,5,0,1,1
context_12546.json,root_preamble,1,1,0,1,1
context_125462.json,structured,2,2,0,1,1
context_125462.json,root_preamble,1,1,0,1,1
context_125496.json,structured,28,28,0,1,1
context_125496.json,root_preamble,1,1,0,1,1
context_125504.json,structured,2,2,0,1,1
context_125504.json,root_preamble,1,1,0,1,1
context_125585.json,structured,58,58,0,1,1
context_125585.json,root_preamble,1,1,0,1,1
context_125611.json,unstructured_whole,1,1,0,1,1
context_125635.json,structured,1,1,0,1,1
context_125635.json,root_preamble,1,1,0,1,1
context_125662.json,structured,24,24,0,1,1
context_125662.json,root_preamble,1,1,0,1,1
context_125786.json,structured,36,36,0,1,1
context_125786.json,root_preamble,1,1,0,1,1
context_125793.json,structured,91,91,0,1,1
context_125793.json,root_preamble,1,1,0,1,1
context_125833.json,structured,45,45,0,1,1
context_125833.json,root_preamble,1,1,0,1,1
context_125915.json,structured,64,64,0,1,1
context_125915.json,root_preamble,1,1,0,1,1
context_125935.json,structured,8,8,0,1,1
context_125935.json,root_preamble,1,1,0,1,1
context_125979.json,structured,8,8,0,1,1
context_125979.json,root_preamble,1,1,0,1,1
context_126048.json,structured,9,9,0,1,1
context_126048.json,root_preamble,1,1,0,1,1
context_126122.json,structured,17,17,0,1,1
context_126122.json,root_preamble,1,1,0,1,1
context_126149.json,structured,3,3,0,1,1
context_126149.json,root_preamble,1,1,0,1,1
context_126191.json,structured,5,5,0,1,1
context_126191.json,root_preamble,1,1,0,1,1
context_126202.json,structured,48,48,0,1,1
context_126202.json,root_preamble,1,1,0,1,1
context_126310.json,structured,22,22,0,1,1
context_126310.json,root_preamble,1,1,0,1,1
context_126324.json,structured,25,25,0,1,1
context_126324.json,root_preamble,1,1,0,1,1
context_126421.json,structured,27,27,0,1,1
context_126421.json,root_preamble,1,1,0,1,1
context_126445.json,structured,7,7,0,1,1
context_126445.json,root_preamble,1,1,0,1,1
context_126454.json,structured,6,6,0,1,1
context_126454.json,root_preamble,1,1,0,1,1
context_126466.json,structured,10,10,0,1,1
context_126466.json,root_preamble,1,1,0,1,1
context_126478.json,structured,6,6,0,1,1
context_126478.json,root_preamble,1,1,0,1,1
context_126484.json,structured,5,5,0,1,1
context_126484.json,root_preamble,1,1,0,1,1
context_12650.json,structured,26,26,0,1,1
context_12650.json,root_preamble,1,1,0,1,1
context_126517.json,structured,11,11,0,1,1
context_126517.json,root_preamble,1,1,0,1,1
context_126546.json,structured,15,15,0,1,1
context_126546.json,root_preamble,1,1,0,1,1
context_126556.json,structured,2,2,0,1,1
context_126556.json,root_preamble,1,1,0,1,1
context_126564.json,structured,31,31,0,1,1
context_126564.json,root_preamble,1,1,0,1,1
context_126603.json,structured,1,1,0,1,1
context_126603.json,root_preamble,1,1,0,1,1
context_126689.json,structured,22,22,0,1,1
context_126689.json,root_preamble,1,1,0,1,1
context_126719.json,structured,4,4,0,1,1
context_126719.json,root_preamble,1,1,0,1,1
context_126776.json,structured,5,5,0,1,1
context_126776.json,root_preamble,1,1,0,1,1
context_126811.json,structured,14,14,0,1,1
context_126811.json,root_preamble,1,1,0,1,1
context_126826.json,structured,41,41,0,1,1
context_126826.json,root_preamble,1,1,0,1,1
context_126831.json,structured,39,39,0,1,1
context_126831.json,root_preamble,1,1,0,1,1
context_126836.json,structured,50,50,0,1,1
context_126836.json,root_preamble,1,1,0,1,1
context_126934.json,structured,15,15,0,1,1
context_126934.json,root_preamble,1,1,0,1,1
context_126956.json,structured,1,1,0,1,1
context_126956.json,root_preamble,1,1,0,1,1
context_126980.json,structured,19,19,0,1,1
context_126980.json,root_preamble,1,1,0,1,1
context_127009.json,structured,29,29,0,1,1
context_127009.json,root_preamble,1,1,0,1,1
context_127011.json,structured,32,32,0,1,1
context_127011.json,root_preamble,1,1,0,1,1
context_127026.json,structured,83,83,0,1,1
context_127026.json,root_preamble,1,1,0,1,1
context_12703.json,structured,41,41,0,1,1
context_12703.json,root_preamble,1,1,0,1,1
context_127057.json,structured,18,18,0,1,1
context_127057.json,root_preamble,1,1,0,1,1
context_127073.json,structured,83,83,0,1,1
context_127073.json,root_preamble,1,1,0,1,1
context_127083.json,structured,3,3,0,1,1
context_127083.json,root_preamble,1,1,0,1,1
context_12716.json,structured,27,27,0,1,1
context_12716.json,root_preamble,1,1,0,1,1
context_127165.json,structured,3,3,0,1,1
context_127165.json,root_preamble,1,1,0,1,1
context_127187.json,structured,29,29,0,1,1
context_127187.json,root_preamble,1,1,0,1,1
context_127206.json,structured,30,30,0,1,1
context_127206.json,root_preamble,1,1,0,1,1
context_127219.json,structured,23,23,0,1,1
context_127219.json,root_preamble,1,1,0,1,1
context_12723.json,structured,24,24,0,1,1
context_12723.json,root_preamble,1,1,0,1,1
context_127273.json,structured,16,16,0,1,1
context_127273.json,root_preamble,1,1,0,1,1
context_127335.json,structured,22,22,0,1,1
context_127335.json,root_preamble,1,1,0,1,1
context_127357.json,structured,5,5,0,1,1
context_127357.json,root_preamble,1,1,0,1,1
context_127383.json,structured,18,18,0,1,1
context_127383.json,root_preamble,1,1,0,1,1
context_127387.json,unstructured_whole,1,1,0,1,1
context_127445.json,structured,24,24,0,1,1
context_127445.json,root_preamble,1,1,0,1,1
context_127520.json,structured,7,7,0,1,1
context_127520.json,root_preamble,1,1,0,1,1
context_127566.json,structured,55,55,0,1,1
context_127566.json,root_preamble,1,1,0,1,1
context_127734.json,structured,13,13,0,1,1
context_127734.json,root_preamble,1,1,0,1,1
context_127808.json,structured,65,65,0,1,1
context_127808.json,root_preamble,1,1,0,1,1
context_12781.json,structured,8,8,0,1,1
context_12781.json,root_preamble,1,1,0,1,1
context_127858.json,structured,11,11,0,1,1
context_127858.json,root_preamble,1,1,0,1,1
context_127927.json,structured,35,35,0,1,1
context_127927.json,root_preamble,1,1,0,1,1
context_128021.json,structured,6,6,0,1,1
context_128021.json,root_preamble,1,1,0,1,1
context_128051.json,structured,9,9,0,1,1
context_128051.json,root_preamble,1,1,0,1,1
context_128117.json,structured,82,82,0,1,1
context_128117.json,root_preamble,1,1,0,1,1
context_128120.json,structured,23,23,0,1,1
context_128120.json,root_preamble,1,1,0,1,1
context_128121.json,structured,3,3,0,1,1
context_128121.json,root_preamble,1,1,0,1,1
context_128143.json,structured,8,8,0,1,1
context_128143.json,root_preamble,1,1,0,1,1
context_128161.json,structured,1,1,0,1,1
context_128161.json,root_preamble,1,1,0,1,1
context_128203.json,structured,17,17,0,1,1
context_128203.json,root_preamble,1,1,0,1,1
context_128211.json,structured,40,40,0,1,1
context_128211.json,root_preamble,1,1,0,1,1
context_128213.json,structured,24,24,0,1,1
context_128213.json,root_preamble,1,1,0,1,1
context_12824.json,structured,5,5,0,1,1
context_12824.json,root_preamble,1,1,0,1,1
context_128287.json,structured,6,6,0,1,1
context_128287.json,root_preamble,1,1,0,1,1
context_128302.json,structured,2,2,0,1,1
context_128302.json,root_preamble,1,1,0,1,1
context_128315.json,structured,26,26,0,1,1
context_128315.json,root_preamble,1,1,0,1,1
context_128327.json,structured,16,16,0,1,1
context_128327.json,root_preamble,1,1,0,1,1
context_128328.json,structured,30,30,0,1,1
context_128328.json,root_preamble,1,1,0,1,1
context_128335.json,structured,17,17,0,1,1
context_128335.json,root_preamble,1,1,0,1,1
context_128345.json,structured,1,1,0,1,1
context_128345.json,root_preamble,1,1,0,1,1
context_12837.json,structured,6,6,0,1,1
context_12837.json,root_preamble,1,1,0,1,1
context_128377.json,structured,1,1,0,1,1
context_128377.json,root_preamble,1,1,0,1,1
context_128418.json,structured,23,23,0,1,1
context_128418.json,root_preamble,1,1,0,1,1
context_128423.json,structured,33,33,0,1,1
context_128423.json,root_preamble,1,1,0,1,1
context_128471.json,structured,33,33,0,1,1
context_128471.json,root_preamble,1,1,0,1,1
context_128503.json,structured,47,47,0,1,1
context_128503.json,root_preamble,1,1,0,1,1
context_128583.json,structured,41,41,0,1,1
context_128583.json,root_preamble,1,1,0,1,1
context_128622.json,structured,8,8,0,1,1
context_128622.json,root_preamble,1,1,0,1,1
context_128635.json,structured,19,19,0,1,1
context_128635.json,root_preamble,1,1,0,1,1
context_128674.json,structured,17,17,0,1,1
context_128674.json,root_preamble,1,1,0,1,1
context_128676.json,structured,49,49,0,1,1
context_128676.json,root_preamble,1,1,0,1,1
context_128684.json,structured,141,141,0,1,1
context_128684.json,root_preamble,1,1,0,1,1
context_128685.json,structured,30,30,0,1,1
context_128685.json,root_preamble,1,1,0,1,1
context_128691.json,structured,18,18,0,1,1
context_128691.json,root_preamble,1,1,0,1,1
context_128695.json,structured,8,8,0,1,1
context_128695.json,root_preamble,1,1,0,1,1
context_128696.json,unstructured_whole,1,1,0,1,1
context_128790.json,structured,5,5,0,1,1
context_128790.json,root_preamble,1,1,0,1,1
context_128794.json,structured,17,17,0,1,1
context_128794.json,root_preamble,1,1,0,1,1
context_128859.json,structured,13,13,0,1,1
context_128859.json,root_preamble,1,1,0,1,1
context_128862.json,structured,10,10,0,1,1
context_128862.json,root_preamble,1,1,0,1,1
context_12888.json,structured,44,44,0,1,1
context_12888.json,root_preamble,1,1,0,1,1
context_128942.json,structured,46,46,0,1,1
context_128942.json,root_preamble,1,1,0,1,1
context_12897.json,structured,33,33,0,1,1
context_12897.json,root_preamble,1,1,0,1,1
context_129000.json,structured,21,21,0,1,1
context_129000.json,root_preamble,1,1,0,1,1
context_129018.json,structured,11,11,0,1,1
context_129018.json,root_preamble,1,1,0,1,1
context_129051.json,structured,4,4,0,1,1
context_129051.json,root_preamble,1,1,0,1,1
context_129075.json,structured,79,79,0,1,1
context_129075.json,root_preamble,1,1,0,1,1
context_129109.json,structured,5,5,0,1,1
context_129109.json,root_preamble,1,1,0,1,1
context_129113.json,structured,101,101,0,1,1
context_129113.json,root_preamble,1,1,0,1,1
context_129134.json,structured,2,2,0,1,1
context_129134.json,root_preamble,1,1,0,1,1
context_12918.json,structured,47,47,0,1,1
context_12918.json,root_preamble,1,1,0,1,1
context_129210.json,structured,1,1,0,1,1
context_129210.json,root_preamble,1,1,0,1,1
context_129272.json,structured,36,36,0,1,1
context_129272.json,root_preamble,1,1,0,1,1
context_129274.json,structured,23,23,0,1,1
context_129274.json,root_preamble,1,1,0,1,1
context_129275.json,structured,2,2,0,1,1
context_129275.json,root_preamble,1,1,0,1,1
context_129306.json,structured,2,2,0,1,1
context_129306.json,root_preamble,1,1,0,1,1
context_129351.json,structured,21,21,0,1,1
context_129351.json,root_preamble,1,1,0,1,1
context_129469.json,structured,40,40,0,1,1
context_129469.json,root_preamble,1,1,0,1,1
context_12948.json,structured,10,10,0,1,1
context_12948.json,root_preamble,1,1,0,1,1
context_129530.json,structured,18,18,0,1,1
context_129530.json,root_preamble,1,1,0,1,1
context_12955.json,structured,6,6,0,1,1
context_12955.json,root_preamble,1,1,0,1,1
context_129555.json,structured,5,5,0,1,1
context_129555.json,root_preamble,1,1,0,1,1
context_129559.json,structured,21,21,0,1,1
context_129559.json,root_preamble,1,1,0,1,1
context_12959.json,structured,20,20,0,1,1
context_12959.json,root_preamble,1,1,0,1,1
context_12964.json,structured,55,55,0,1,1
context_12964.json,root_preamble,1,1,0,1,1
context_129709.json,structured,24,24,0,1,1
context_129709.json,root_preamble,1,1,0,1,1
context_129719.json,structured,21,21,0,1,1
context_129719.json,root_preamble,1,1,0,1,1
context_129771.json,structured,18,18,0,1,1
context_129771.json,root_preamble,1,1,0,1,1
context_129778.json,structured,5,5,0,1,1
context_129778.json,root_preamble,1,1,0,1,1
context_129783.json,structured,6,6,0,1,1
context_129783.json,root_preamble,1,1,0,1,1
context_129794.json,structured,36,36,0,1,1
context_129794.json,root_preamble,1,1,0,1,1
context_129801.json,structured,5,5,0,1,1
context_129801.json,root_preamble,1,1,0,1,1
context_129823.json,structured,246,246,0,1,1
context_129823.json,root_preamble,1,1,0,1,1
context_129861.json,structured,22,22,0,1,1
context_129861.json,root_preamble,1,1,0,1,1
context_129871.json,structured,15,15,0,1,1
context_129871.json,root_preamble,1,1,0,1,1
context_129895.json,structured,4,4,0,1,1
context_129895.json,root_preamble,1,1,0,1,1
context_129911.json,structured,14,14,0,1,1
context_129911.json,root_preamble,1,1,0,1,1
context_129920.json,structured,126,126,0,1,1
context_129920.json,root_preamble,1,1,0,1,1
context_129952.json,structured,18,18,0,1,1
context_129952.json,root_preamble,1,1,0,1,1
context_129953.json,structured,51,51,0,1,1
context_129953.json,root_preamble,1,1,0,1,1
context_129979.json,structured,16,16,0,1,1
context_129979.json,root_preamble,1,1,0,1,1
context_130019.json,structured,19,19,0,1,1
context_130019.json,root_preamble,1,1,0,1,1
context_130066.json,structured,23,23,0,1,1
context_130066.json,root_preamble,1,1,0,1,1
context_130096.json,structured,1,1,0,1,1
context_130096.json,root_preamble,1,1,0,1,1
context_130097.json,structured,1,1,0,1,1
context_130097.json,root_preamble,1,1,0,1,1
context_130167.json,structured,5,5,0,1,1
context_130167.json,root_preamble,1,1,0,1,1
context_130185.json,structured,53,53,0,1,1
context_130185.json,root_preamble,1,1,0,1,1
context_130222.json,structured,35,35,0,1,1
context_130222.json,root_preamble,1,1,0,1,1
context_130251.json,structured,82,82,0,1,1
context_130251.json,root_preamble,1,1,0,1,1
context_130273.json,structured,5,5,0,1,1
context_130273.json,root_preamble,1,1,0,1,1
context_130303.json,unstructured_whole,1,1,0,1,1
context_13034.json,structured,46,46,0,1,1
context_13034.json,root_preamble,1,1,0,1,1
context_130357.json,structured,18,18,0,1,1
context_130357.json,root_preamble,1,1,0,1,1
context_130364.json,structured,22,22,0,1,1
context_130364.json,root_preamble,1,1,0,1,1
context_130368.json,structured,33,33,0,1,1
context_130368.json,root_preamble,1,1,0,1,1
context_130378.json,structured,25,25,0,1,1
context_130378.json,root_preamble,1,1,0,1,1
context_130413.json,structured,44,44,0,1,1
context_130413.json,root_preamble,1,1,0,1,1
context_130414.json,structured,6,6,0,1,1
context_130414.json,root_preamble,1,1,0,1,1
context_130501.json,structured,27,27,0,1,1
context_130501.json,root_preamble,1,1,0,1,1
context_130549.json,structured,7,7,0,1,1
context_130549.json,root_preamble,1,1,0,1,1
context_130565.json,structured,7,7,0,1,1
context_130565.json,root_preamble,1,1,0,1,1
context_130568.json,structured,63,63,0,1,1
context_130568.json,root_preamble,1,1,0,1,1
context_130610.json,structured,33,33,0,1,1
context_130610.json,root_preamble,1,1,0,1,1
context_130612.json,structured,34,34,0,1,1
context_130612.json,root_preamble,1,1,0,1,1
context_130636.json,structured,20,20,0,1,1
context_130636.json,root_preamble,1,1,0,1,1
context_130716.json,structured,4,4,0,1,1
context_130716.json,root_preamble,1,1,0,1,1
context_130731.json,structured,49,49,0,1,1
context_130731.json,root_preamble,1,1,0,1,1
context_130734.json,structured,10,10,0,1,1
context_130734.json,root_preamble,1,1,0,1,1
context_13074.json,structured,6,6,0,1,1
context_13074.json,root_preamble,1,1,0,1,1
context_130747.json,structured,29,29,0,1,1
context_130747.json,root_preamble,1,1,0,1,1
context_130754.json,structured,29,29,0,1,1
context_130754.json,root_preamble,1,1,0,1,1
context_130772.json,structured,30,30,0,1,1
context_130772.json,root_preamble,1,1,0,1,1
context_130796.json,structured,16,16,0,1,1
context_130796.json,root_preamble,1,1,0,1,1
context_130857.json,structured,13,13,0,1,1
context_130857.json,root_preamble,1,1,0,1,1
context_130911.json,structured,18,18,0,1,1
context_130911.json,root_preamble,1,1,0,1,1
context_130947.json,structured,7,7,0,1,1
context_130947.json,root_preamble,1,1,0,1,1
context_131007.json,structured,19,19,0,1,1
context_131007.json,root_preamble,1,1,0,1,1
context_131011.json,structured,90,90,0,1,1
context_131011.json,root_preamble,1,1,0,1,1
context_131045.json,structured,14,14,0,1,1
context_131045.json,root_preamble,1,1,0,1,1
context_131102.json,structured,6,6,0,1,1
context_131102.json,root_preamble,1,1,0,1,1
context_131116.json,structured,4,4,0,1,1
context_131116.json,root_preamble,1,1,0,1,1
context_131125.json,structured,2,2,0,1,1
context_131125.json,root_preamble,1,1,0,1,1
context_13116.json,structured,8,8,0,1,1
context_13116.json,root_preamble,1,1,0,1,1
context_131173.json,structured,8,8,0,1,1
context_131173.json,root_preamble,1,1,0,1,1
context_131205.json,unstructured_whole,1,1,0,1,1
context_131212.json,structured,9,9,0,1,1
context_131212.json,root_preamble,1,1,0,1,1
context_131234.json,structured,4,4,0,1,1
context_131234.json,root_preamble,1,1,0,1,1
context_131274.json,structured,53,53,0,1,1
context_131274.json,root_preamble,1,1,0,1,1
context_131295.json,structured,19,19,0,1,1
context_131295.json,root_preamble,1,1,0,1,1
context_131296.json,structured,19,19,0,1,1
context_131296.json,root_preamble,1,1,0,1,1
context_131310.json,structured,26,26,0,1,1
context_131310.json,root_preamble,1,1,0,1,1
context_131315.json,structured,27,27,0,1,1
context_131315.json,root_preamble,1,1,0,1,1
context_131361.json,unstructured_whole,1,1,0,1,1
context_131408.json,structured,64,64,0,1,1
context_131408.json,root_preamble,1,1,0,1,1
context_131412.json,structured,5,5,0,1,1
context_131412.json,root_preamble,1,1,0,1,1
context_131424.json,structured,10,10,0,1,1
context_131424.json,root_preamble,1,1,0,1,1
context_131471.json,structured,24,24,0,1,1
context_131471.json,root_preamble,1,1,0,1,1
context_1315.json,structured,4,4,0,1,1
context_1315.json,root_preamble,1,1,0,1,1
context_131533.json,structured,6,6,0,1,1
context_131533.json,root_preamble,1,1,0,1,1
context_131581.json,structured,15,15,0,1,1
context_131581.json,root_preamble,1,1,0,1,1
context_131586.json,structured,28,28,0,1,1
context_131586.json,root_preamble,1,1,0,1,1
context_131595.json,structured,7,7,0,1,1
context_131595.json,root_preamble,1,1,0,1,1
context_131622.json,structured,2,2,0,1,1
context_131622.json,root_preamble,1,1,0,1,1
context_131639.json,structured,184,184,0,1,1
context_131639.json,root_preamble,1,1,0,1,1
context_131650.json,structured,3,3,0,1,1
context_131650.json,root_preamble,1,1,0,1,1
context_13166.json,structured,6,6,0,1,1
context_13166.json,root_preamble,1,1,0,1,1
context_131734.json,structured,26,26,0,1,1
context_131734.json,root_preamble,1,1,0,1,1
context_131735.json,structured,4,4,0,1,1
context_131735.json,root_preamble,1,1,0,1,1
context_131756.json,structured,23,23,0,1,1
context_131756.json,root_preamble,1,1,0,1,1
context_131769.json,structured,5,5,0,1,1
context_131769.json,root_preamble,1,1,0,1,1
context_131770.json,structured,29,29,0,1,1
context_131770.json,root_preamble,1,1,0,1,1
context_131801.json,structured,3,3,0,1,1
context_131801.json,root_preamble,1,1,0,1,1
context_131811.json,structured,35,35,0,1,1
context_131811.json,root_preamble,1,1,0,1,1
context_131817.json,structured,26,26,0,1,1
context_131817.json,root_preamble,1,1,0,1,1
context_131835.json,structured,3,3,0,1,1
context_131835.json,root_preamble,1,1,0,1,1
context_131846.json,structured,34,34,0,1,1
context_131846.json,root_preamble,1,1,0,1,1
context_131857.json,structured,16,16,0,1,1
context_131857.json,root_preamble,1,1,0,1,1
context_131876.json,unstructured_whole,1,1,0,1,1
context_131879.json,structured,2,2,0,1,1
context_131879.json,root_preamble,1,1,0,1,1
context_131942.json,structured,11,11,0,1,1
context_131942.json,root_preamble,1,1,0,1,1
context_132057.json,structured,13,13,0,1,1
context_132057.json,root_preamble,1,1,0,1,1
context_132083.json,structured,22,22,0,1,1
context_132083.json,root_preamble,1,1,0,1,1
context_132085.json,unstructured_whole,1,1,0,1,1
context_132098.json,structured,16,16,0,1,1
context_132098.json,root_preamble,1,1,0,1,1
context_132121.json,structured,7,7,0,1,1
context_132121.json,root_preamble,1,1,0,1,1
context_132142.json,structured,36,36,0,1,1
context_132142.json,root_preamble,1,1,0,1,1
context_132219.json,structured,6,6,0,1,1
context_132219.json,root_preamble,1,1,0,1,1
context_132231.json,structured,27,27,0,1,1
context_132231.json,root_preamble,1,1,0,1,1
context_132249.json,structured,27,27,0,1,1
context_132249.json,root_preamble,1,1,0,1,1
context_132314.json,structured,25,25,0,1,1
context_132314.json,root_preamble,1,1,0,1,1
context_132545.json,structured,41,41,0,1,1
context_132545.json,root_preamble,1,1,0,1,1
context_132636.json,structured,52,52,0,1,1
context_132636.json,root_preamble,1,1,0,1,1
context_132647.json,structured,1,1,0,1,1
context_132647.json,root_preamble,1,1,0,1,1
context_132662.json,unstructured_whole,1,1,0,1,1
context_132729.json,structured,11,11,0,1,1
context_132729.json,root_preamble,1,1,0,1,1
context_132797.json,structured,777,777,0,1,1
context_132797.json,root_preamble,1,1,0,1,1
context_132914.json,structured,20,20,0,1,1
context_132914.json,root_preamble,1,1,0,1,1
context_13300.json,structured,2,2,0,1,1
context_13300.json,root_preamble,1,1,0,1,1
context_133021.json,structured,3,3,0,1,1
context_133021.json,root_preamble,1,1,0,1,1
context_133037.json,structured,34,34,0,1,1
context_133037.json,root_preamble,1,1,0,1,1
context_133088.json,structured,21,21,0,1,1
context_133088.json,root_preamble,1,1,0,1,1
context_133129.json,structured,6,6,0,1,1
context_133129.json,root_preamble,1,1,0,1,1
context_133174.json,structured,23,23,0,1,1
context_133174.json,root_preamble,1,1,0,1,1
context_133249.json,structured,9,9,0,1,1
context_133249.json,root_preamble,1,1,0,1,1
context_133300.json,structured,8,8,0,1,1
context_133300.json,root_preamble,1,1,0,1,1
context_133317.json,structured,2,2,0,1,1
context_133317.json,root_preamble,1,1,0,1,1
context_13339.json,structured,16,16,0,1,1
context_13339.json,root_preamble,1,1,0,1,1
context_133432.json,structured,26,26,0,1,1
context_133432.json,root_preamble,1,1,0,1,1
context_133451.json,structured,16,16,0,1,1
context_133451.json,root_preamble,1,1,0,1,1
context_133485.json,structured,2,2,0,1,1
context_133485.json,root_preamble,1,1,0,1,1
context_133487.json,structured,39,39,0,1,1
context_133487.json,root_preamble,1,1,0,1,1
context_133491.json,structured,15,15,0,1,1
context_133491.json,root_preamble,1,1,0,1,1
context_133562.json,structured,37,37,0,1,1
context_133562.json,root_preamble,1,1,0,1,1
context_133571.json,structured,20,20,0,1,1
context_133571.json,root_preamble,1,1,0,1,1
context_133622.json,structured,3,3,0,1,1
context_133622.json,root_preamble,1,1,0,1,1
context_133631.json,structured,14,14,0,1,1
context_133631.json,root_preamble,1,1,0,1,1
context_133659.json,structured,4,4,0,1,1
context_133659.json,root_preamble,1,1,0,1,1
context_133717.json,structured,6,6,0,1,1
context_133717.json,root_preamble,1,1,0,1,1
context_133744.json,structured,30,30,0,1,1
context_133744.json,root_preamble,1,1,0,1,1
context_133767.json,structured,17,17,0,1,1
context_133767.json,root_preamble,1,1,0,1,1
context_133773.json,structured,3,3,0,1,1
context_133773.json,root_preamble,1,1,0,1,1
context_133782.json,structured,21,21,0,1,1
context_133782.json,root_preamble,1,1,0,1,1
context_133819.json,structured,36,36,0,1,1
context_133819.json,root_preamble,1,1,0,1,1
context_133862.json,structured,7,7,0,1,1
context_133862.json,root_preamble,1,1,0,1,1
context_133877.json,structured,29,29,0,1,1
context_133877.json,root_preamble,1,1,0,1,1
context_133897.json,structured,13,13,0,1,1
context_133897.json,root_preamble,1,1,0,1,1
context_133922.json,structured,5,5,0,1,1
context_133922.json,root_preamble,1,1,0,1,1
context_133935.json,structured,40,40,0,1,1
context_133935.json,root_preamble,1,1,0,1,1
context_133938.json,structured,129,129,0,1,1
context_133938.json,root_preamble,1,1,0,1,1
context_134094.json,structured,15,15,0,1,1
context_134094.json,root_preamble,1,1,0,1,1
context_134105.json,structured,11,11,0,1,1
context_134105.json,root_preamble,1,1,0,1,1
context_134108.json,structured,18,18,0,1,1
context_134108.json,root_preamble,1,1,0,1,1
context_134200.json,structured,9,9,0,1,1
context_134200.json,root_preamble,1,1,0,1,1
context_134285.json,structured,6,6,0,1,1
context_134285.json,root_preamble,1,1,0,1,1
context_134298.json,structured,10,10,0,1,1
context_134298.json,root_preamble,1,1,0,1,1
context_134330.json,structured,39,39,0,1,1
context_134330.json,root_preamble,1,1,0,1,1
context_134360.json,structured,9,9,0,1,1
context_134360.json,root_preamble,1,1,0,1,1
context_134362.json,structured,32,32,0,1,1
context_134362.json,root_preamble,1,1,0,1,1
context_134366.json,structured,44,44,0,1,1
context_134366.json,root_preamble,1,1,0,1,1
context_134369.json,structured,58,58,0,1,1
context_134369.json,root_preamble,1,1,0,1,1
context_134404.json,structured,142,142,0,1,1
context_134404.json,root_preamble,1,1,0,1,1
context_13445.json,structured,40,40,0,1,1
context_13445.json,root_preamble,1,1,0,1,1
context_134451.json,structured,2,2,0,1,1
context_134451.json,root_preamble,1,1,0,1,1
context_134480.json,structured,8,8,0,1,1
context_134480.json,root_preamble,1,1,0,1,1
context_134520.json,structured,27,27,0,1,1
context_134520.json,root_preamble,1,1,0,1,1
context_134528.json,structured,72,72,0,1,1
context_134528.json,root_preamble,1,1,0,1,1
context_134533.json,structured,7,7,0,1,1
context_134533.json,root_preamble,1,1,0,1,1
context_134545.json,structured,45,45,0,1,1
context_134545.json,root_preamble,1,1,0,1,1
context_134578.json,structured,15,15,0,1,1
context_134578.json,root_preamble,1,1,0,1,1
context_134583.json,structured,39,39,0,1,1
context_134583.json,root_preamble,1,1,0,1,1
context_13460.json,structured,3,3,0,1,1
context_13460.json,root_preamble,1,1,0,1,1
context_134613.json,structured,91,91,0,1,1
context_134613.json,root_preamble,1,1,0,1,1
context_134621.json,structured,17,17,0,1,1
context_134621.json,root_preamble,1,1,0,1,1
context_134648.json,structured,43,43,0,1,1
context_134648.json,root_preamble,1,1,0,1,1
context_134704.json,structured,10,10,0,1,1
context_134704.json,root_preamble,1,1,0,1,1
context_134760.json,structured,15,15,0,1,1
context_134760.json,root_preamble,1,1,0,1,1
context_134764.json,structured,15,15,0,1,1
context_134764.json,root_preamble,1,1,0,1,1
context_134767.json,structured,20,20,0,1,1
context_134767.json,root_preamble,1,1,0,1,1
context_134812.json,structured,6,6,0,1,1
context_134812.json,root_preamble,1,1,0,1,1
context_13483.json,structured,22,22,0,1,1
context_13483.json,root_preamble,1,1,0,1,1
context_134847.json,structured,34,34,0,1,1
context_134847.json,root_preamble,1,1,0,1,1
context_134864.json,structured,23,23,0,1,1
context_134864.json,root_preamble,1,1,0,1,1
context_134871.json,structured,20,20,0,1,1
context_134871.json,root_preamble,1,1,0,1,1
context_134877.json,structured,2,2,0,1,1
context_134877.json,root_preamble,1,1,0,1,1
context_134880.json,structured,5,5,0,1,1
context_134880.json,root_preamble,1,1,0,1,1
context_134891.json,structured,52,52,0,1,1
context_134891.json,root_preamble,1,1,0,1,1
context_134961.json,structured,2,2,0,1,1
context_134961.json,root_preamble,1,1,0,1,1
context_134982.json,structured,38,38,0,1,1
context_134982.json,root_preamble,1,1,0,1,1
context_135002.json,structured,10,10,0,1,1
context_135002.json,root_preamble,1,1,0,1,1
context_135003.json,structured,5,5,0,1,1
context_135003.json,root_preamble,1,1,0,1,1
context_13501.json,unstructured_whole,1,1,0,1,1
context_135068.json,structured,5,5,0,1,1
context_135068.json,root_preamble,1,1,0,1,1
context_135143.json,structured,6,6,0,1,1
context_135143.json,root_preamble,1,1,0,1,1
context_135145.json,structured,52,52,0,1,1
context_135145.json,root_preamble,1,1,0,1,1
context_135174.json,structured,52,52,0,1,1
context_135174.json,root_preamble,1,1,0,1,1
context_135183.json,structured,4,4,0,1,1
context_135183.json,root_preamble,1,1,0,1,1
context_135226.json,structured,5,5,0,1,1
context_135226.json,root_preamble,1,1,0,1,1
context_13529.json,structured,5,5,0,1,1
context_13529.json,root_preamble,1,1,0,1,1
context_135336.json,unstructured_whole,1,1,0,1,1
context_135372.json,structured,5,5,0,1,1
context_135372.json,root_preamble,1,1,0,1,1
context_135381.json,structured,5,5,0,1,1
context_135381.json,root_preamble,1,1,0,1,1
context_135386.json,structured,5,5,0,1,1
context_135386.json,root_preamble,1,1,0,1,1
context_135433.json,structured,8,8,0,1,1
context_135433.json,root_preamble,1,1,0,1,1
context_135528.json,structured,105,105,0,1,1
context_135528.json,root_preamble,1,1,0,1,1
context_135549.json,structured,6,6,0,1,1
context_135549.json,root_preamble,1,1,0,1,1
context_135603.json,structured,17,17,0,1,1
context_135603.json,root_preamble,1,1,0,1,1
context_135644.json,structured,31,31,0,1,1
context_135644.json,root_preamble,1,1,0,1,1
context_135683.json,structured,1,1,0,1,1
context_135683.json,root_preamble,1,1,0,1,1
context_135686.json,structured,25,25,0,1,1
context_135686.json,root_preamble,1,1,0,1,1
context_13573.json,structured,28,28,0,1,1
context_13573.json,root_preamble,1,1,0,1,1
context_135819.json,structured,20,20,0,1,1
context_135819.json,root_preamble,1,1,0,1,1
context_135848.json,structured,37,37,0,1,1
context_135848.json,root_preamble,1,1,0,1,1
context_135911.json,structured,5,5,0,1,1
context_135911.json,root_preamble,1,1,0,1,1
context_135923.json,structured,109,109,0,1,1
context_135923.json,root_preamble,1,1,0,1,1
context_135976.json,structured,19,19,0,1,1
context_135976.json,root_preamble,1,1,0,1,1
context_135992.json,structured,24,24,0,1,1
context_135992.json,root_preamble,1,1,0,1,1
context_136014.json,structured,8,8,0,1,1
context_136014.json,root_preamble,1,1,0,1,1
context_136068.json,structured,14,14,0,1,1
context_136068.json,root_preamble,1,1,0,1,1
context_136099.json,structured,28,28,0,1,1
context_136099.json,root_preamble,1,1,0,1,1
context_136111.json,structured,13,13,0,1,1
context_136111.json,root_preamble,1,1,0,1,1
context_136148.json,structured,2,2,0,1,1
context_136148.json,root_preamble,1,1,0,1,1
context_136151.json,structured,3,3,0,1,1
context_136151.json,root_preamble,1,1,0,1,1
context_136213.json,structured,54,54,0,1,1
context_136213.json,root_preamble,1,1,0,1,1
context_136247.json,structured,6,6,0,1,1
context_136247.json,root_preamble,1,1,0,1,1
context_136279.json,structured,27,27,0,1,1
context_136279.json,root_preamble,1,1,0,1,1
context_136328.json,structured,24,24,0,1,1
context_136328.json,root_preamble,1,1,0,1,1
context_136365.json,structured,43,43,0,1,1
context_136365.json,root_preamble,1,1,0,1,1
context_136441.json,structured,57,57,0,1,1
context_136441.json,root_preamble,1,1,0,1,1
context_136540.json,structured,16,16,0,1,1
context_136540.json,root_preamble,1,1,0,1,1
context_136561.json,structured,13,13,0,1,1
context_136561.json,root_preamble,1,1,0,1,1
context_136564.json,structured,42,42,0,1,1
context_136564.json,root_preamble,1,1,0,1,1
context_136587.json,structured,7,7,0,1,1
context_136587.json,root_preamble,1,1,0,1,1
context_136602.json,structured,2,2,0,1,1
context_136602.json,root_preamble,1,1,0,1,1
context_136615.json,structured,149,149,0,1,1
context_136615.json,root_preamble,1,1,0,1,1
context_136617.json,structured,5,5,0,1,1
context_136617.json,root_preamble,1,1,0,1,1
context_136618.json,structured,17,17,0,1,1
context_136618.json,root_preamble,1,1,0,1,1
context_136664.json,structured,9,9,0,1,1
context_136664.json,root_preamble,1,1,0,1,1
context_13667.json,structured,5,5,0,1,1
context_13667.json,root_preamble,1,1,0,1,1
context_136670.json,structured,14,14,0,1,1
context_136670.json,root_preamble,1,1,0,1,1
context_136705.json,structured,8,8,0,1,1
context_136705.json,root_preamble,1,1,0,1,1
context_136834.json,structured,20,20,0,1,1
context_136834.json,root_preamble,1,1,0,1,1
context_136891.json,structured,5,5,0,1,1
context_136891.json,root_preamble,1,1,0,1,1
context_136900.json,structured,23,23,0,1,1
context_136900.json,root_preamble,1,1,0,1,1
context_136901.json,structured,30,30,0,1,1
context_136901.json,root_preamble,1,1,0,1,1
context_136908.json,structured,7,7,0,1,1
context_136908.json,root_preamble,1,1,0,1,1
context_136914.json,structured,18,18,0,1,1
context_136914.json,root_preamble,1,1,0,1,1
context_13692.json,structured,6,6,0,1,1
context_13692.json,root_preamble,1,1,0,1,1
context_136938.json,structured,38,38,0,1,1
context_136938.json,root_preamble,1,1,0,1,1
context_136960.json,structured,4,4,0,1,1
context_136960.json,root_preamble,1,1,0,1,1
context_136966.json,structured,19,19,0,1,1
context_136966.json,root_preamble,1,1,0,1,1
context_136967.json,structured,17,17,0,1,1
context_136967.json,root_preamble,1,1,0,1,1
context_136975.json,structured,25,25,0,1,1
context_136975.json,root_preamble,1,1,0,1,1
context_136982.json,structured,25,25,0,1,1
context_136982.json,root_preamble,1,1,0,1,1
context_136997.json,structured,28,28,0,1,1
context_136997.json,root_preamble,1,1,0,1,1
context_13700.json,structured,35,35,0,1,1
context_13700.json,root_preamble,1,1,0,1,1
context_137004.json,structured,37,37,0,1,1
context_137004.json,root_preamble,1,1,0,1,1
context_137112.json,structured,2,2,0,1,1
context_137112.json,root_preamble,1,1,0,1,1
context_137129.json,structured,15,15,0,1,1
context_137129.json,root_preamble,1,1,0,1,1
context_137184.json,structured,3,3,0,1,1
context_137184.json,root_preamble,1,1,0,1,1
context_137218.json,structured,8,8,0,1,1
context_137218.json,root_preamble,1,1,0,1,1
context_137240.json,structured,25,25,0,1,1
context_137240.json,root_preamble,1,1,0,1,1
context_137343.json,unstructured_whole,1,1,0,1,1
context_137373.json,unstructured_whole,1,1,0,1,1
context_137428.json,structured,57,57,0,1,1
context_137428.json,root_preamble,1,1,0,1,1
context_137481.json,structured,34,34,0,1,1
context_137481.json,root_preamble,1,1,0,1,1
context_137552.json,structured,4,4,0,1,1
context_137552.json,root_preamble,1,1,0,1,1
context_137582.json,structured,82,82,0,1,1
context_137582.json,root_preamble,1,1,0,1,1
context_137618.json,structured,40,40,0,1,1
context_137618.json,root_preamble,1,1,0,1,1
context_137639.json,structured,24,24,0,1,1
context_137639.json,root_preamble,1,1,0,1,1
context_137651.json,structured,13,13,0,1,1
context_137651.json,root_preamble,1,1,0,1,1
context_13768.json,structured,41,41,0,1,1
context_13768.json,root_preamble,1,1,0,1,1
context_137735.json,unstructured_whole,1,1,0,1,1
context_137817.json,structured,19,19,0,1,1
context_137817.json,root_preamble,1,1,0,1,1
context_137823.json,structured,13,13,0,1,1
context_137823.json,root_preamble,1,1,0,1,1
context_137837.json,structured,3,3,0,1,1
context_137837.json,root_preamble,1,1,0,1,1
context_13784.json,structured,5,5,0,1,1
context_13784.json,root_preamble,1,1,0,1,1
context_137878.json,structured,8,8,0,1,1
context_137878.json,root_preamble,1,1,0,1,1
context_137879.json,structured,2,2,0,1,1
context_137879.json,root_preamble,1,1,0,1,1
context_137896.json,structured,1,1,0,1,1
context_137896.json,root_preamble,1,1,0,1,1
context_137938.json,structured,18,18,0,1,1
context_137938.json,root_preamble,1,1,0,1,1
context_13797.json,structured,6,6,0,1,1
context_13797.json,root_preamble,1,1,0,1,1
context_137996.json,structured,18,18,0,1,1
context_137996.json,root_preamble,1,1,0,1,1
context_138042.json,structured,23,23,0,1,1
context_138042.json,root_preamble,1,1,0,1,1
context_13805.json,structured,3,3,0,1,1
context_13805.json,root_preamble,1,1,0,1,1
context_138065.json,structured,25,25,0,1,1
context_138065.json,root_preamble,1,1,0,1,1
context_138089.json,structured,42,42,0,1,1
context_138089.json,root_preamble,1,1,0,1,1
context_138099.json,structured,67,67,0,1,1
context_138099.json,root_preamble,1,1,0,1,1
context_138160.json,structured,6,6,0,1,1
context_138160.json,root_preamble,1,1,0,1,1
context_138180.json,structured,9,9,0,1,1
context_138180.json,root_preamble,1,1,0,1,1
context_138284.json,structured,10,10,0,1,1
context_138284.json,root_preamble,1,1,0,1,1
context_138322.json,structured,25,25,0,1,1
context_138322.json,root_preamble,1,1,0,1,1
context_138332.json,structured,19,19,0,1,1
context_138332.json,root_preamble,1,1,0,1,1
context_138338.json,structured,6,6,0,1,1
context_138338.json,root_preamble,1,1,0,1,1
context_138380.json,structured,29,29,0,1,1
context_138380.json,root_preamble,1,1,0,1,1
context_138469.json,structured,6,6,0,1,1
context_138469.json,root_preamble,1,1,0,1,1
context_138562.json,structured,22,22,0,1,1
context_138562.json,root_preamble,1,1,0,1,1
context_138634.json,structured,85,85,0,1,1
context_138634.json,root_preamble,1,1,0,1,1
context_138636.json,structured,35,35,0,1,1
context_138636.json,root_preamble,1,1,0,1,1
context_138655.json,structured,18,18,0,1,1
context_138655.json,root_preamble,1,1,0,1,1
context_138739.json,structured,14,14,0,1,1
context_138739.json,root_preamble,1,1,0,1,1
context_138768.json,structured,65,65,0,1,1
context_138768.json,root_preamble,1,1,0,1,1
context_13881.json,structured,29,29,0,1,1
context_13881.json,root_preamble,1,1,0,1,1
context_138828.json,structured,3,3,0,1,1
context_138828.json,root_preamble,1,1,0,1,1
context_138880.json,structured,11,11,0,1,1
context_138880.json,root_preamble,1,1,0,1,1
context_138907.json,structured,20,20,0,1,1
context_138907.json,root_preamble,1,1,0,1,1
context_139032.json,structured,5,5,0,1,1
context_139032.json,root_preamble,1,1,0,1,1
context_139064.json,structured,63,63,0,1,1
context_139064.json,root_preamble,1,1,0,1,1
context_139084.json,structured,24,24,0,1,1
context_139084.json,root_preamble,1,1,0,1,1
context_13914.json,structured,25,25,0,1,1
context_13914.json,root_preamble,1,1,0,1,1
context_139140.json,structured,8,8,0,1,1
context_139140.json,root_preamble,1,1,0,1,1
context_139192.json,structured,66,66,0,1,1
context_139192.json,root_preamble,1,1,0,1,1
context_13920.json,structured,7,7,0,1,1
context_13920.json,root_preamble,1,1,0,1,1
context_139220.json,structured,10,10,0,1,1
context_139220.json,root_preamble,1,1,0,1,1
context_13927.json,structured,5,5,0,1,1
context_13927.json,root_preamble,1,1,0,1,1
context_139276.json,structured,8,8,0,1,1
context_139276.json,root_preamble,1,1,0,1,1
context_139278.json,structured,34,34,0,1,1
context_139278.json,root_preamble,1,1,0,1,1
context_139358.json,structured,62,62,0,1,1
context_139358.json,root_preamble,1,1,0,1,1
context_139374.json,structured,7,7,0,1,1
context_139374.json,root_preamble,1,1,0,1,1
context_139464.json,structured,30,30,0,1,1
context_139464.json,root_preamble,1,1,0,1,1
context_139487.json,unstructured_whole,1,1,0,1,1
context_139501.json,structured,4,4,0,1,1
context_139501.json,root_preamble,1,1,0,1,1
context_139506.json,structured,12,12,0,1,1
context_139506.json,root_preamble,1,1,0,1,1
context_139585.json,structured,3,3,0,1,1
context_139585.json,root_preamble,1,1,0,1,1
context_139588.json,structured,9,9,0,1,1
context_139588.json,root_preamble,1,1,0,1,1
context_139645.json,structured,8,8,0,1,1
context_139645.json,root_preamble,1,1,0,1,1
context_139687.json,structured,63,63,0,1,1
context_139687.json,root_preamble,1,1,0,1,1
context_139692.json,structured,73,73,0,1,1
context_139692.json,root_preamble,1,1,0,1,1
context_139722.json,structured,38,38,0,1,1
context_139722.json,root_preamble,1,1,0,1,1
context_1398.json,structured,9,9,0,1,1
context_1398.json,root_preamble,1,1,0,1,1
context_139874.json,structured,17,17,0,1,1
context_139874.json,root_preamble,1,1,0,1,1
context_139949.json,unstructured_whole,1,1,0,1,1
context_139994.json,structured,26,26,0,1,1
context_139994.json,root_preamble,1,1,0,1,1
context_140094.json,structured,20,20,0,1,1
context_140094.json,root_preamble,1,1,0,1,1
context_140131.json,structured,3,3,0,1,1
context_140131.json,root_preamble,1,1,0,1,1
context_14021.json,structured,89,89,0,1,1
context_14021.json,root_preamble,1,1,0,1,1
context_140215.json,structured,3,3,0,1,1
context_140215.json,root_preamble,1,1,0,1,1
context_140230.json,structured,5,5,0,1,1
context_140230.json,root_preamble,1,1,0,1,1
context_140264.json,structured,1,1,0,1,1
context_140264.json,root_preamble,1,1,0,1,1
context_140290.json,structured,11,11,0,1,1
context_140290.json,root_preamble,1,1,0,1,1
context_140410.json,unstructured_whole,1,1,0,1,1
context_140557.json,structured,23,23,0,1,1
context_140557.json,root_preamble,1,1,0,1,1
context_140681.json,structured,18,18,0,1,1
context_140681.json,root_preamble,1,1,0,1,1
context_140693.json,structured,12,12,0,1,1
context_140693.json,root_preamble,1,1,0,1,1
context_140720.json,structured,4,4,0,1,1
context_140720.json,root_preamble,1,1,0,1,1
context_140725.json,structured,4,4,0,1,1
context_140725.json,root_preamble,1,1,0,1,1
context_14080.json,structured,13,13,0,1,1
context_14080.json,root_preamble,1,1,0,1,1
context_140816.json,structured,45,45,0,1,1
context_140816.json,root_preamble,1,1,0,1,1
context_140844.json,structured,29,29,0,1,1
context_140844.json,root_preamble,1,1,0,1,1
context_140849.json,structured,32,32,0,1,1
context_140849.json,root_preamble,1,1,0,1,1
context_140859.json,structured,17,17,0,1,1
context_140859.json,root_preamble,1,1,0,1,1
context_140906.json,structured,15,15,0,1,1
context_140906.json,root_preamble,1,1,0,1,1
context_140907.json,structured,13,13,0,1,1
context_140907.json,root_preamble,1,1,0,1,1
context_140940.json,structured,21,21,0,1,1
context_140940.json,root_preamble,1,1,0,1,1
context_141008.json,structured,26,26,0,1,1
context_141008.json,root_preamble,1,1,0,1,1
context_14105.json,structured,59,59,0,1,1
context_14105.json,root_preamble,1,1,0,1,1
context_141119.json,unstructured_whole,1,1,0,1,1
context_14112.json,structured,2,2,0,1,1
context_14112.json,root_preamble,1,1,0,1,1
context_141262.json,structured,16,16,0,1,1
context_141262.json,root_preamble,1,1,0,1,1
context_141266.json,structured,5,5,0,1,1
context_141266.json,root_preamble,1,1,0,1,1
context_141285.json,structured,36,36,0,1,1
context_141285.json,root_preamble,1,1,0,1,1
context_141303.json,unstructured_whole,1,1,0,1,1
context_141379.json,structured,2,2,0,1,1
context_141379.json,root_preamble,1,1,0,1,1
context_141382.json,structured,6,6,0,1,1
context_141382.json,root_preamble,1,1,0,1,1
context_14140.json,structured,15,15,0,1,1
context_14140.json,root_preamble,1,1,0,1,1
context_141405.json,structured,1,1,0,1,1
context_141405.json,root_preamble,1,1,0,1,1
context_141420.json,structured,14,14,0,1,1
context_141420.json,root_preamble,1,1,0,1,1
context_141430.json,structured,4,4,0,1,1
context_141430.json,root_preamble,1,1,0,1,1
context_141452.json,structured,24,24,0,1,1
context_141452.json,root_preamble,1,1,0,1,1
context_141475.json,structured,14,14,0,1,1
context_141475.json,root_preamble,1,1,0,1,1
context_141541.json,structured,31,31,0,1,1
context_141541.json,root_preamble,1,1,0,1,1
context_141543.json,unstructured_whole,1,1,0,1,1
context_141571.json,structured,12,12,0,1,1
context_141571.json,root_preamble,1,1,0,1,1
context_141612.json,structured,41,41,0,1,1
context_141612.json,root_preamble,1,1,0,1,1
context_141634.json,structured,106,106,0,1,1
context_141634.json,root_preamble,1,1,0,1,1
context_14165.json,structured,60,60,0,1,1
context_14165.json,root_preamble,1,1,0,1,1
context_141650.json,structured,11,11,0,1,1
context_141650.json,root_preamble,1,1,0,1,1
context_141657.json,structured,2,2,0,1,1
context_141657.json,root_preamble,1,1,0,1,1
context_141705.json,structured,1,1,0,1,1
context_141705.json,root_preamble,1,1,0,1,1
context_141706.json,unstructured_whole,1,1,0,1,1
context_141707.json,structured,5,5,0,1,1
context_141707.json,root_preamble,1,1,0,1,1
context_141712.json,structured,23,23,0,1,1
context_141712.json,root_preamble,1,1,0,1,1
context_141734.json,structured,8,8,0,1,1
context_141734.json,root_preamble,1,1,0,1,1
context_141738.json,structured,5,5,0,1,1
context_141738.json,root_preamble,1,1,0,1,1
context_141744.json,structured,2,2,0,1,1
context_141744.json,root_preamble,1,1,0,1,1
context_141769.json,structured,31,31,0,1,1
context_141769.json,root_preamble,1,1,0,1,1
context_141774.json,structured,7,7,0,1,1
context_141774.json,root_preamble,1,1,0,1,1
context_141808.json,structured,1,1,0,1,1
context_141808.json,root_preamble,1,1,0,1,1
context_14185.json,structured,17,17,0,1,1
context_14185.json,root_preamble,1,1,0,1,1
context_141894.json,structured,18,18,0,1,1
context_141894.json,root_preamble,1,1,0,1,1
context_141958.json,structured,11,11,0,1,1
context_141958.json,root_preamble,1,1,0,1,1
context_141967.json,structured,40,40,0,1,1
context_141967.json,root_preamble,1,1,0,1,1
context_142049.json,structured,14,14,0,1,1
context_142049.json,root_preamble,1,1,0,1,1
context_142093.json,structured,39,39,0,1,1
context_142093.json,root_preamble,1,1,0,1,1
context_1421.json,structured,2,2,0,1,1
context_1421.json,root_preamble,1,1,0,1,1
context_142152.json,structured,14,14,0,1,1
context_142152.json,root_preamble,1,1,0,1,1
context_142155.json,structured,26,26,0,1,1
context_142155.json,root_preamble,1,1,0,1,1
context_142223.json,structured,40,40,0,1,1
context_142223.json,root_preamble,1,1,0,1,1
context_142363.json,structured,6,6,0,1,1
context_142363.json,root_preamble,1,1,0,1,1
context_142382.json,structured,20,20,0,1,1
context_142382.json,root_preamble,1,1,0,1,1
context_142389.json,structured,6,6,0,1,1
context_142389.json,root_preamble,1,1,0,1,1
context_142423.json,structured,3,3,0,1,1
context_142423.json,root_preamble,1,1,0,1,1
context_142430.json,structured,16,16,0,1,1
context_142430.json,root_preamble,1,1,0,1,1
context_14244.json,structured,26,26,0,1,1
context_14244.json,root_preamble,1,1,0,1,1
context_142454.json,unstructured_whole,1,1,0,1,1
context_142504.json,structured,18,18,0,1,1
context_142504.json,root_preamble,1,1,0,1,1
context_142506.json,structured,3,3,0,1,1
context_142506.json,root_preamble,1,1,0,1,1
context_142539.json,structured,11,11,0,1,1
context_142539.json,root_preamble,1,1,0,1,1
context_142556.json,structured,2,2,0,1,1
context_142556.json,root_preamble,1,1,0,1,1
context_142712.json,structured,8,8,0,1,1
context_142712.json,root_preamble,1,1,0,1,1
context_142867.json,structured,40,40,0,1,1
context_142867.json,root_preamble,1,1,0,1,1
context_142930.json,structured,43,43,0,1,1
context_142930.json,root_preamble,1,1,0,1,1
context_142933.json,structured,4,4,0,1,1
context_142933.json,root_preamble,1,1,0,1,1
context_142936.json,structured,7,7,0,1,1
context_142936.json,root_preamble,1,1,0,1,1
context_142940.json,structured,43,43,0,1,1
context_142940.json,root_preamble,1,1,0,1,1
context_143010.json,structured,15,15,0,1,1
context_143010.json,root_preamble,1,1,0,1,1
context_143057.json,structured,55,55,0,1,1
context_143057.json,root_preamble,1,1,0,1,1
context_143064.json,structured,9,9,0,1,1
context_143064.json,root_preamble,1,1,0,1,1
context_143094.json,structured,7,7,0,1,1
context_143094.json,root_preamble,1,1,0,1,1
context_143116.json,structured,9,9,0,1,1
context_143116.json,root_preamble,1,1,0,1,1
context_143136.json,structured,23,23,0,1,1
context_143136.json,root_preamble,1,1,0,1,1
context_143165.json,structured,95,95,0,1,1
context_143165.json,root_preamble,1,1,0,1,1
context_143170.json,structured,6,6,0,1,1
context_143170.json,root_preamble,1,1,0,1,1
context_143198.json,structured,28,28,0,1,1
context_143198.json,root_preamble,1,1,0,1,1
context_143204.json,structured,8,8,0,1,1
context_143204.json,root_preamble,1,1,0,1,1
context_143238.json,structured,20,20,0,1,1
context_143238.json,root_preamble,1,1,0,1,1
context_143266.json,structured,25,25,0,1,1
context_143266.json,root_preamble,1,1,0,1,1
context_143275.json,structured,38,38,0,1,1
context_143275.json,root_preamble,1,1,0,1,1
context_14330.json,structured,21,21,0,1,1
context_14330.json,root_preamble,1,1,0,1,1
context_143311.json,structured,29,29,0,1,1
context_143311.json,root_preamble,1,1,0,1,1
context_143446.json,structured,262,262,0,1,1
context_143446.json,root_preamble,1,1,0,1,1
context_14350.json,structured,38,38,0,1,1
context_14350.json,root_preamble,1,1,0,1,1
context_143515.json,structured,14,14,0,1,1
context_143515.json,root_preamble,1,1,0,1,1
context_14353.json,structured,4,4,0,1,1
context_14353.json,root_preamble,1,1,0,1,1
context_143533.json,unstructured_whole,1,1,0,1,1
context_143623.json,structured,10,10,0,1,1
context_143623.json,root_preamble,1,1,0,1,1
context_143628.json,structured,14,14,0,1,1
context_143628.json,root_preamble,1,1,0,1,1
context_143669.json,structured,19,19,0,1,1
context_143669.json,root_preamble,1,1,0,1,1
context_143678.json,structured,13,13,0,1,1
context_143678.json,root_preamble,1,1,0,1,1
context_143746.json,structured,4,4,0,1,1
context_143746.json,root_preamble,1,1,0,1,1
context_143757.json,structured,11,11,0,1,1
context_143757.json,root_preamble,1,1,0,1,1
context_143819.json,unstructured_whole,1,1,0,1,1
context_143857.json,structured,10,10,0,1,1
context_143857.json,root_preamble,1,1,0,1,1
context_144025.json,structured,26,26,0,1,1
context_144025.json,root_preamble,1,1,0,1,1
context_144050.json,structured,36,36,0,1,1
context_144050.json,root_preamble,1,1,0,1,1
context_144077.json,structured,12,12,0,1,1
context_144077.json,root_preamble,1,1,0,1,1
context_144122.json,structured,2,2,0,1,1
context_144122.json,root_preamble,1,1,0,1,1
context_144134.json,structured,4,4,0,1,1
context_144134.json,root_preamble,1,1,0,1,1
context_144209.json,structured,11,11,0,1,1
context_144209.json,root_preamble,1,1,0,1,1
context_144210.json,structured,48,48,0,1,1
context_144210.json,root_preamble,1,1,0,1,1
context_144316.json,structured,22,22,0,1,1
context_144316.json,root_preamble,1,1,0,1,1
context_144339.json,structured,19,19,0,1,1
context_144339.json,root_preamble,1,1,0,1,1
context_144344.json,structured,7,7,0,1,1
context_144344.json,root_preamble,1,1,0,1,1
context_144354.json,structured,25,25,0,1,1
context_144354.json,root_preamble,1,1,0,1,1
context_144362.json,structured,6,6,0,1,1
context_144362.json,root_preamble,1,1,0,1,1
context_144363.json,structured,44,44,0,1,1
context_144363.json,root_preamble,1,1,0,1,1
context_144380.json,structured,22,22,0,1,1
context_144380.json,root_preamble,1,1,0,1,1
context_144389.json,structured,10,10,0,1,1
context_144389.json,root_preamble,1,1,0,1,1
context_144392.json,structured,5,5,0,1,1
context_144392.json,root_preamble,1,1,0,1,1
context_144398.json,structured,3,3,0,1,1
context_144398.json,root_preamble,1,1,0,1,1
context_144472.json,structured,114,114,0,1,1
context_144472.json,root_preamble,1,1,0,1,1
context_144519.json,structured,6,6,0,1,1
context_144519.json,root_preamble,1,1,0,1,1
context_14453.json,structured,6,6,0,1,1
context_14453.json,root_preamble,1,1,0,1,1
context_144548.json,structured,8,8,0,1,1
context_144548.json,root_preamble,1,1,0,1,1
context_144551.json,structured,259,259,0,1,1
context_144551.json,root_preamble,1,1,0,1,1
context_144566.json,structured,74,74,0,1,1
context_144566.json,root_preamble,1,1,0,1,1
context_144618.json,structured,32,32,0,1,1
context_144618.json,root_preamble,1,1,0,1,1
context_144653.json,structured,35,35,0,1,1
context_144653.json,root_preamble,1,1,0,1,1
context_144703.json,structured,11,11,0,1,1
context_144703.json,root_preamble,1,1,0,1,1
context_144860.json,structured,4,4,0,1,1
context_144860.json,root_preamble,1,1,0,1,1
context_145012.json,structured,1,1,0,1,1
context_145012.json,root_preamble,1,1,0,1,1
context_145018.json,structured,15,15,0,1,1
context_145018.json,root_preamble,1,1,0,1,1
context_145019.json,structured,2,2,0,1,1
context_145019.json,root_preamble,1,1,0,1,1
context_145025.json,structured,5,5,0,1,1
context_145025.json,root_preamble,1,1,0,1,1
context_145058.json,structured,20,20,0,1,1
context_145058.json,root_preamble,1,1,0,1,1
context_145084.json,structured,2,2,0,1,1
context_145084.json,root_preamble,1,1,0,1,1
context_145143.json,unstructured_whole,1,1,0,1,1
context_145175.json,structured,45,45,0,1,1
context_145175.json,root_preamble,1,1,0,1,1
context_145207.json,structured,4,4,0,1,1
context_145207.json,root_preamble,1,1,0,1,1
context_145217.json,structured,5,5,0,1,1
context_145217.json,root_preamble,1,1,0,1,1
context_145302.json,structured,5,5,0,1,1
context_145302.json,root_preamble,1,1,0,1,1
context_145326.json,structured,5,5,0,1,1
context_145326.json,root_preamble,1,1,0,1,1
context_145336.json,structured,9,9,0,1,1
context_145336.json,root_preamble,1,1,0,1,1
context_145376.json,structured,54,54,0,1,1
context_145376.json,root_preamble,1,1,0,1,1
context_145392.json,structured,39,39,0,1,1
context_145392.json,root_preamble,1,1,0,1,1
context_145496.json,structured,13,13,0,1,1
context_145496.json,root_preamble,1,1,0,1,1
context_14550.json,structured,21,21,0,1,1
context_14550.json,root_preamble,1,1,0,1,1
context_145501.json,structured,3,3,0,1,1
context_145501.json,root_preamble,1,1,0,1,1
context_145512.json,unstructured_whole,1,1,0,1,1
context_145523.json,structured,27,27,0,1,1
context_145523.json,root_preamble,1,1,0,1,1
context_14559.json,structured,16,16,0,1,1
context_14559.json,root_preamble,1,1,0,1,1
context_145694.json,structured,38,38,0,1,1
context_145694.json,root_preamble,1,1,0,1,1
context_14570.json,structured,29,29,0,1,1
context_14570.json,root_preamble,1,1,0,1,1
context_145717.json,structured,6,6,0,1,1
context_145717.json,root_preamble,1,1,0,1,1
context_145718.json,structured,25,25,0,1,1
context_145718.json,root_preamble,1,1,0,1,1
context_145781.json,structured,17,17,0,1,1
context_145781.json,root_preamble,1,1,0,1,1
context_145786.json,structured,11,11,0,1,1
context_145786.json,root_preamble,1,1,0,1,1
context_14582.json,structured,7,7,0,1,1
context_14582.json,root_preamble,1,1,0,1,1
context_14585.json,structured,57,57,0,1,1
context_14585.json,root_preamble,1,1,0,1,1
context_14590.json,structured,23,23,0,1,1
context_14590.json,root_preamble,1,1,0,1,1
context_145929.json,structured,20,20,0,1,1
context_145929.json,root_preamble,1,1,0,1,1
context_145960.json,structured,1,1,0,1,1
context_145960.json,root_preamble,1,1,0,1,1
context_14600.json,structured,37,37,0,1,1
context_14600.json,root_preamble,1,1,0,1,1
context_146010.json,structured,50,50,0,1,1
context_146010.json,root_preamble,1,1,0,1,1
context_146050.json,structured,3,3,0,1,1
context_146050.json,root_preamble,1,1,0,1,1
context_14606.json,structured,41,41,0,1,1
context_14606.json,root_preamble,1,1,0,1,1
context_146226.json,structured,44,44,0,1,1
context_146226.json,root_preamble,1,1,0,1,1
context_14624.json,structured,3,3,0,1,1
context_14624.json,root_preamble,1,1,0,1,1
context_146262.json,structured,40,40,0,1,1
context_146262.json,root_preamble,1,1,0,1,1
context_146278.json,structured,4,4,0,1,1
context_146278.json,root_preamble,1,1,0,1,1
context_146353.json,structured,32,32,0,1,1
context_146353.json,root_preamble,1,1,0,1,1
context_146357.json,structured,59,59,0,1,1
context_146357.json,root_preamble,1,1,0,1,1
context_146370.json,structured,54,54,0,1,1
context_146370.json,root_preamble,1,1,0,1,1
context_146481.json,structured,28,28,0,1,1
context_146481.json,root_preamble,1,1,0,1,1
context_146484.json,structured,7,7,0,1,1
context_146484.json,root_preamble,1,1,0,1,1
context_146513.json,structured,26,26,0,1,1
context_146513.json,root_preamble,1,1,0,1,1
context_146565.json,structured,26,26,0,1,1
context_146565.json,root_preamble,1,1,0,1,1
context_146614.json,structured,4,4,0,1,1
context_146614.json,root_preamble,1,1,0,1,1
context_146620.json,structured,5,5,0,1,1
context_146620.json,root_preamble,1,1,0,1,1
context_146666.json,structured,16,16,0,1,1
context_146666.json,root_preamble,1,1,0,1,1
context_146687.json,structured,5,5,0,1,1
context_146687.json,root_preamble,1,1,0,1,1
context_146691.json,structured,1,1,0,1,1
context_146691.json,root_preamble,1,1,0,1,1
context_146743.json,structured,4,4,0,1,1
context_146743.json,root_preamble,1,1,0,1,1
context_146798.json,structured,21,21,0,1,1
context_146798.json,root_preamble,1,1,0,1,1
context_14681.json,structured,36,36,0,1,1
context_14681.json,root_preamble,1,1,0,1,1
context_146828.json,structured,7,7,0,1,1
context_146828.json,root_preamble,1,1,0,1,1
context_14683.json,unstructured_whole,1,1,0,1,1
context_14689.json,structured,8,8,0,1,1
context_14689.json,root_preamble,1,1,0,1,1
context_146902.json,structured,24,24,0,1,1
context_146902.json,root_preamble,1,1,0,1,1
context_146907.json,structured,56,56,0,1,1
context_146907.json,root_preamble,1,1,0,1,1
context_146911.json,structured,21,21,0,1,1
context_146911.json,root_preamble,1,1,0,1,1
context_146918.json,structured,4,4,0,1,1
context_146918.json,root_preamble,1,1,0,1,1
context_146962.json,structured,54,54,0,1,1
context_146962.json,root_preamble,1,1,0,1,1
context_146974.json,structured,6,6,0,1,1
context_146974.json,root_preamble,1,1,0,1,1
context_146991.json,structured,6,6,0,1,1
context_146991.json,root_preamble,1,1,0,1,1
context_147039.json,structured,6,6,0,1,1
context_147039.json,root_preamble,1,1,0,1,1
context_147056.json,structured,9,9,0,1,1
context_147056.json,root_preamble,1,1,0,1,1
context_147066.json,structured,265,265,0,1,1
context_147066.json,root_preamble,1,1,0,1,1
context_147100.json,structured,7,7,0,1,1
context_147100.json,root_preamble,1,1,0,1,1
context_147113.json,structured,7,7,0,1,1
context_147113.json,root_preamble,1,1,0,1,1
context_147137.json,structured,18,18,0,1,1
context_147137.json,root_preamble,1,1,0,1,1
context_147185.json,structured,23,23,0,1,1
context_147185.json,root_preamble,1,1,0,1,1
context_147187.json,structured,3,3,0,1,1
context_147187.json,root_preamble,1,1,0,1,1
context_147259.json,structured,5,5,0,1,1
context_147259.json,root_preamble,1,1,0,1,1
context_147261.json,structured,29,29,0,1,1
context_147261.json,root_preamble,1,1,0,1,1
context_147270.json,structured,35,35,0,1,1
context_147270.json,root_preamble,1,1,0,1,1
context_14729.json,structured,4,4,0,1,1
context_14729.json,root_preamble,1,1,0,1,1
context_147340.json,structured,78,78,0,1,1
context_147340.json,root_preamble,1,1,0,1,1
context_147360.json,structured,31,31,0,1,1
context_147360.json,root_preamble,1,1,0,1,1
context_147369.json,structured,38,38,0,1,1
context_147369.json,root_preamble,1,1,0,1,1
context_147382.json,structured,2,2,0,1,1
context_147382.json,root_preamble,1,1,0,1,1
context_147440.json,structured,3,3,0,1,1
context_147440.json,root_preamble,1,1,0,1,1
context_147550.json,structured,21,21,0,1,1
context_147550.json,root_preamble,1,1,0,1,1
context_147668.json,structured,90,90,0,1,1
context_147668.json,root_preamble,1,1,0,1,1
context_147682.json,structured,5,5,0,1,1
context_147682.json,root_preamble,1,1,0,1,1
context_147752.json,structured,38,38,0,1,1
context_147752.json,root_preamble,1,1,0,1,1
context_14778.json,structured,18,18,0,1,1
context_14778.json,root_preamble,1,1,0,1,1
context_147869.json,structured,23,23,0,1,1
context_147869.json,root_preamble,1,1,0,1,1
context_147879.json,structured,6,6,0,1,1
context_147879.json,root_preamble,1,1,0,1,1
context_147907.json,structured,31,31,0,1,1
context_147907.json,root_preamble,1,1,0,1,1
context_147934.json,structured,22,22,0,1,1
context_147934.json,root_preamble,1,1,0,1,1
context_147980.json,structured,27,27,0,1,1
context_147980.json,root_preamble,1,1,0,1,1
context_147993.json,structured,13,13,0,1,1
context_147993.json,root_preamble,1,1,0,1,1
context_148042.json,structured,28,28,0,1,1
context_148042.json,root_preamble,1,1,0,1,1
context_148078.json,structured,23,23,0,1,1
context_148078.json,root_preamble,1,1,0,1,1
context_148098.json,structured,83,83,0,1,1
context_148098.json,root_preamble,1,1,0,1,1
context_148141.json,structured,75,75,0,1,1
context_148141.json,root_preamble,1,1,0,1,1
context_148194.json,structured,7,7,0,1,1
context_148194.json,root_preamble,1,1,0,1,1
context_148200.json,structured,5,5,0,1,1
context_148200.json,root_preamble,1,1,0,1,1
context_148212.json,structured,3,3,0,1,1
context_148212.json,root_preamble,1,1,0,1,1
context_148222.json,structured,21,21,0,1,1
context_148222.json,root_preamble,1,1,0,1,1
context_148246.json,structured,9,9,0,1,1
context_148246.json,root_preamble,1,1,0,1,1
context_14825.json,structured,97,97,0,1,1
context_14825.json,root_preamble,1,1,0,1,1
context_148268.json,structured,13,13,0,1,1
context_148268.json,root_preamble,1,1,0,1,1
context_148391.json,structured,42,42,0,1,1
context_148391.json,root_preamble,1,1,0,1,1
context_148427.json,structured,33,33,0,1,1
context_148427.json,root_preamble,1,1,0,1,1
context_14852.json,structured,15,15,0,1,1
context_14852.json,root_preamble,1,1,0,1,1
context_148559.json,structured,12,12,0,1,1
context_148559.json,root_preamble,1,1,0,1,1
context_148590.json,structured,16,16,0,1,1
context_148590.json,root_preamble,1,1,0,1,1
context_148625.json,unstructured_whole,1,1,0,1,1
context_14864.json,structured,18,18,0,1,1
context_14864.json,root_preamble,1,1,0,1,1
context_148668.json,structured,3,3,0,1,1
context_148668.json,root_preamble,1,1,0,1,1
context_148759.json,structured,37,37,0,1,1
context_148759.json,root_preamble,1,1,0,1,1
context_148827.json,structured,24,24,0,1,1
context_148827.json,root_preamble,1,1,0,1,1
context_148841.json,structured,17,17,0,1,1
context_148841.json,root_preamble,1,1,0,1,1
context_148847.json,structured,6,6,0,1,1
context_148847.json,root_preamble,1,1,0,1,1
context_148880.json,structured,3,3,0,1,1
context_148880.json,root_preamble,1,1,0,1,1
context_148910.json,structured,34,34,0,1,1
context_148910.json,root_preamble,1,1,0,1,1
context_148912.json,structured,13,13,0,1,1
context_148912.json,root_preamble,1,1,0,1,1
context_148956.json,structured,23,23,0,1,1
context_148956.json,root_preamble,1,1,0,1,1
context_149025.json,structured,16,16,0,1,1
context_149025.json,root_preamble,1,1,0,1,1
context_149045.json,structured,7,7,0,1,1
context_149045.json,root_preamble,1,1,0,1,1
context_149068.json,structured,15,15,0,1,1
context_149068.json,root_preamble,1,1,0,1,1
context_149091.json,structured,22,22,0,1,1
context_149091.json,root_preamble,1,1,0,1,1
context_149258.json,structured,16,16,0,1,1
context_149258.json,root_preamble,1,1,0,1,1
context_14927.json,structured,23,23,0,1,1
context_14927.json,root_preamble,1,1,0,1,1
context_14929.json,structured,44,44,0,1,1
context_14929.json,root_preamble,1,1,0,1,1
context_149370.json,structured,35,35,0,1,1
context_149370.json,root_preamble,1,1,0,1,1
context_149379.json,structured,23,23,0,1,1
context_149379.json,root_preamble,1,1,0,1,1
context_149454.json,unstructured_whole,1,1,0,1,1
context_149484.json,structured,16,16,0,1,1
context_149484.json,root_preamble,1,1,0,1,1
context_149614.json,structured,17,17,0,1,1
context_149614.json,root_preamble,1,1,0,1,1
context_149676.json,structured,50,50,0,1,1
context_149676.json,root_preamble,1,1,0,1,1
context_149826.json,structured,21,21,0,1,1
context_149826.json,root_preamble,1,1,0,1,1
context_149979.json,unstructured_whole,1,1,0,1,1
context_150011.json,structured,2,2,0,1,1
context_150011.json,root_preamble,1,1,0,1,1
context_150017.json,structured,5,5,0,1,1
context_150017.json,root_preamble,1,1,0,1,1
context_150020.json,structured,31,31,0,1,1
context_150020.json,root_preamble,1,1,0,1,1
context_150060.json,unstructured_whole,1,1,0,1,1
context_150117.json,structured,3,3,0,1,1
context_150117.json,root_preamble,1,1,0,1,1
context_150140.json,structured,15,15,0,1,1
context_150140.json,root_preamble,1,1,0,1,1
context_150146.json,structured,4,4,0,1,1
context_150146.json,root_preamble,1,1,0,1,1
context_150162.json,structured,50,50,0,1,1
context_150162.json,root_preamble,1,1,0,1,1
context_150183.json,structured,8,8,0,1,1
context_150183.json,root_preamble,1,1,0,1,1
context_150235.json,structured,6,6,0,1,1
context_150235.json,root_preamble,1,1,0,1,1
context_150248.json,structured,2,2,0,1,1
context_150248.json,root_preamble,1,1,0,1,1
context_150263.json,structured,38,38,0,1,1
context_150263.json,root_preamble,1,1,0,1,1
context_150363.json,structured,8,8,0,1,1
context_150363.json,root_preamble,1,1,0,1,1
context_150375.json,structured,24,24,0,1,1
context_150375.json,root_preamble,1,1,0,1,1
context_150451.json,structured,4,4,0,1,1
context_150451.json,root_preamble,1,1,0,1,1
context_150467.json,structured,42,42,0,1,1
context_150467.json,root_preamble,1,1,0,1,1
context_15049.json,structured,13,13,0,1,1
context_15049.json,root_preamble,1,1,0,1,1
context_150499.json,structured,98,98,0,1,1
context_150499.json,root_preamble,1,1,0,1,1
context_150502.json,structured,67,67,0,1,1
context_150502.json,root_preamble,1,1,0,1,1
context_150517.json,structured,13,13,0,1,1
context_150517.json,root_preamble,1,1,0,1,1
context_150590.json,unstructured_whole,1,1,0,1,1
context_150597.json,structured,1,1,0,1,1
context_150597.json,root_preamble,1,1,0,1,1
context_150654.json,structured,25,25,0,1,1
context_150654.json,root_preamble,1,1,0,1,1
context_150679.json,structured,23,23,0,1,1
context_150679.json,root_preamble,1,1,0,1,1
context_150719.json,structured,41,41,0,1,1
context_150719.json,root_preamble,1,1,0,1,1
context_150880.json,structured,20,20,0,1,1
context_150880.json,root_preamble,1,1,0,1,1
context_150932.json,structured,1,1,0,1,1
context_150932.json,root_preamble,1,1,0,1,1
context_150938.json,structured,29,29,0,1,1
context_150938.json,root_preamble,1,1,0,1,1
context_1510.json,structured,100,100,0,1,1
context_1510.json,root_preamble,1,1,0,1,1
context_15102.json,structured,18,18,0,1,1
context_15102.json,root_preamble,1,1,0,1,1
context_151034.json,structured,6,6,0,1,1
context_151034.json,root_preamble,1,1,0,1,1
context_151059.json,structured,4,4,0,1,1
context_151059.json,root_preamble,1,1,0,1,1
context_151060.json,structured,15,15,0,1,1
context_151060.json,root_preamble,1,1,0,1,1
context_151196.json,structured,19,19,0,1,1
context_151196.json,root_preamble,1,1,0,1,1
context_151206.json,structured,9,9,0,1,1
context_151206.json,root_preamble,1,1,0,1,1
context_151239.json,structured,66,66,0,1,1
context_151239.json,root_preamble,1,1,0,1,1
context_151346.json,structured,41,41,0,1,1
context_151346.json,root_preamble,1,1,0,1,1
context_15138.json,structured,9,9,0,1,1
context_15138.json,root_preamble,1,1,0,1,1
context_15140.json,structured,5,5,0,1,1
context_15140.json,root_preamble,1,1,0,1,1
context_15149.json,structured,21,21,0,1,1
context_15149.json,root_preamble,1,1,0,1,1
context_151526.json,structured,4,4,0,1,1
context_151526.json,root_preamble,1,1,0,1,1
context_151530.json,structured,60,60,0,1,1
context_151530.json,root_preamble,1,1,0,1,1
context_151537.json,structured,14,14,0,1,1
context_151537.json,root_preamble,1,1,0,1,1
context_15159.json,structured,27,27,0,1,1
context_15159.json,root_preamble,1,1,0,1,1
context_151598.json,structured,28,28,0,1,1
context_151598.json,root_preamble,1,1,0,1,1
context_151612.json,structured,16,16,0,1,1
context_151612.json,root_preamble,1,1,0,1,1
context_151656.json,structured,5,5,0,1,1
context_151656.json,root_preamble,1,1,0,1,1
context_151664.json,unstructured_whole,1,1,0,1,1
context_151666.json,structured,31,31,0,1,1
context_151666.json,root_preamble,1,1,0,1,1
context_151679.json,structured,39,39,0,1,1
context_151679.json,root_preamble,1,1,0,1,1
context_151794.json,structured,3,3,0,1,1
context_151794.json,root_preamble,1,1,0,1,1
context_151846.json,structured,46,46,0,1,1
context_151846.json,root_preamble,1,1,0,1,1
context_151879.json,structured,11,11,0,1,1
context_151879.json,root_preamble,1,1,0,1,1
context_15198.json,unstructured_whole,1,1,0,1,1
context_151981.json,structured,26,26,0,1,1
context_151981.json,root_preamble,1,1,0,1,1
context_151998.json,structured,81,81,0,1,1
context_151998.json,root_preamble,1,1,0,1,1
context_152117.json,structured,19,19,0,1,1
context_152117.json,root_preamble,1,1,0,1,1
context_152118.json,structured,3,3,0,1,1
context_152118.json,root_preamble,1,1,0,1,1
context_152140.json,structured,26,26,0,1,1
context_152140.json,root_preamble,1,1,0,1,1
context_152155.json,structured,21,21,0,1,1
context_152155.json,root_preamble,1,1,0,1,1
context_152198.json,structured,1,1,0,1,1
context_152198.json,root_preamble,1,1,0,1,1
context_152217.json,structured,14,14,0,1,1
context_152217.json,root_preamble,1,1,0,1,1
context_152223.json,structured,3,3,0,1,1
context_152223.json,root_preamble,1,1,0,1,1
context_152286.json,structured,4,4,0,1,1
context_152286.json,root_preamble,1,1,0,1,1
context_152295.json,structured,2,2,0,1,1
context_152295.json,root_preamble,1,1,0,1,1
context_152310.json,structured,8,8,0,1,1
context_152310.json,root_preamble,1,1,0,1,1
context_152406.json,structured,6,6,0,1,1
context_152406.json,root_preamble,1,1,0,1,1
context_152471.json,unstructured_whole,1,1,0,1,1
context_152524.json,unstructured_whole,1,1,0,1,1
context_152559.json,structured,4,4,0,1,1
context_152559.json,root_preamble,1,1,0,1,1
context_152560.json,structured,24,24,0,1,1
context_152560.json,root_preamble,1,1,0,1,1
context_152569.json,structured,8,8,0,1,1
context_152569.json,root_preamble,1,1,0,1,1
context_152572.json,structured,14,14,0,1,1
context_152572.json,root_preamble,1,1,0,1,1
context_152631.json,structured,27,27,0,1,1
context_152631.json,root_preamble,1,1,0,1,1
context_152752.json,structured,4,4,0,1,1
context_152752.json,root_preamble,1,1,0,1,1
context_152768.json,structured,13,13,0,1,1
context_152768.json,root_preamble,1,1,0,1,1
context_152772.json,structured,18,18,0,1,1
context_152772.json,root_preamble,1,1,0,1,1
context_152781.json,unstructured_whole,1,1,0,1,1
context_15281.json,structured,3,3,0,1,1
context_15281.json,root_preamble,1,1,0,1,1
context_15284.json,structured,4,4,0,1,1
context_15284.json,root_preamble,1,1,0,1,1
context_152850.json,structured,7,7,0,1,1
context_152850.json,root_preamble,1,1,0,1,1
context_152894.json,structured,19,19,0,1,1
context_152894.json,root_preamble,1,1,0,1,1
context_152908.json,structured,1,1,0,1,1
context_152908.json,root_preamble,1,1,0,1,1
context_152927.json,structured,24,24,0,1,1
context_152927.json,root_preamble,1,1,0,1,1
context_152947.json,structured,22,22,0,1,1
context_152947.json,root_preamble,1,1,0,1,1
context_152966.json,structured,42,42,0,1,1
context_152966.json,root_preamble,1,1,0,1,1
context_152976.json,structured,4,4,0,1,1
context_152976.json,root_preamble,1,1,0,1,1
context_152978.json,structured,12,12,0,1,1
context_152978.json,root_preamble,1,1,0,1,1
context_15298.json,unstructured_whole,1,1,0,1,1
context_15299.json,structured,21,21,0,1,1
context_15299.json,root_preamble,1,1,0,1,1
context_152996.json,unstructured_whole,1,1,0,1,1
context_153021.json,structured,15,15,0,1,1
context_153021.json,root_preamble,1,1,0,1,1
context_153041.json,structured,15,15,0,1,1
context_153041.json,root_preamble,1,1,0,1,1
context_153054.json,structured,838,838,0,1,1
context_153054.json,root_preamble,1,1,0,1,1
context_153149.json,structured,15,15,0,1,1
context_153149.json,root_preamble,1,1,0,1,1
context_153155.json,structured,7,7,0,1,1
context_153155.json,root_preamble,1,1,0,1,1
context_153173.json,structured,91,91,0,1,1
context_153173.json,root_preamble,1,1,0,1,1
context_153190.json,structured,8,8,0,1,1
context_153190.json,root_preamble,1,1,0,1,1
context_153191.json,structured,3,3,0,1,1
context_153191.json,root_preamble,1,1,0,1,1
context_153223.json,structured,3,3,0,1,1
context_153223.json,root_preamble,1,1,0,1,1
context_153272.json,structured,2,2,0,1,1
context_153272.json,root_preamble,1,1,0,1,1
context_153299.json,structured,79,79,0,1,1
context_153299.json,root_preamble,1,1,0,1,1
context_15331.json,structured,24,24,0,1,1
context_15331.json,root_preamble,1,1,0,1,1
context_153331.json,structured,7,7,0,1,1
context_153331.json,root_preamble,1,1,0,1,1
context_153344.json,structured,2,2,0,1,1
context_153344.json,root_preamble,1,1,0,1,1
context_153349.json,structured,23,23,0,1,1
context_153349.json,root_preamble,1,1,0,1,1
context_153353.json,structured,26,26,0,1,1
context_153353.json,root_preamble,1,1,0,1,1
context_153413.json,structured,13,13,0,1,1
context_153413.json,root_preamble,1,1,0,1,1
context_153444.json,structured,42,42,0,1,1
context_153444.json,root_preamble,1,1,0,1,1
context_153472.json,structured,6,6,0,1,1
context_153472.json,root_preamble,1,1,0,1,1
context_153508.json,structured,25,25,0,1,1
context_153508.json,root_preamble,1,1,0,1,1
context_153516.json,structured,16,16,0,1,1
context_153516.json,root_preamble,1,1,0,1,1
context_153518.json,structured,5,5,0,1,1
context_153518.json,root_preamble,1,1,0,1,1
context_153599.json,structured,4,4,0,1,1
context_153599.json,root_preamble,1,1,0,1,1
context_153622.json,structured,6,6,0,1,1
context_153622.json,root_preamble,1,1,0,1,1
context_153634.json,structured,12,12,0,1,1
context_153634.json,root_preamble,1,1,0,1,1
context_153658.json,structured,26,26,0,1,1
context_153658.json,root_preamble,1,1,0,1,1
context_153679.json,structured,4,4,0,1,1
context_153679.json,root_preamble,1,1,0,1,1
context_153836.json,structured,18,18,0,1,1
context_153836.json,root_preamble,1,1,0,1,1
context_153842.json,structured,10,10,0,1,1
context_153842.json,root_preamble,1,1,0,1,1
context_153867.json,structured,46,46,0,1,1
context_153867.json,root_preamble,1,1,0,1,1
context_153883.json,structured,19,19,0,1,1
context_153883.json,root_preamble,1,1,0,1,1
context_153914.json,structured,25,25,0,1,1
context_153914.json,root_preamble,1,1,0,1,1
context_153961.json,structured,16,16,0,1,1
context_153961.json,root_preamble,1,1,0,1,1
context_153988.json,unstructured_whole,1,1,0,1,1
context_153997.json,structured,4,4,0,1,1
context_153997.json,root_preamble,1,1,0,1,1
context_153999.json,structured,14,14,0,1,1
context_153999.json,root_preamble,1,1,0,1,1
context_154.json,structured,20,20,0,1,1
context_154.json,root_preamble,1,1,0,1,1
context_154031.json,structured,26,26,0,1,1
context_154031.json,root_preamble,1,1,0,1,1
context_154093.json,structured,49,49,0,1,1
context_154093.json,root_preamble,1,1,0,1,1
context_154212.json,structured,5,5,0,1,1
context_154212.json,root_preamble,1,1,0,1,1
context_154222.json,structured,51,51,0,1,1
context_154222.json,root_preamble,1,1,0,1,1
context_154236.json,structured,8,8,0,1,1
context_154236.json,root_preamble,1,1,0,1,1
context_154266.json,structured,44,44,0,1,1
context_154266.json,root_preamble,1,1,0,1,1
context_154308.json,structured,9,9,0,1,1
context_154308.json,root_preamble,1,1,0,1,1
context_154313.json,structured,3,3,0,1,1
context_154313.json,root_preamble,1,1,0,1,1
context_154334.json,structured,32,32,0,1,1
context_154334.json,root_preamble,1,1,0,1,1
context_154389.json,structured,10,10,0,1,1
context_154389.json,root_preamble,1,1,0,1,1
context_154404.json,structured,25,25,0,1,1
context_154404.json,root_preamble,1,1,0,1,1
context_154420.json,structured,35,35,0,1,1
context_154420.json,root_preamble,1,1,0,1,1
context_154516.json,structured,38,38,0,1,1
context_154516.json,root_preamble,1,1,0,1,1
context_154615.json,structured,15,15,0,1,1
context_154615.json,root_preamble,1,1,0,1,1
context_154667.json,structured,43,43,0,1,1
context_154667.json,root_preamble,1,1,0,1,1
context_154734.json,unstructured_whole,1,1,0,1,1
context_154759.json,structured,17,17,0,1,1
context_154759.json,root_preamble,1,1,0,1,1
context_154819.json,structured,5,5,0,1,1
context_154819.json,root_preamble,1,1,0,1,1
context_154854.json,structured,7,7,0,1,1
context_154854.json,root_preamble,1,1,0,1,1
context_15486.json,structured,23,23,0,1,1
context_15486.json,root_preamble,1,1,0,1,1
context_154872.json,structured,5,5,0,1,1
context_154872.json,root_preamble,1,1,0,1,1
context_15491.json,structured,83,83,0,1,1
context_15491.json,root_preamble,1,1,0,1,1
context_155024.json,structured,31,31,0,1,1
context_155024.json,root_preamble,1,1,0,1,1
context_155065.json,structured,25,25,0,1,1
context_155065.json,root_preamble,1,1,0,1,1
context_155085.json,structured,24,24,0,1,1
context_155085.json,root_preamble,1,1,0,1,1
context_155086.json,structured,1,1,0,1,1
context_155086.json,root_preamble,1,1,0,1,1
context_155102.json,structured,3,3,0,1,1
context_155102.json,root_preamble,1,1,0,1,1
context_155109.json,structured,9,9,0,1,1
context_155109.json,root_preamble,1,1,0,1,1
context_155153.json,structured,10,10,0,1,1
context_155153.json,root_preamble,1,1,0,1,1
context_155157.json,structured,8,8,0,1,1
context_155157.json,root_preamble,1,1,0,1,1
context_155296.json,structured,58,58,0,1,1
context_155296.json,root_preamble,1,1,0,1,1
context_15533.json,structured,10,10,0,1,1
context_15533.json,root_preamble,1,1,0,1,1
context_155346.json,structured,39,39,0,1,1
context_155346.json,root_preamble,1,1,0,1,1
context_155368.json,unstructured_whole,1,1,0,1,1
context_155384.json,structured,10,10,0,1,1
context_155384.json,root_preamble,1,1,0,1,1
context_155417.json,structured,21,21,0,1,1
context_155417.json,root_preamble,1,1,0,1,1
context_155437.json,structured,5,5,0,1,1
context_155437.json,root_preamble,1,1,0,1,1
context_155448.json,structured,1,1,0,1,1
context_155448.json,root_preamble,1,1,0,1,1
context_155449.json,structured,20,20,0,1,1
context_155449.json,root_preamble,1,1,0,1,1
context_155454.json,unstructured_whole,1,1,0,1,1
context_155461.json,structured,1,1,0,1,1
context_155461.json,root_preamble,1,1,0,1,1
context_155479.json,structured,34,34,0,1,1
context_155479.json,root_preamble,1,1,0,1,1
context_155483.json,structured,6,6,0,1,1
context_155483.json,root_preamble,1,1,0,1,1
context_1555.json,structured,18,18,0,1,1
context_1555.json,root_preamble,1,1,0,1,1
context_155579.json,structured,12,12,0,1,1
context_155579.json,root_preamble,1,1,0,1,1
context_155619.json,structured,10,10,0,1,1
context_155619.json,root_preamble,1,1,0,1,1
context_155620.json,structured,3,3,0,1,1
context_155620.json,root_preamble,1,1,0,1,1
context_155714.json,unstructured_whole,1,1,0,1,1
context_155748.json,structured,33,33,0,1,1
context_155748.json,root_preamble,1,1,0,1,1
context_155788.json,structured,6,6,0,1,1
context_155788.json,root_preamble,1,1,0,1,1
context_155791.json,structured,7,7,0,1,1
context_155791.json,root_preamble,1,1,0,1,1
context_155798.json,structured,16,16,0,1,1
context_155798.json,root_preamble,1,1,0,1,1
context_155854.json,unstructured_whole,1,1,0,1,1
context_15586.json,structured,4,4,0,1,1
context_15586.json,root_preamble,1,1,0,1,1
context_155863.json,structured,16,16,0,1,1
context_155863.json,root_preamble,1,1,0,1,1
context_155884.json,structured,7,7,0,1,1
context_155884.json,root_preamble,1,1,0,1,1
context_155909.json,unstructured_whole,1,1,0,1,1
context_155923.json,structured,28,28,0,1,1
context_155923.json,root_preamble,1,1,0,1,1
context_155934.json,structured,5,5,0,1,1
context_155934.json,root_preamble,1,1,0,1,1
context_155942.json,structured,20,20,0,1,1
context_155942.json,root_preamble,1,1,0,1,1
context_156.json,structured,197,197,0,1,1
context_156.json,root_preamble,1,1,0,1,1
context_156029.json,structured,7,7,0,1,1
context_156029.json,root_preamble,1,1,0,1,1
context_15612.json,structured,6,6,0,1,1
context_15612.json,root_preamble,1,1,0,1,1
context_15627.json,structured,32,32,0,1,1
context_15627.json,root_preamble,1,1,0,1,1
context_15628.json,structured,374,374,0,1,1
context_15628.json,root_preamble,1,1,0,1,1
context_156293.json,structured,30,30,0,1,1
context_156293.json,root_preamble,1,1,0,1,1
context_15631.json,structured,4,4,0,1,1
context_15631.json,root_preamble,1,1,0,1,1
context_156354.json,structured,34,34,0,1,1
context_156354.json,root_preamble,1,1,0,1,1
context_156358.json,structured,32,32,0,1,1
context_156358.json,root_preamble,1,1,0,1,1
context_156443.json,structured,31,31,0,1,1
context_156443.json,root_preamble,1,1,0,1,1
context_15648.json,structured,23,23,0,1,1
context_15648.json,root_preamble,1,1,0,1,1
context_156483.json,structured,35,35,0,1,1
context_156483.json,root_preamble,1,1,0,1,1
context_156500.json,structured,5,5,0,1,1
context_156500.json,root_preamble,1,1,0,1,1
context_156593.json,structured,29,29,0,1,1
context_156593.json,root_preamble,1,1,0,1,1
context_156617.json,structured,3,3,0,1,1
context_156617.json,root_preamble,1,1,0,1,1
context_156635.json,structured,6,6,0,1,1
context_156635.json,root_preamble,1,1,0,1,1
context_156637.json,structured,18,18,0,1,1
context_156637.json,root_preamble,1,1,0,1,1
context_156728.json,unstructured_whole,1,1,0,1,1
context_15675.json,structured,14,14,0,1,1
context_15675.json,root_preamble,1,1,0,1,1
context_156759.json,structured,21,21,0,1,1
context_156759.json,root_preamble,1,1,0,1,1
context_156870.json,structured,18,18,0,1,1
context_156870.json,root_preamble,1,1,0,1,1
context_156886.json,structured,24,24,0,1,1
context_156886.json,root_preamble,1,1,0,1,1
context_156985.json,structured,22,22,0,1,1
context_156985.json,root_preamble,1,1,0,1,1
context_157012.json,structured,7,7,0,1,1
context_157012.json,root_preamble,1,1,0,1,1
context_157085.json,structured,17,17,0,1,1
context_157085.json,root_preamble,1,1,0,1,1
context_157128.json,structured,57,57,0,1,1
context_157128.json,root_preamble,1,1,0,1,1
context_157134.json,structured,18,18,0,1,1
context_157134.json,root_preamble,1,1,0,1,1
context_157168.json,structured,85,85,0,1,1
context_157168.json,root_preamble,1,1,0,1,1
context_157195.json,structured,9,9,0,1,1
context_157195.json,root_preamble,1,1,0,1,1
context_157284.json,structured,27,27,0,1,1
context_157284.json,root_preamble,1,1,0,1,1
context_157311.json,structured,45,45,0,1,1
context_157311.json,root_preamble,1,1,0,1,1
context_157312.json,structured,5,5,0,1,1
context_157312.json,root_preamble,1,1,0,1,1
context_157356.json,structured,7,7,0,1,1
context_157356.json,root_preamble,1,1,0,1,1
context_157393.json,structured,35,35,0,1,1
context_157393.json,root_preamble,1,1,0,1,1
context_157517.json,structured,40,40,0,1,1
context_157517.json,root_preamble,1,1,0,1,1
context_15753.json,structured,15,15,0,1,1
context_15753.json,root_preamble,1,1,0,1,1
context_157596.json,structured,7,7,0,1,1
context_157596.json,root_preamble,1,1,0,1,1
context_1576.json,structured,20,20,0,1,1
context_1576.json,root_preamble,1,1,0,1,1
context_157641.json,structured,10,10,0,1,1
context_157641.json,root_preamble,1,1,0,1,1
context_157647.json,structured,6,6,0,1,1
context_157647.json,root_preamble,1,1,0,1,1
context_157768.json,structured,24,24,0,1,1
context_157768.json,root_preamble,1,1,0,1,1
context_15780.json,structured,34,34,0,1,1
context_15780.json,root_preamble,1,1,0,1,1
context_157863.json,structured,5,5,0,1,1
context_157863.json,root_preamble,1,1,0,1,1
context_157891.json,structured,14,14,0,1,1
context_157891.json,root_preamble,1,1,0,1,1
context_158007.json,unstructured_whole,1,1,0,1,1
context_15810.json,structured,10,10,0,1,1
context_15810.json,root_preamble,1,1,0,1,1
context_158121.json,structured,2,2,0,1,1
context_158121.json,root_preamble,1,1,0,1,1
context_158135.json,structured,6,6,0,1,1
context_158135.json,root_preamble,1,1,0,1,1
context_158156.json,structured,23,23,0,1,1
context_158156.json,root_preamble,1,1,0,1,1
context_158189.json,structured,27,27,0,1,1
context_158189.json,root_preamble,1,1,0,1,1
context_158275.json,structured,11,11,0,1,1
context_158275.json,root_preamble,1,1,0,1,1
context_158293.json,structured,12,12,0,1,1
context_158293.json,root_preamble,1,1,0,1,1
context_158296.json,structured,30,30,0,1,1
context_158296.json,root_preamble,1,1,0,1,1
context_15830.json,structured,29,29,0,1,1
context_15830.json,root_preamble,1,1,0,1,1
context_158345.json,structured,16,16,0,1,1
context_158345.json,root_preamble,1,1,0,1,1
context_158410.json,structured,31,31,0,1,1
context_158410.json,root_preamble,1,1,0,1,1
context_158465.json,structured,22,22,0,1,1
context_158465.json,root_preamble,1,1,0,1,1
context_158587.json,structured,25,25,0,1,1
context_158587.json,root_preamble,1,1,0,1,1
context_158596.json,structured,43,43,0,1,1
context_158596.json,root_preamble,1,1,0,1,1
context_158656.json,structured,6,6,0,1,1
context_158656.json,root_preamble,1,1,0,1,1
context_158687.json,structured,20,20,0,1,1
context_158687.json,root_preamble,1,1,0,1,1
context_158798.json,structured,10,10,0,1,1
context_158798.json,root_preamble,1,1,0,1,1
context_158833.json,structured,19,19,0,1,1
context_158833.json,root_preamble,1,1,0,1,1
context_158914.json,unstructured_whole,1,1,0,1,1
context_158934.json,structured,5,5,0,1,1
context_158934.json,root_preamble,1,1,0,1,1
context_158937.json,structured,6,6,0,1,1
context_158937.json,root_preamble,1,1,0,1,1
context_158974.json,structured,5,5,0,1,1
context_158974.json,root_preamble,1,1,0,1,1
context_159049.json,structured,5,5,0,1,1
context_159049.json,root_preamble,1,1,0,1,1
context_159059.json,structured,22,22,0,1,1
context_159059.json,root_preamble,1,1,0,1,1
context_159061.json,structured,1,1,0,1,1
context_159061.json,root_preamble,1,1,0,1,1
context_159062.json,structured,6,6,0,1,1
context_159062.json,root_preamble,1,1,0,1,1
context_159068.json,structured,16,16,0,1,1
context_159068.json,root_preamble,1,1,0,1,1
context_159072.json,structured,4,4,0,1,1
context_159072.json,root_preamble,1,1,0,1,1
context_159075.json,structured,1,1,0,1,1
context_159075.json,root_preamble,1,1,0,1,1
context_159081.json,structured,19,19,0,1,1
context_159081.json,root_preamble,1,1,0,1,1
context_159101.json,structured,16,16,0,1,1
context_159101.json,root_preamble,1,1,0,1,1
context_159107.json,structured,4,4,0,1,1
context_159107.json,root_preamble,1,1,0,1,1
context_159112.json,structured,3,3,0,1,1
context_159112.json,root_preamble,1,1,0,1,1
context_159162.json,structured,24,24,0,1,1
context_159162.json,root_preamble,1,1,0,1,1
context_159179.json,structured,53,53,0,1,1
context_159179.json,root_preamble,1,1,0,1,1
context_159188.json,structured,9,9,0,1,1
context_159188.json,root_preamble,1,1,0,1,1
context_15921.json,structured,6,6,0,1,1
context_15921.json,root_preamble,1,1,0,1,1
context_15924.json,structured,9,9,0,1,1
context_15924.json,root_preamble,1,1,0,1,1
context_159349.json,structured,26,26,0,1,1
context_159349.json,root_preamble,1,1,0,1,1
context_159359.json,structured,2,2,0,1,1
context_159359.json,root_preamble,1,1,0,1,1
context_159406.json,structured,3,3,0,1,1
context_159406.json,root_preamble,1,1,0,1,1
context_159430.json,structured,4,4,0,1,1
context_159430.json,root_preamble,1,1,0,1,1
context_159442.json,structured,23,23,0,1,1
context_159442.json,root_preamble,1,1,0,1,1
context_159477.json,structured,31,31,0,1,1
context_159477.json,root_preamble,1,1,0,1,1
context_159498.json,structured,32,32,0,1,1
context_159498.json,root_preamble,1,1,0,1,1
context_15953.json,structured,36,36,0,1,1
context_15953.json,root_preamble,1,1,0,1,1
context_159662.json,structured,6,6,0,1,1
context_159662.json,root_preamble,1,1,0,1,1
context_159703.json,structured,22,22,0,1,1
context_159703.json,root_preamble,1,1,0,1,1
context_159712.json,structured,12,12,0,1,1
context_159712.json,root_preamble,1,1,0,1,1
context_159716.json,structured,7,7,0,1,1
context_159716.json,root_preamble,1,1,0,1,1
context_159752.json,structured,11,11,0,1,1
context_159752.json,root_preamble,1,1,0,1,1
context_159763.json,structured,6,6,0,1,1
context_159763.json,root_preamble,1,1,0,1,1
context_159809.json,structured,31,31,0,1,1
context_159809.json,root_preamble,1,1,0,1,1
context_159830.json,unstructured_whole,1,1,0,1,1
context_159855.json,structured,2,2,0,1,1
context_159855.json,root_preamble,1,1,0,1,1
context_159892.json,structured,9,9,0,1,1
context_159892.json,root_preamble,1,1,0,1,1
context_15992.json,structured,7,7,0,1,1
context_15992.json,root_preamble,1,1,0,1,1
context_159927.json,structured,15,15,0,1,1
context_159927.json,root_preamble,1,1,0,1,1
context_159960.json,structured,23,23,0,1,1
context_159960.json,root_preamble,1,1,0,1,1
context_160025.json,structured,7,7,0,1,1
context_160025.json,root_preamble,1,1,0,1,1
context_160032.json,structured,2,2,0,1,1
context_160032.json,root_preamble,1,1,0,1,1
context_160047.json,structured,44,44,0,1,1
context_160047.json,root_preamble,1,1,0,1,1
context_160120.json,structured,238,238,0,1,1
context_160120.json,root_preamble,1,1,0,1,1
context_160160.json,structured,6,6,0,1,1
context_160160.json,root_preamble,1,1,0,1,1
context_160217.json,unstructured_whole,1,1,0,1,1
context_160224.json,structured,11,11,0,1,1
context_160224.json,root_preamble,1,1,0,1,1
context_160239.json,unstructured_whole,1,1,0,1,1
context_160300.json,structured,23,23,0,1,1
context_160300.json,root_preamble,1,1,0,1,1
context_160377.json,structured,4,4,0,1,1
context_160377.json,root_preamble,1,1,0,1,1
context_160381.json,structured,41,41,0,1,1
context_160381.json,root_preamble,1,1,0,1,1
context_160416.json,structured,2,2,0,1,1
context_160416.json,root_preamble,1,1,0,1,1
context_160470.json,unstructured_whole,1,1,0,1,1
context_160483.json,structured,7,7,0,1,1
context_160483.json,root_preamble,1,1,0,1,1
context_16058.json,structured,6,6,0,1,1
context_16058.json,root_preamble,1,1,0,1,1
context_160655.json,structured,13,13,0,1,1
context_160655.json,root_preamble,1,1,0,1,1
context_160668.json,structured,61,61,0,1,1
context_160668.json,root_preamble,1,1,0,1,1
context_160675.json,structured,13,13,0,1,1
context_160675.json,root_preamble,1,1,0,1,1
context_16073.json,structured,58,58,0,1,1
context_16073.json,root_preamble,1,1,0,1,1
context_160745.json,structured,44,44,0,1,1
context_160745.json,root_preamble,1,1,0,1,1
context_160771.json,structured,14,14,0,1,1
context_160771.json,root_preamble,1,1,0,1,1
context_160848.json,structured,7,7,0,1,1
context_160848.json,root_preamble,1,1,0,1,1
context_160924.json,unstructured_whole,1,1,0,1,1
context_160947.json,structured,29,29,0,1,1
context_160947.json,root_preamble,1,1,0,1,1
context_160968.json,unstructured_whole,1,1,0,1,1
context_160980.json,unstructured_whole,1,1,0,1,1
context_161003.json,structured,16,16,0,1,1
context_161003.json,root_preamble,1,1,0,1,1
context_161022.json,structured,49,49,0,1,1
context_161022.json,root_preamble,1,1,0,1,1
context_161027.json,structured,8,8,0,1,1
context_161027.json,root_preamble,1,1,0,1,1
context_161028.json,structured,2,2,0,1,1
context_161028.json,root_preamble,1,1,0,1,1
context_161030.json,structured,7,7,0,1,1
context_161030.json,root_preamble,1,1,0,1,1
context_161034.json,structured,15,15,0,1,1
context_161034.json,root_preamble,1,1,0,1,1
context_161080.json,structured,6,6,0,1,1
context_161080.json,root_preamble,1,1,0,1,1
context_161104.json,structured,29,29,0,1,1
context_161104.json,root_preamble,1,1,0,1,1
context_161110.json,structured,1,1,0,1,1
context_161110.json,root_preamble,1,1,0,1,1
context_161138.json,structured,37,37,0,1,1
context_161138.json,root_preamble,1,1,0,1,1
context_161158.json,structured,30,30,0,1,1
context_161158.json,root_preamble,1,1,0,1,1
context_161167.json,structured,31,31,0,1,1
context_161167.json,root_preamble,1,1,0,1,1
context_161176.json,structured,19,19,0,1,1
context_161176.json,root_preamble,1,1,0,1,1
context_161233.json,structured,27,27,0,1,1
context_161233.json,root_preamble,1,1,0,1,1
context_161237.json,structured,26,26,0,1,1
context_161237.json,root_preamble,1,1,0,1,1
context_161260.json,structured,21,21,0,1,1
context_161260.json,root_preamble,1,1,0,1,1
context_161283.json,structured,2,2,0,1,1
context_161283.json,root_preamble,1,1,0,1,1
context_161295.json,structured,5,5,0,1,1
context_161295.json,root_preamble,1,1,0,1,1
context_161323.json,structured,66,66,0,1,1
context_161323.json,root_preamble,1,1,0,1,1
context_161384.json,structured,1,1,0,1,1
context_161384.json,root_preamble,1,1,0,1,1
context_161425.json,structured,13,13,0,1,1
context_161425.json,root_preamble,1,1,0,1,1
context_161439.json,structured,35,35,0,1,1
context_161439.json,root_preamble,1,1,0,1,1
context_161441.json,structured,3,3,0,1,1
context_161441.json,root_preamble,1,1,0,1,1
context_161454.json,structured,76,76,0,1,1
context_161454.json,root_preamble,1,1,0,1,1
context_161465.json,structured,23,23,0,1,1
context_161465.json,root_preamble,1,1,0,1,1
context_161471.json,structured,17,17,0,1,1
context_161471.json,root_preamble,1,1,0,1,1
context_161495.json,structured,3,3,0,1,1
context_161495.json,root_preamble,1,1,0,1,1
context_16157.json,structured,12,12,0,1,1
context_16157.json,root_preamble,1,1,0,1,1
context_161597.json,structured,26,26,0,1,1
context_161597.json,root_preamble,1,1,0,1,1
context_1616.json,structured,23,23,0,1,1
context_1616.json,root_preamble,1,1,0,1,1
context_161656.json,structured,4,4,0,1,1
context_161656.json,root_preamble,1,1,0,1,1
context_161677.json,structured,23,23,0,1,1
context_161677.json,root_preamble,1,1,0,1,1
context_161687.json,structured,8,8,0,1,1
context_161687.json,root_preamble,1,1,0,1,1
context_161724.json,structured,9,9,0,1,1
context_161724.json,root_preamble,1,1,0,1,1
context_161738.json,unstructured_whole,1,1,0,1,1
context_161768.json,structured,28,28,0,1,1
context_161768.json,root_preamble,1,1,0,1,1
context_161840.json,unstructured_whole,1,1,0,1,1
context_161848.json,structured,94,94,0,1,1
context_161848.json,root_preamble,1,1,0,1,1
context_161849.json,structured,39,39,0,1,1
context_161849.json,root_preamble,1,1,0,1,1
context_161918.json,structured,4,4,0,1,1
context_161918.json,root_preamble,1,1,0,1,1
context_161938.json,structured,30,30,0,1,1
context_161938.json,root_preamble,1,1,0,1,1
context_16194.json,structured,30,30,0,1,1
context_16194.json,root_preamble,1,1,0,1,1
context_161949.json,structured,171,171,0,1,1
context_161949.json,root_preamble,1,1,0,1,1
context_161969.json,structured,11,11,0,1,1
context_161969.json,root_preamble,1,1,0,1,1
context_161984.json,structured,97,97,0,1,1
context_161984.json,root_preamble,1,1,0,1,1
context_161993.json,structured,14,14,0,1,1
context_161993.json,root_preamble,1,1,0,1,1
context_162043.json,structured,9,9,0,1,1
context_162043.json,root_preamble,1,1,0,1,1
context_16208.json,structured,8,8,0,1,1
context_16208.json,root_preamble,1,1,0,1,1
context_162084.json,structured,11,11,0,1,1
context_162084.json,root_preamble,1,1,0,1,1
context_162095.json,structured,102,102,0,1,1
context_162095.json,root_preamble,1,1,0,1,1
context_162143.json,structured,13,13,0,1,1
context_162143.json,root_preamble,1,1,0,1,1
context_162150.json,structured,34,34,0,1,1
context_162150.json,root_preamble,1,1,0,1,1
context_162157.json,structured,25,25,0,1,1
context_162157.json,root_preamble,1,1,0,1,1
context_162178.json,structured,2,2,0,1,1
context_162178.json,root_preamble,1,1,0,1,1
context_162223.json,structured,22,22,0,1,1
context_162223.json,root_preamble,1,1,0,1,1
context_162235.json,structured,16,16,0,1,1
context_162235.json,root_preamble,1,1,0,1,1
context_16224.json,structured,3,3,0,1,1
context_16224.json,root_preamble,1,1,0,1,1
context_162262.json,structured,6,6,0,1,1
context_162262.json,root_preamble,1,1,0,1,1
context_162267.json,structured,66,66,0,1,1
context_162267.json,root_preamble,1,1,0,1,1
context_16227.json,structured,11,11,0,1,1
context_16227.json,root_preamble,1,1,0,1,1
context_162283.json,structured,16,16,0,1,1
context_162283.json,root_preamble,1,1,0,1,1
context_162307.json,structured,6,6,0,1,1
context_162307.json,root_preamble,1,1,0,1,1
context_162368.json,unstructured_whole,1,1,0,1,1
context_162383.json,structured,15,15,0,1,1
context_162383.json,root_preamble,1,1,0,1,1
context_162416.json,structured,26,26,0,1,1
context_162416.json,root_preamble,1,1,0,1,1
context_162417.json,structured,34,34,0,1,1
context_162417.json,root_preamble,1,1,0,1,1
context_162426.json,structured,8,8,0,1,1
context_162426.json,root_preamble,1,1,0,1,1
context_162504.json,structured,29,29,0,1,1
context_162504.json,root_preamble,1,1,0,1,1
context_162533.json,structured,15,15,0,1,1
context_162533.json,root_preamble,1,1,0,1,1
context_162571.json,structured,29,29,0,1,1
context_162571.json,root_preamble,1,1,0,1,1
context_162584.json,structured,68,68,0,1,1
context_162584.json,root_preamble,1,1,0,1,1
context_162606.json,structured,7,7,0,1,1
context_162606.json,root_preamble,1,1,0,1,1
context_162661.json,structured,45,45,0,1,1
context_162661.json,root_preamble,1,1,0,1,1
context_162693.json,structured,1,1,0,1,1
context_162693.json,root_preamble,1,1,0,1,1
context_162700.json,structured,13,13,0,1,1
context_162700.json,root_preamble,1,1,0,1,1
context_162736.json,structured,16,16,0,1,1
context_162736.json,root_preamble,1,1,0,1,1
context_162784.json,structured,15,15,0,1,1
context_162784.json,root_preamble,1,1,0,1,1
context_162791.json,structured,32,32,0,1,1
context_162791.json,root_preamble,1,1,0,1,1
context_162827.json,structured,7,7,0,1,1
context_162827.json,root_preamble,1,1,0,1,1
context_162837.json,structured,17,17,0,1,1
context_162837.json,root_preamble,1,1,0,1,1
context_162849.json,structured,61,61,0,1,1
context_162849.json,root_preamble,1,1,0,1,1
context_162888.json,structured,6,6,0,1,1
context_162888.json,root_preamble,1,1,0,1,1
context_16301.json,structured,39,39,0,1,1
context_16301.json,root_preamble,1,1,0,1,1
context_163016.json,structured,17,17,0,1,1
context_163016.json,root_preamble,1,1,0,1,1
context_163021.json,structured,5,5,0,1,1
context_163021.json,root_preamble,1,1,0,1,1
context_163023.json,structured,14,14,0,1,1
context_163023.json,root_preamble,1,1,0,1,1
context_163035.json,structured,20,20,0,1,1
context_163035.json,root_preamble,1,1,0,1,1
context_163060.json,structured,26,26,0,1,1
context_163060.json,root_preamble,1,1,0,1,1
context_163084.json,structured,107,107,0,1,1
context_163084.json,root_preamble,1,1,0,1,1
context_163108.json,structured,5,5,0,1,1
context_163108.json,root_preamble,1,1,0,1,1
context_163114.json,structured,13,13,0,1,1
context_163114.json,root_preamble,1,1,0,1,1
context_163125.json,unstructured_whole,1,1,0,1,1
context_163128.json,structured,75,75,0,1,1
context_163128.json,root_preamble,1,1,0,1,1
context_163156.json,structured,5,5,0,1,1
context_163156.json,root_preamble,1,1,0,1,1
context_163187.json,structured,20,20,0,1,1
context_163187.json,root_preamble,1,1,0,1,1
context_163224.json,structured,41,41,0,1,1
context_163224.json,root_preamble,1,1,0,1,1
context_163245.json,structured,2,2,0,1,1
context_163245.json,root_preamble,1,1,0,1,1
context_163247.json,structured,21,21,0,1,1
context_163247.json,root_preamble,1,1,0,1,1
context_163254.json,structured,10,10,0,1,1
context_163254.json,root_preamble,1,1,0,1,1
context_163259.json,structured,14,14,0,1,1
context_163259.json,root_preamble,1,1,0,1,1
context_163261.json,structured,2,2,0,1,1
context_163261.json,root_preamble,1,1,0,1,1
context_163273.json,structured,43,43,0,1,1
context_163273.json,root_preamble,1,1,0,1,1
context_163290.json,structured,36,36,0,1,1
context_163290.json,root_preamble,1,1,0,1,1
context_163333.json,structured,5,5,0,1,1
context_163333.json,root_preamble,1,1,0,1,1
context_163407.json,structured,25,25,0,1,1
context_163407.json,root_preamble,1,1,0,1,1
context_163422.json,structured,8,8,0,1,1
context_163422.json,root_preamble,1,1,0,1,1
context_163424.json,structured,13,13,0,1,1
context_163424.json,root_preamble,1,1,0,1,1
context_163451.json,structured,6,6,0,1,1
context_163451.json,root_preamble,1,1,0,1,1
context_163464.json,structured,60,60,0,1,1
context_163464.json,root_preamble,1,1,0,1,1
context_163471.json,unstructured_whole,1,1,0,1,1
context_163477.json,structured,26,26,0,1,1
context_163477.json,root_preamble,1,1,0,1,1
context_163480.json,unstructured_whole,1,1,0,1,1
context_163500.json,structured,43,43,0,1,1
context_163500.json,root_preamble,1,1,0,1,1
context_163525.json,structured,27,27,0,1,1
context_163525.json,root_preamble,1,1,0,1,1
context_163533.json,structured,25,25,0,1,1
context_163533.json,root_preamble,1,1,0,1,1
context_163581.json,structured,12,12,0,1,1
context_163581.json,root_preamble,1,1,0,1,1
context_163606.json,structured,8,8,0,1,1
context_163606.json,root_preamble,1,1,0,1,1
context_163625.json,structured,9,9,0,1,1
context_163625.json,root_preamble,1,1,0,1,1
context_163662.json,structured,3,3,0,1,1
context_163662.json,root_preamble,1,1,0,1,1
context_163666.json,structured,5,5,0,1,1
context_163666.json,root_preamble,1,1,0,1,1
context_163673.json,structured,4,4,0,1,1
context_163673.json,root_preamble,1,1,0,1,1
context_163694.json,structured,14,14,0,1,1
context_163694.json,root_preamble,1,1,0,1,1
context_163773.json,structured,19,19,0,1,1
context_163773.json,root_preamble,1,1,0,1,1
context_16384.json,structured,18,18,0,1,1
context_16384.json,root_preamble,1,1,0,1,1
context_163844.json,structured,28,28,0,1,1
context_163844.json,root_preamble,1,1,0,1,1
context_163912.json,structured,17,17,0,1,1
context_163912.json,root_preamble,1,1,0,1,1
context_163925.json,structured,2,2,0,1,1
context_163925.json,root_preamble,1,1,0,1,1
context_163943.json,structured,3,3,0,1,1
context_163943.json,root_preamble,1,1,0,1,1
context_163956.json,structured,4,4,0,1,1
context_163956.json,root_preamble,1,1,0,1,1
context_163970.json,structured,60,60,0,1,1
context_163970.json,root_preamble,1,1,0,1,1
context_163974.json,structured,14,14,0,1,1
context_163974.json,root_preamble,1,1,0,1,1
context_163988.json,unstructured_whole,1,1,0,1,1
context_164058.json,structured,19,19,0,1,1
context_164058.json,root_preamble,1,1,0,1,1
context_164088.json,unstructured_whole,1,1,0,1,1
context_164130.json,structured,10,10,0,1,1
context_164130.json,root_preamble,1,1,0,1,1
context_164154.json,structured,58,58,0,1,1
context_164154.json,root_preamble,1,1,0,1,1
context_164163.json,structured,25,25,0,1,1
context_164163.json,root_preamble,1,1,0,1,1
context_164239.json,structured,40,40,0,1,1
context_164239.json,root_preamble,1,1,0,1,1
context_164317.json,structured,41,41,0,1,1
context_164317.json,root_preamble,1,1,0,1,1
context_16437.json,structured,21,21,0,1,1
context_16437.json,root_preamble,1,1,0,1,1
context_164389.json,structured,9,9,0,1,1
context_164389.json,root_preamble,1,1,0,1,1
context_164415.json,structured,34,34,0,1,1
context_164415.json,root_preamble,1,1,0,1,1
context_164444.json,structured,8,8,0,1,1
context_164444.json,root_preamble,1,1,0,1,1
context_164447.json,structured,154,154,0,1,1
context_164447.json,root_preamble,1,1,0,1,1
context_164460.json,structured,22,22,0,1,1
context_164460.json,root_preamble,1,1,0,1,1
context_164517.json,structured,5,5,0,1,1
context_164517.json,root_preamble,1,1,0,1,1
context_164520.json,structured,14,14,0,1,1
context_164520.json,root_preamble,1,1,0,1,1
context_16453.json,structured,15,15,0,1,1
context_16453.json,root_preamble,1,1,0,1,1
context_164667.json,structured,27,27,0,1,1
context_164667.json,root_preamble,1,1,0,1,1
context_164671.json,structured,9,9,0,1,1
context_164671.json,root_preamble,1,1,0,1,1
context_164687.json,structured,5,5,0,1,1
context_164687.json,root_preamble,1,1,0,1,1
context_164744.json,structured,16,16,0,1,1
context_164744.json,root_preamble,1,1,0,1,1
context_164764.json,structured,55,55,0,1,1
context_164764.json,root_preamble,1,1,0,1,1
context_164770.json,structured,43,43,0,1,1
context_164770.json,root_preamble,1,1,0,1,1
context_164807.json,structured,92,92,0,1,1
context_164807.json,root_preamble,1,1,0,1,1
context_16481.json,unstructured_whole,1,1,0,1,1
context_164821.json,structured,8,8,0,1,1
context_164821.json,root_preamble,1,1,0,1,1
context_164827.json,structured,2,2,0,1,1
context_164827.json,root_preamble,1,1,0,1,1
context_164898.json,structured,16,16,0,1,1
context_164898.json,root_preamble,1,1,0,1,1
context_164915.json,structured,59,59,0,1,1
context_164915.json,root_preamble,1,1,0,1,1
context_165007.json,structured,18,18,0,1,1
context_165007.json,root_preamble,1,1,0,1,1
context_165015.json,structured,25,25,0,1,1
context_165015.json,root_preamble,1,1,0,1,1
context_165017.json,structured,28,28,0,1,1
context_165017.json,root_preamble,1,1,0,1,1
context_165034.json,structured,2,2,0,1,1
context_165034.json,root_preamble,1,1,0,1,1
context_165049.json,structured,53,53,0,1,1
context_165049.json,root_preamble,1,1,0,1,1
context_165137.json,structured,34,34,0,1,1
context_165137.json,root_preamble,1,1,0,1,1
context_165144.json,structured,38,38,0,1,1
context_165144.json,root_preamble,1,1,0,1,1
context_165197.json,structured,4,4,0,1,1
context_165197.json,root_preamble,1,1,0,1,1
context_165214.json,structured,61,61,0,1,1
context_165214.json,root_preamble,1,1,0,1,1
context_165221.json,structured,6,6,0,1,1
context_165221.json,root_preamble,1,1,0,1,1
context_16528.json,structured,29,29,0,1,1
context_16528.json,root_preamble,1,1,0,1,1
context_165282.json,structured,17,17,0,1,1
context_165282.json,root_preamble,1,1,0,1,1
context_165290.json,structured,9,9,0,1,1
context_165290.json,root_preamble,1,1,0,1,1
context_165326.json,structured,108,108,0,1,1
context_165326.json,root_preamble,1,1,0,1,1
context_165408.json,structured,17,17,0,1,1
context_165408.json,root_preamble,1,1,0,1,1
context_16548.json,structured,4,4,0,1,1
context_16548.json,root_preamble,1,1,0,1,1
context_165529.json,structured,61,61,0,1,1
context_165529.json,root_preamble,1,1,0,1,1
context_165544.json,structured,41,41,0,1,1
context_165544.json,root_preamble,1,1,0,1,1
context_165547.json,structured,4,4,0,1,1
context_165547.json,root_preamble,1,1,0,1,1
context_165596.json,structured,50,50,0,1,1
context_165596.json,root_preamble,1,1,0,1,1
context_16570.json,structured,111,111,0,1,1
context_16570.json,root_preamble,1,1,0,1,1
context_165723.json,structured,29,29,0,1,1
context_165723.json,root_preamble,1,1,0,1,1
context_165758.json,structured,6,6,0,1,1
context_165758.json,root_preamble,1,1,0,1,1
context_165780.json,structured,315,315,0,1,1
context_165780.json,root_preamble,1,1,0,1,1
context_165807.json,structured,57,57,0,1,1
context_165807.json,root_preamble,1,1,0,1,1
context_16583.json,structured,36,36,0,1,1
context_16583.json,root_preamble,1,1,0,1,1
context_165830.json,structured,8,8,0,1,1
context_165830.json,root_preamble,1,1,0,1,1
context_165852.json,structured,32,32,0,1,1
context_165852.json,root_preamble,1,1,0,1,1
context_16586.json,structured,49,49,0,1,1
context_16586.json,root_preamble,1,1,0,1,1
context_165881.json,structured,37,37,0,1,1
context_165881.json,root_preamble,1,1,0,1,1
context_165944.json,structured,22,22,0,1,1
context_165944.json,root_preamble,1,1,0,1,1
context_16601.json,structured,17,17,0,1,1
context_16601.json,root_preamble,1,1,0,1,1
context_166011.json,structured,46,46,0,1,1
context_166011.json,root_preamble,1,1,0,1,1
context_166069.json,structured,15,15,0,1,1
context_166069.json,root_preamble,1,1,0,1,1
context_166082.json,structured,19,19,0,1,1
context_166082.json,root_preamble,1,1,0,1,1
context_166129.json,structured,12,12,0,1,1
context_166129.json,root_preamble,1,1,0,1,1
context_166167.json,structured,4,4,0,1,1
context_166167.json,root_preamble,1,1,0,1,1
context_166180.json,structured,25,25,0,1,1
context_166180.json,root_preamble,1,1,0,1,1
context_166208.json,structured,11,11,0,1,1
context_166208.json,root_preamble,1,1,0,1,1
context_166248.json,structured,14,14,0,1,1
context_166248.json,root_preamble,1,1,0,1,1
context_166280.json,structured,104,104,0,1,1
context_166280.json,root_preamble,1,1,0,1,1
context_16633.json,structured,9,9,0,1,1
context_16633.json,root_preamble,1,1,0,1,1
context_166381.json,structured,6,6,0,1,1
context_166381.json,root_preamble,1,1,0,1,1
context_166397.json,structured,1,1,0,1,1
context_166397.json,root_preamble,1,1,0,1,1
context_166414.json,structured,22,22,0,1,1
context_166414.json,root_preamble,1,1,0,1,1
context_166416.json,structured,25,25,0,1,1
context_166416.json,root_preamble,1,1,0,1,1
context_166440.json,structured,2,2,0,1,1
context_166440.json,root_preamble,1,1,0,1,1
context_166460.json,structured,11,11,0,1,1
context_166460.json,root_preamble,1,1,0,1,1
context_166468.json,structured,18,18,0,1,1
context_166468.json,root_preamble,1,1,0,1,1
context_16647.json,unstructured_whole,1,1,0,1,1
context_166489.json,structured,11,11,0,1,1
context_166489.json,root_preamble,1,1,0,1,1
context_16650.json,structured,12,12,0,1,1
context_16650.json,root_preamble,1,1,0,1,1
context_166505.json,structured,22,22,0,1,1
context_166505.json,root_preamble,1,1,0,1,1
context_166535.json,structured,6,6,0,1,1
context_166535.json,root_preamble,1,1,0,1,1
context_166590.json,structured,45,45,0,1,1
context_166590.json,root_preamble,1,1,0,1,1
context_166603.json,structured,16,16,0,1,1
context_166603.json,root_preamble,1,1,0,1,1
context_166642.json,structured,85,85,0,1,1
context_166642.json,root_preamble,1,1,0,1,1
context_166651.json,structured,4,4,0,1,1
context_166651.json,root_preamble,1,1,0,1,1
context_166696.json,structured,8,8,0,1,1
context_166696.json,root_preamble,1,1,0,1,1
context_166703.json,structured,21,21,0,1,1
context_166703.json,root_preamble,1,1,0,1,1
context_166711.json,structured,28,28,0,1,1
context_166711.json,root_preamble,1,1,0,1,1
context_166725.json,unstructured_whole,1,1,0,1,1
context_166766.json,structured,8,8,0,1,1
context_166766.json,root_preamble,1,1,0,1,1
context_166817.json,structured,19,19,0,1,1
context_166817.json,root_preamble,1,1,0,1,1
context_166866.json,structured,35,35,0,1,1
context_166866.json,root_preamble,1,1,0,1,1
context_166878.json,structured,8,8,0,1,1
context_166878.json,root_preamble,1,1,0,1,1
context_166937.json,structured,29,29,0,1,1
context_166937.json,root_preamble,1,1,0,1,1
context_166947.json,structured,64,64,0,1,1
context_166947.json,root_preamble,1,1,0,1,1
context_166973.json,structured,4,4,0,1,1
context_166973.json,root_preamble,1,1,0,1,1
context_166974.json,structured,22,22,0,1,1
context_166974.json,root_preamble,1,1,0,1,1
context_167013.json,structured,21,21,0,1,1
context_167013.json,root_preamble,1,1,0,1,1
context_167047.json,structured,33,33,0,1,1
context_167047.json,root_preamble,1,1,0,1,1
context_167092.json,structured,2,2,0,1,1
context_167092.json,root_preamble,1,1,0,1,1
context_167102.json,structured,5,5,0,1,1
context_167102.json,root_preamble,1,1,0,1,1
context_167116.json,structured,5,5,0,1,1
context_167116.json,root_preamble,1,1,0,1,1
context_167155.json,structured,1,1,0,1,1
context_167155.json,root_preamble,1,1,0,1,1
context_16719.json,structured,45,45,0,1,1
context_16719.json,root_preamble,1,1,0,1,1
context_167197.json,structured,6,6,0,1,1
context_167197.json,root_preamble,1,1,0,1,1
context_167203.json,structured,22,22,0,1,1
context_167203.json,root_preamble,1,1,0,1,1
context_167237.json,structured,19,19,0,1,1
context_167237.json,root_preamble,1,1,0,1,1
context_167250.json,structured,7,7,0,1,1
context_167250.json,root_preamble,1,1,0,1,1
context_167334.json,structured,17,17,0,1,1
context_167334.json,root_preamble,1,1,0,1,1
context_167335.json,structured,36,36,0,1,1
context_167335.json,root_preamble,1,1,0,1,1
context_167347.json,structured,6,6,0,1,1
context_167347.json,root_preamble,1,1,0,1,1
context_167359.json,structured,40,40,0,1,1
context_167359.json,root_preamble,1,1,0,1,1
context_167368.json,structured,69,69,0,1,1
context_167368.json,root_preamble,1,1,0,1,1
context_167382.json,structured,4,4,0,1,1
context_167382.json,root_preamble,1,1,0,1,1
context_167419.json,structured,11,11,0,1,1
context_167419.json,root_preamble,1,1,0,1,1
context_167439.json,structured,39,39,0,1,1
context_167439.json,root_preamble,1,1,0,1,1
context_16745.json,unstructured_whole,1,1,0,1,1
context_167494.json,structured,23,23,0,1,1
context_167494.json,root_preamble,1,1,0,1,1
context_167520.json,structured,23,23,0,1,1
context_167520.json,root_preamble,1,1,0,1,1
context_16754.json,structured,13,13,0,1,1
context_16754.json,root_preamble,1,1,0,1,1
context_167545.json,structured,34,34,0,1,1
context_167545.json,root_preamble,1,1,0,1,1
context_16756.json,structured,36,36,0,1,1
context_16756.json,root_preamble,1,1,0,1,1
context_16757.json,unstructured_whole,1,1,0,1,1
context_167620.json,structured,24,24,0,1,1
context_167620.json,root_preamble,1,1,0,1,1
context_167695.json,structured,16,16,0,1,1
context_167695.json,root_preamble,1,1,0,1,1
context_167721.json,unstructured_whole,1,1,0,1,1
context_167786.json,structured,32,32,0,1,1
context_167786.json,root_preamble,1,1,0,1,1
context_167793.json,structured,8,8,0,1,1
context_167793.json,root_preamble,1,1,0,1,1
context_167822.json,structured,5,5,0,1,1
context_167822.json,root_preamble,1,1,0,1,1
context_1679.json,structured,59,59,0,1,1
context_1679.json,root_preamble,1,1,0,1,1
context_167933.json,structured,7,7,0,1,1
context_167933.json,root_preamble,1,1,0,1,1
context_167964.json,structured,34,34,0,1,1
context_167964.json,root_preamble,1,1,0,1,1
context_168163.json,structured,170,170,0,1,1
context_168163.json,root_preamble,1,1,0,1,1
context_168260.json,unstructured_whole,1,1,0,1,1
context_168269.json,structured,5,5,0,1,1
context_168269.json,root_preamble,1,1,0,1,1
context_168278.json,structured,11,11,0,1,1
context_168278.json,root_preamble,1,1,0,1,1
context_168372.json,structured,29,29,0,1,1
context_168372.json,root_preamble,1,1,0,1,1
context_168390.json,structured,2,2,0,1,1
context_168390.json,root_preamble,1,1,0,1,1
context_168520.json,structured,24,24,0,1,1
context_168520.json,root_preamble,1,1,0,1,1
context_168533.json,structured,36,36,0,1,1
context_168533.json,root_preamble,1,1,0,1,1
context_168606.json,structured,10,10,0,1,1
context_168606.json,root_preamble,1,1,0,1,1
context_168667.json,structured,9,9,0,1,1
context_168667.json,root_preamble,1,1,0,1,1
context_168696.json,structured,5,5,0,1,1
context_168696.json,root_preamble,1,1,0,1,1
context_16872.json,structured,5,5,0,1,1
context_16872.json,root_preamble,1,1,0,1,1
context_168721.json,structured,1,1,0,1,1
context_168721.json,root_preamble,1,1,0,1,1
context_168729.json,structured,3,3,0,1,1
context_168729.json,root_preamble,1,1,0,1,1
context_168743.json,structured,4,4,0,1,1
context_168743.json,root_preamble,1,1,0,1,1
context_168749.json,structured,9,9,0,1,1
context_168749.json,root_preamble,1,1,0,1,1
context_168763.json,structured,22,22,0,1,1
context_168763.json,root_preamble,1,1,0,1,1
context_16883.json,structured,12,12,0,1,1
context_16883.json,root_preamble,1,1,0,1,1
context_168841.json,structured,2,2,0,1,1
context_168841.json,root_preamble,1,1,0,1,1
context_168886.json,structured,13,13,0,1,1
context_168886.json,root_preamble,1,1,0,1,1
context_168891.json,structured,14,14,0,1,1
context_168891.json,root_preamble,1,1,0,1,1
context_16890.json,structured,21,21,0,1,1
context_16890.json,root_preamble,1,1,0,1,1
context_168962.json,structured,4,4,0,1,1
context_168962.json,root_preamble,1,1,0,1,1
context_169018.json,unstructured_whole,1,1,0,1,1
context_169025.json,structured,17,17,0,1,1
context_169025.json,root_preamble,1,1,0,1,1
context_169055.json,structured,32,32,0,1,1
context_169055.json,root_preamble,1,1,0,1,1
context_169068.json,structured,32,32,0,1,1
context_169068.json,root_preamble,1,1,0,1,1
context_169072.json,structured,15,15,0,1,1
context_169072.json,root_preamble,1,1,0,1,1
context_169094.json,structured,57,57,0,1,1
context_169094.json,root_preamble,1,1,0,1,1
context_169119.json,structured,14,14,0,1,1
context_169119.json,root_preamble,1,1,0,1,1
context_169156.json,unstructured_whole,1,1,0,1,1
context_169215.json,structured,1,1,0,1,1
context_169215.json,root_preamble,1,1,0,1,1
context_169220.json,structured,9,9,0,1,1
context_169220.json,root_preamble,1,1,0,1,1
context_169259.json,structured,20,20,0,1,1
context_169259.json,root_preamble,1,1,0,1,1
context_169297.json,structured,18,18,0,1,1
context_169297.json,root_preamble,1,1,0,1,1
context_169300.json,structured,12,12,0,1,1
context_169300.json,root_preamble,1,1,0,1,1
context_16931.json,structured,16,16,0,1,1
context_16931.json,root_preamble,1,1,0,1,1
context_169312.json,structured,2,2,0,1,1
context_169312.json,root_preamble,1,1,0,1,1
context_169350.json,structured,33,33,0,1,1
context_169350.json,root_preamble,1,1,0,1,1
context_16938.json,structured,30,30,0,1,1
context_16938.json,root_preamble,1,1,0,1,1
context_169478.json,structured,47,47,0,1,1
context_169478.json,root_preamble,1,1,0,1,1
context_169533.json,unstructured_whole,1,1,0,1,1
context_169568.json,unstructured_whole,1,1,0,1,1
context_169572.json,structured,6,6,0,1,1
context_169572.json,root_preamble,1,1,0,1,1
context_169578.json,structured,6,6,0,1,1
context_169578.json,root_preamble,1,1,0,1,1
context_169659.json,structured,16,16,0,1,1
context_169659.json,root_preamble,1,1,0,1,1
context_169688.json,structured,35,35,0,1,1
context_169688.json,root_preamble,1,1,0,1,1
context_169734.json,structured,1,1,0,1,1
context_169734.json,root_preamble,1,1,0,1,1
context_169747.json,structured,55,55,0,1,1
context_169747.json,root_preamble,1,1,0,1,1
context_169776.json,structured,53,53,0,1,1
context_169776.json,root_preamble,1,1,0,1,1
context_169781.json,structured,5,5,0,1,1
context_169781.json,root_preamble,1,1,0,1,1
context_169785.json,unstructured_whole,1,1,0,1,1
context_169914.json,structured,20,20,0,1,1
context_169914.json,root_preamble,1,1,0,1,1
context_169917.json,structured,21,21,0,1,1
context_169917.json,root_preamble,1,1,0,1,1
context_169924.json,structured,28,28,0,1,1
context_169924.json,root_preamble,1,1,0,1,1
context_17005.json,structured,3,3,0,1,1
context_17005.json,root_preamble,1,1,0,1,1
context_170066.json,structured,23,23,0,1,1
context_170066.json,root_preamble,1,1,0,1,1
context_170096.json,structured,4,4,0,1,1
context_170096.json,root_preamble,1,1,0,1,1
context_170162.json,structured,29,29,0,1,1
context_170162.json,root_preamble,1,1,0,1,1
context_170173.json,structured,36,36,0,1,1
context_170173.json,root_preamble,1,1,0,1,1
context_170236.json,structured,5,5,0,1,1
context_170236.json,root_preamble,1,1,0,1,1
context_170248.json,structured,46,46,0,1,1
context_170248.json,root_preamble,1,1,0,1,1
context_170255.json,unstructured_whole,1,1,0,1,1
context_17028.json,structured,7,7,0,1,1
context_17028.json,root_preamble,1,1,0,1,1
context_170281.json,structured,13,13,0,1,1
context_170281.json,root_preamble,1,1,0,1,1
context_170305.json,structured,5,5,0,1,1
context_170305.json,root_preamble,1,1,0,1,1
context_170315.json,structured,8,8,0,1,1
context_170315.json,root_preamble,1,1,0,1,1
context_170373.json,unstructured_whole,1,1,0,1,1
context_170408.json,structured,8,8,0,1,1
context_170408.json,root_preamble,1,1,0,1,1
context_170409.json,structured,19,19,0,1,1
context_170409.json,root_preamble,1,1,0,1,1
context_170413.json,structured,6,6,0,1,1
context_170413.json,root_preamble,1,1,0,1,1
context_170444.json,structured,20,20,0,1,1
context_170444.json,root_preamble,1,1,0,1,1
context_170496.json,structured,23,23,0,1,1
context_170496.json,root_preamble,1,1,0,1,1
context_170512.json,structured,14,14,0,1,1
context_170512.json,root_preamble,1,1,0,1,1
context_170532.json,structured,32,32,0,1,1
context_170532.json,root_preamble,1,1,0,1,1
context_17058.json,structured,2,2,0,1,1
context_17058.json,root_preamble,1,1,0,1,1
context_170600.json,structured,18,18,0,1,1
context_170600.json,root_preamble,1,1,0,1,1
context_170691.json,structured,12,12,0,1,1
context_170691.json,root_preamble,1,1,0,1,1
context_170698.json,structured,23,23,0,1,1
context_170698.json,root_preamble,1,1,0,1,1
context_170717.json,structured,54,54,0,1,1
context_170717.json,root_preamble,1,1,0,1,1
context_170722.json,structured,30,30,0,1,1
context_170722.json,root_preamble,1,1,0,1,1
context_17073.json,structured,42,42,0,1,1
context_17073.json,root_preamble,1,1,0,1,1
context_170733.json,structured,2,2,0,1,1
context_170733.json,root_preamble,1,1,0,1,1
context_170808.json,structured,135,135,0,1,1
context_170808.json,root_preamble,1,1,0,1,1
context_170811.json,structured,33,33,0,1,1
context_170811.json,root_preamble,1,1,0,1,1
context_170911.json,structured,22,22,0,1,1
context_170911.json,root_preamble,1,1,0,1,1
context_17095.json,structured,6,6,0,1,1
context_17095.json,root_preamble,1,1,0,1,1
context_170985.json,unstructured_whole,1,1,0,1,1
context_17099.json,structured,32,32,0,1,1
context_17099.json,root_preamble,1,1,0,1,1
context_17101.json,unstructured_whole,1,1,0,1,1
context_171014.json,structured,22,22,0,1,1
context_171014.json,root_preamble,1,1,0,1,1
context_171023.json,structured,27,27,0,1,1
context_171023.json,root_preamble,1,1,0,1,1
context_171039.json,structured,22,22,0,1,1
context_171039.json,root_preamble,1,1,0,1,1
context_171145.json,structured,4,4,0,1,1
context_171145.json,root_preamble,1,1,0,1,1
context_171177.json,structured,23,23,0,1,1
context_171177.json,root_preamble,1,1,0,1,1
context_171181.json,structured,11,11,0,1,1
context_171181.json,root_preamble,1,1,0,1,1
context_171195.json,structured,28,28,0,1,1
context_171195.json,root_preamble,1,1,0,1,1
context_17123.json,unstructured_whole,1,1,0,1,1
context_171317.json,structured,4,4,0,1,1
context_171317.json,root_preamble,1,1,0,1,1
context_171342.json,structured,2,2,0,1,1
context_171342.json,root_preamble,1,1,0,1,1
context_171360.json,structured,2,2,0,1,1
context_171360.json,root_preamble,1,1,0,1,1
context_171374.json,structured,5,5,0,1,1
context_171374.json,root_preamble,1,1,0,1,1
context_171438.json,structured,5,5,0,1,1
context_171438.json,root_preamble,1,1,0,1,1
context_171442.json,structured,14,14,0,1,1
context_171442.json,root_preamble,1,1,0,1,1
context_171497.json,structured,51,51,0,1,1
context_171497.json,root_preamble,1,1,0,1,1
context_171504.json,unstructured_whole,1,1,0,1,1
context_17154.json,unstructured_whole,1,1,0,1,1
context_171569.json,structured,9,9,0,1,1
context_171569.json,root_preamble,1,1,0,1,1
context_171570.json,structured,43,43,0,1,1
context_171570.json,root_preamble,1,1,0,1,1
context_171607.json,structured,14,14,0,1,1
context_171607.json,root_preamble,1,1,0,1,1
context_171729.json,structured,46,46,0,1,1
context_171729.json,root_preamble,1,1,0,1,1
context_171772.json,structured,43,43,0,1,1
context_171772.json,root_preamble,1,1,0,1,1
context_171827.json,structured,22,22,0,1,1
context_171827.json,root_preamble,1,1,0,1,1
context_171860.json,structured,1,1,0,1,1
context_171860.json,root_preamble,1,1,0,1,1
context_171981.json,structured,21,21,0,1,1
context_171981.json,root_preamble,1,1,0,1,1
context_172048.json,structured,5,5,0,1,1
context_172048.json,root_preamble,1,1,0,1,1
context_172155.json,unstructured_whole,1,1,0,1,1
context_172167.json,structured,5,5,0,1,1
context_172167.json,root_preamble,1,1,0,1,1
context_172183.json,structured,98,98,0,1,1
context_172183.json,root_preamble,1,1,0,1,1
context_172204.json,unstructured_whole,1,1,0,1,1
context_172250.json,structured,6,6,0,1,1
context_172250.json,root_preamble,1,1,0,1,1
context_172256.json,structured,23,23,0,1,1
context_172256.json,root_preamble,1,1,0,1,1
context_17232.json,structured,41,41,0,1,1
context_17232.json,root_preamble,1,1,0,1,1
context_172356.json,structured,17,17,0,1,1
context_172356.json,root_preamble,1,1,0,1,1
context_172392.json,structured,21,21,0,1,1
context_172392.json,root_preamble,1,1,0,1,1
context_172490.json,structured,16,16,0,1,1
context_172490.json,root_preamble,1,1,0,1,1
context_172560.json,structured,166,166,0,1,1
context_172560.json,root_preamble,1,1,0,1,1
context_172789.json,structured,27,27,0,1,1
context_172789.json,root_preamble,1,1,0,1,1
context_172827.json,structured,35,35,0,1,1
context_172827.json,root_preamble,1,1,0,1,1
context_172878.json,structured,48,48,0,1,1
context_172878.json,root_preamble,1,1,0,1,1
context_172898.json,structured,3,3,0,1,1
context_172898.json,root_preamble,1,1,0,1,1
context_172914.json,structured,33,33,0,1,1
context_172914.json,root_preamble,1,1,0,1,1
context_172921.json,structured,8,8,0,1,1
context_172921.json,root_preamble,1,1,0,1,1
context_172948.json,structured,73,73,0,1,1
context_172948.json,root_preamble,1,1,0,1,1
context_172981.json,structured,4,4,0,1,1
context_172981.json,root_preamble,1,1,0,1,1
context_172983.json,structured,29,29,0,1,1
context_172983.json,root_preamble,1,1,0,1,1
context_173016.json,structured,10,10,0,1,1
context_173016.json,root_preamble,1,1,0,1,1
context_173048.json,structured,63,63,0,1,1
context_173048.json,root_preamble,1,1,0,1,1
context_17305.json,structured,5,5,0,1,1
context_17305.json,root_preamble,1,1,0,1,1
context_173071.json,structured,16,16,0,1,1
context_173071.json,root_preamble,1,1,0,1,1
context_173092.json,structured,31,31,0,1,1
context_173092.json,root_preamble,1,1,0,1,1
context_173125.json,structured,2,2,0,1,1
context_173125.json,root_preamble,1,1,0,1,1
context_173127.json,structured,24,24,0,1,1
context_173127.json,root_preamble,1,1,0,1,1
context_173192.json,structured,5,5,0,1,1
context_173192.json,root_preamble,1,1,0,1,1
context_173374.json,structured,37,37,0,1,1
context_173374.json,root_preamble,1,1,0,1,1
context_173382.json,structured,7,7,0,1,1
context_173382.json,root_preamble,1,1,0,1,1
context_173386.json,structured,20,20,0,1,1
context_173386.json,root_preamble,1,1,0,1,1
context_173392.json,structured,43,43,0,1,1
context_173392.json,root_preamble,1,1,0,1,1
context_173428.json,structured,18,18,0,1,1
context_173428.json,root_preamble,1,1,0,1,1
context_17344.json,structured,6,6,0,1,1
context_17344.json,root_preamble,1,1,0,1,1
context_173452.json,structured,61,61,0,1,1
context_173452.json,root_preamble,1,1,0,1,1
context_173490.json,structured,18,18,0,1,1
context_173490.json,root_preamble,1,1,0,1,1
context_173521.json,structured,10,10,0,1,1
context_173521.json,root_preamble,1,1,0,1,1
context_173530.json,structured,31,31,0,1,1
context_173530.json,root_preamble,1,1,0,1,1
context_173547.json,unstructured_whole,1,1,0,1,1
context_173593.json,structured,19,19,0,1,1
context_173593.json,root_preamble,1,1,0,1,1
context_173639.json,structured,5,5,0,1,1
context_173639.json,root_preamble,1,1,0,1,1
context_173650.json,structured,41,41,0,1,1
context_173650.json,root_preamble,1,1,0,1,1
context_17366.json,structured,41,41,0,1,1
context_17366.json,root_preamble,1,1,0,1,1
context_173701.json,structured,22,22,0,1,1
context_173701.json,root_preamble,1,1,0,1,1
context_173779.json,structured,25,25,0,1,1
context_173779.json,root_preamble,1,1,0,1,1
context_173802.json,structured,35,35,0,1,1
context_173802.json,root_preamble,1,1,0,1,1
context_173807.json,structured,29,29,0,1,1
context_173807.json,root_preamble,1,1,0,1,1
context_173814.json,structured,2,2,0,1,1
context_173814.json,root_preamble,1,1,0,1,1
context_173821.json,structured,21,21,0,1,1
context_173821.json,root_preamble,1,1,0,1,1
context_17391.json,structured,6,6,0,1,1
context_17391.json,root_preamble,1,1,0,1,1
context_173911.json,structured,24,24,0,1,1
context_173911.json,root_preamble,1,1,0,1,1
context_173924.json,structured,2,2,0,1,1
context_173924.json,root_preamble,1,1,0,1,1
context_17396.json,structured,20,20,0,1,1
context_17396.json,root_preamble,1,1,0,1,1
context_173990.json,structured,47,47,0,1,1
context_173990.json,root_preamble,1,1,0,1,1
context_173991.json,structured,8,8,0,1,1
context_173991.json,root_preamble,1,1,0,1,1
context_173992.json,structured,5,5,0,1,1
context_173992.json,root_preamble,1,1,0,1,1
context_174024.json,structured,26,26,0,1,1
context_174024.json,root_preamble,1,1,0,1,1
context_174058.json,unstructured_whole,1,1,0,1,1
context_17406.json,structured,2,2,0,1,1
context_17406.json,root_preamble,1,1,0,1,1
context_174102.json,structured,59,59,0,1,1
context_174102.json,root_preamble,1,1,0,1,1
context_174124.json,structured,10,10,0,1,1
context_174124.json,root_preamble,1,1,0,1,1
context_174131.json,structured,102,102,0,1,1
context_174158.json,structured,2,2,0,1,1
context_174158.json,root_preamble,1,1,0,1,1
context_174161.json,structured,23,23,0,1,1
context_174161.json,root_preamble,1,1,0,1,1
context_174171.json,structured,49,49,0,1,1
context_174171.json,root_preamble,1,1,0,1,1
context_174178.json,structured,6,6,0,1,1
context_174178.json,root_preamble,1,1,0,1,1
context_174198.json,structured,11,11,0,1,1
context_174198.json,root_preamble,1,1,0,1,1
context_17422.json,structured,21,21,0,1,1
context_17422.json,root_preamble,1,1,0,1,1
context_174232.json,structured,15,15,0,1,1
context_174232.json,root_preamble,1,1,0,1,1
context_174298.json,structured,16,16,0,1,1
context_174298.json,root_preamble,1,1,0,1,1
context_174300.json,structured,19,19,0,1,1
context_174300.json,root_preamble,1,1,0,1,1
context_174330.json,structured,21,21,0,1,1
context_174330.json,root_preamble,1,1,0,1,1
context_174361.json,structured,5,5,0,1,1
context_174361.json,root_preamble,1,1,0,1,1
context_174380.json,structured,1,1,0,1,1
context_174380.json,root_preamble,1,1,0,1,1
context_174424.json,structured,4,4,0,1,1
context_174424.json,root_preamble,1,1,0,1,1
context_174440.json,structured,17,17,0,1,1
context_174440.json,root_preamble,1,1,0,1,1
context_174451.json,structured,6,6,0,1,1
context_174451.json,root_preamble,1,1,0,1,1
context_174481.json,structured,6,6,0,1,1
context_174481.json,root_preamble,1,1,0,1,1
context_174484.json,unstructured_whole,1,1,0,1,1
context_174506.json,structured,3,3,0,1,1
context_174506.json,root_preamble,1,1,0,1,1
context_174512.json,structured,25,25,0,1,1
context_174512.json,root_preamble,1,1,0,1,1
context_174545.json,structured,24,24,0,1,1
context_174545.json,root_preamble,1,1,0,1,1
context_174620.json,structured,21,21,0,1,1
context_174620.json,root_preamble,1,1,0,1,1
context_174639.json,structured,4,4,0,1,1
context_174639.json,root_preamble,1,1,0,1,1
context_174679.json,structured,38,38,0,1,1
context_174679.json,root_preamble,1,1,0,1,1
context_174693.json,structured,38,38,0,1,1
context_174693.json,root_preamble,1,1,0,1,1
context_174736.json,structured,3,3,0,1,1
context_174736.json,root_preamble,1,1,0,1,1
context_174741.json,structured,9,9,0,1,1
context_174741.json,root_preamble,1,1,0,1,1
context_174788.json,structured,4,4,0,1,1
context_174788.json,root_preamble,1,1,0,1,1
context_174887.json,structured,24,24,0,1,1
context_174887.json,root_preamble,1,1,0,1,1
context_17489.json,structured,27,27,0,1,1
context_17489.json,root_preamble,1,1,0,1,1
context_174906.json,structured,24,24,0,1,1
context_174906.json,root_preamble,1,1,0,1,1
context_174924.json,structured,8,8,0,1,1
context_174924.json,root_preamble,1,1,0,1,1
context_174929.json,structured,75,75,0,1,1
context_174929.json,root_preamble,1,1,0,1,1
context_174939.json,structured,13,13,0,1,1
context_174939.json,root_preamble,1,1,0,1,1
context_174946.json,structured,18,18,0,1,1
context_174946.json,root_preamble,1,1,0,1,1
context_174994.json,structured,25,25,0,1,1
context_174994.json,root_preamble,1,1,0,1,1
context_175021.json,structured,24,24,0,1,1
context_175021.json,root_preamble,1,1,0,1,1
context_175056.json,structured,11,11,0,1,1
context_175056.json,root_preamble,1,1,0,1,1
context_175091.json,structured,8,8,0,1,1
context_175091.json,root_preamble,1,1,0,1,1
context_175142.json,structured,5,5,0,1,1
context_175142.json,root_preamble,1,1,0,1,1
context_175150.json,structured,35,35,0,1,1
context_175150.json,root_preamble,1,1,0,1,1
context_175197.json,structured,37,37,0,1,1
context_175197.json,root_preamble,1,1,0,1,1
context_175224.json,structured,10,10,0,1,1
context_175224.json,root_preamble,1,1,0,1,1
context_175254.json,structured,31,31,0,1,1
context_175254.json,root_preamble,1,1,0,1,1
context_175296.json,unstructured_whole,1,1,0,1,1
context_175298.json,structured,7,7,0,1,1
context_175298.json,root_preamble,1,1,0,1,1
context_175307.json,structured,2,2,0,1,1
context_175307.json,root_preamble,1,1,0,1,1
context_175337.json,structured,23,23,0,1,1
context_175337.json,root_preamble,1,1,0,1,1
context_175360.json,structured,23,23,0,1,1
context_175360.json,root_preamble,1,1,0,1,1
context_175442.json,structured,8,8,0,1,1
context_175442.json,root_preamble,1,1,0,1,1
context_17545.json,structured,157,157,0,1,1
context_17545.json,root_preamble,1,1,0,1,1
context_17547.json,structured,5,5,0,1,1
context_17547.json,root_preamble,1,1,0,1,1
context_175482.json,structured,4,4,0,1,1
context_175482.json,root_preamble,1,1,0,1,1
context_17549.json,structured,6,6,0,1,1
context_17549.json,root_preamble,1,1,0,1,1
context_175520.json,structured,15,15,0,1,1
context_175520.json,root_preamble,1,1,0,1,1
context_175576.json,structured,52,52,0,1,1
context_175576.json,root_preamble,1,1,0,1,1
context_175578.json,structured,33,33,0,1,1
context_175578.json,root_preamble,1,1,0,1,1
context_175664.json,structured,35,35,0,1,1
context_175664.json,root_preamble,1,1,0,1,1
context_175695.json,structured,33,33,0,1,1
context_175695.json,root_preamble,1,1,0,1,1
context_17575.json,structured,32,32,0,1,1
context_17575.json,root_preamble,1,1,0,1,1
context_175756.json,structured,15,15,0,1,1
context_175756.json,root_preamble,1,1,0,1,1
context_175781.json,structured,5,5,0,1,1
context_175781.json,root_preamble,1,1,0,1,1
context_175800.json,structured,36,36,0,1,1
context_175800.json,root_preamble,1,1,0,1,1
context_175834.json,structured,5,5,0,1,1
context_175834.json,root_preamble,1,1,0,1,1
context_17586.json,structured,23,23,0,1,1
context_17586.json,root_preamble,1,1,0,1,1
context_17587.json,structured,2,2,0,1,1
context_17587.json,root_preamble,1,1,0,1,1
context_175879.json,structured,55,55,0,1,1
context_175879.json,root_preamble,1,1,0,1,1
context_175954.json,structured,70,70,0,1,1
context_175954.json,root_preamble,1,1,0,1,1
context_176005.json,structured,6,6,0,1,1
context_176005.json,root_preamble,1,1,0,1,1
context_176011.json,unstructured_whole,1,1,0,1,1
context_176032.json,structured,10,10,0,1,1
context_176032.json,root_preamble,1,1,0,1,1
context_176133.json,structured,40,40,0,1,1
context_176133.json,root_preamble,1,1,0,1,1
context_176191.json,structured,29,29,0,1,1
context_176191.json,root_preamble,1,1,0,1,1
context_17623.json,structured,6,6,0,1,1
context_17623.json,root_preamble,1,1,0,1,1
context_176250.json,unstructured_whole,1,1,0,1,1
context_176302.json,structured,38,38,0,1,1
context_176302.json,root_preamble,1,1,0,1,1
context_176379.json,structured,6,6,0,1,1
context_176379.json,root_preamble,1,1,0,1,1
context_176420.json,structured,6,6,0,1,1
context_176420.json,root_preamble,1,1,0,1,1
context_176434.json,unstructured_whole,1,1,0,1,1
context_176459.json,unstructured_whole,1,1,0,1,1
context_176503.json,structured,19,19,0,1,1
context_176503.json,root_preamble,1,1,0,1,1
context_176509.json,structured,1,1,0,1,1
context_176509.json,root_preamble,1,1,0,1,1
context_176536.json,structured,23,23,0,1,1
context_176536.json,root_preamble,1,1,0,1,1
context_176541.json,structured,9,9,0,1,1
context_176541.json,root_preamble,1,1,0,1,1
context_17655.json,structured,30,30,0,1,1
context_17655.json,root_preamble,1,1,0,1,1
context_176550.json,structured,17,17,0,1,1
context_176550.json,root_preamble,1,1,0,1,1
context_176583.json,structured,10,10,0,1,1
context_176583.json,root_preamble,1,1,0,1,1
context_176687.json,structured,18,18,0,1,1
context_176687.json,root_preamble,1,1,0,1,1
context_176710.json,structured,27,27,0,1,1
context_176710.json,root_preamble,1,1,0,1,1
context_176746.json,structured,19,19,0,1,1
context_176746.json,root_preamble,1,1,0,1,1
context_176766.json,structured,7,7,0,1,1
context_176766.json,root_preamble,1,1,0,1,1
context_176849.json,structured,25,25,0,1,1
context_176849.json,root_preamble,1,1,0,1,1
context_176929.json,structured,52,52,0,1,1
context_176929.json,root_preamble,1,1,0,1,1
context_176947.json,structured,16,16,0,1,1
context_176947.json,root_preamble,1,1,0,1,1
context_176966.json,structured,7,7,0,1,1
context_176966.json,root_preamble,1,1,0,1,1
context_177016.json,structured,10,10,0,1,1
context_177016.json,root_preamble,1,1,0,1,1
context_177035.json,structured,21,21,0,1,1
context_177035.json,root_preamble,1,1,0,1,1
context_177058.json,structured,10,10,0,1,1
context_177058.json,root_preamble,1,1,0,1,1
context_17711.json,structured,39,39,0,1,1
context_17711.json,root_preamble,1,1,0,1,1
context_177137.json,structured,39,39,0,1,1
context_177137.json,root_preamble,1,1,0,1,1
context_177170.json,structured,23,23,0,1,1
context_177170.json,root_preamble,1,1,0,1,1
context_177195.json,structured,48,48,0,1,1
context_177195.json,root_preamble,1,1,0,1,1
context_177245.json,structured,13,13,0,1,1
context_177245.json,root_preamble,1,1,0,1,1
context_17727.json,structured,22,22,0,1,1
context_17727.json,root_preamble,1,1,0,1,1
context_177319.json,structured,4,4,0,1,1
context_177319.json,root_preamble,1,1,0,1,1
context_177345.json,structured,31,31,0,1,1
context_177345.json,root_preamble,1,1,0,1,1
context_177355.json,structured,62,62,0,1,1
context_177355.json,root_preamble,1,1,0,1,1
context_177369.json,structured,10,10,0,1,1
context_177369.json,root_preamble,1,1,0,1,1
context_177389.json,structured,20,20,0,1,1
context_177389.json,root_preamble,1,1,0,1,1
context_177432.json,structured,51,51,0,1,1
context_177432.json,root_preamble,1,1,0,1,1
context_177440.json,structured,46,46,0,1,1
context_177440.json,root_preamble,1,1,0,1,1
context_177443.json,structured,8,8,0,1,1
context_177443.json,root_preamble,1,1,0,1,1
context_177454.json,structured,18,18,0,1,1
context_177454.json,root_preamble,1,1,0,1,1
context_177463.json,structured,23,23,0,1,1
context_177463.json,root_preamble,1,1,0,1,1
context_177479.json,structured,1,1,0,1,1
context_177479.json,root_preamble,1,1,0,1,1
context_177504.json,structured,30,30,0,1,1
context_177504.json,root_preamble,1,1,0,1,1
context_177510.json,structured,32,32,0,1,1
context_177510.json,root_preamble,1,1,0,1,1
context_177513.json,structured,8,8,0,1,1
context_177513.json,root_preamble,1,1,0,1,1
context_17754.json,structured,30,30,0,1,1
context_17754.json,root_preamble,1,1,0,1,1
context_177540.json,structured,5,5,0,1,1
context_177540.json,root_preamble,1,1,0,1,1
context_17755.json,structured,7,7,0,1,1
context_17755.json,root_preamble,1,1,0,1,1
context_177579.json,structured,7,7,0,1,1
context_177579.json,root_preamble,1,1,0,1,1
context_177584.json,structured,28,28,0,1,1
context_177584.json,root_preamble,1,1,0,1,1
context_177595.json,structured,10,10,0,1,1
context_177595.json,root_preamble,1,1,0,1,1
context_177612.json,structured,4,4,0,1,1
context_177612.json,root_preamble,1,1,0,1,1
context_177613.json,structured,10,10,0,1,1
context_177613.json,root_preamble,1,1,0,1,1
context_177626.json,structured,87,87,0,1,1
context_177626.json,root_preamble,1,1,0,1,1
context_177669.json,structured,55,55,0,1,1
context_177669.json,root_preamble,1,1,0,1,1
context_177687.json,structured,49,49,0,1,1
context_177687.json,root_preamble,1,1,0,1,1
context_177693.json,structured,15,15,0,1,1
context_177693.json,root_preamble,1,1,0,1,1
context_177722.json,structured,2,2,0,1,1
context_177722.json,root_preamble,1,1,0,1,1
context_177736.json,unstructured_whole,1,1,0,1,1
context_17784.json,structured,102,102,0,1,1
context_17784.json,root_preamble,1,1,0,1,1
context_177884.json,structured,25,25,0,1,1
context_177884.json,root_preamble,1,1,0,1,1
context_177910.json,structured,42,42,0,1,1
context_177910.json,root_preamble,1,1,0,1,1
context_177925.json,structured,8,8,0,1,1
context_177925.json,root_preamble,1,1,0,1,1
context_177978.json,unstructured_whole,1,1,0,1,1
context_177996.json,structured,7,7,0,1,1
context_177996.json,root_preamble,1,1,0,1,1
context_178.json,structured,3,3,0,1,1
context_178.json,root_preamble,1,1,0,1,1
context_178016.json,structured,13,13,0,1,1
context_178016.json,root_preamble,1,1,0,1,1
context_178021.json,structured,16,16,0,1,1
context_178021.json,root_preamble,1,1,0,1,1
context_178057.json,structured,40,40,0,1,1
context_178057.json,root_preamble,1,1,0,1,1
context_178072.json,structured,7,7,0,1,1
context_178072.json,root_preamble,1,1,0,1,1
context_178081.json,structured,29,29,0,1,1
context_178081.json,root_preamble,1,1,0,1,1
context_178083.json,structured,7,7,0,1,1
context_178083.json,root_preamble,1,1,0,1,1
context_178096.json,structured,7,7,0,1,1
context_178096.json,root_preamble,1,1,0,1,1
context_178097.json,structured,26,26,0,1,1
context_178097.json,root_preamble,1,1,0,1,1
context_178136.json,structured,64,64,0,1,1
context_178136.json,root_preamble,1,1,0,1,1
context_178168.json,structured,5,5,0,1,1
context_178168.json,root_preamble,1,1,0,1,1
context_178213.json,structured,5,5,0,1,1
context_178213.json,root_preamble,1,1,0,1,1
context_178223.json,structured,24,24,0,1,1
context_178223.json,root_preamble,1,1,0,1,1
context_178264.json,structured,21,21,0,1,1
context_178264.json,root_preamble,1,1,0,1,1
context_178265.json,structured,10,10,0,1,1
context_178265.json,root_preamble,1,1,0,1,1
context_178285.json,structured,35,35,0,1,1
context_178285.json,root_preamble,1,1,0,1,1
context_178295.json,structured,29,29,0,1,1
context_178295.json,root_preamble,1,1,0,1,1
context_178331.json,structured,6,6,0,1,1
context_178331.json,root_preamble,1,1,0,1,1
context_178333.json,unstructured_whole,1,1,0,1,1
context_178348.json,structured,14,14,0,1,1
context_178348.json,root_preamble,1,1,0,1,1
context_178366.json,structured,10,10,0,1,1
context_178366.json,root_preamble,1,1,0,1,1
context_178376.json,structured,84,84,0,1,1
context_178376.json,root_preamble,1,1,0,1,1
context_178412.json,structured,68,68,0,1,1
context_178412.json,root_preamble,1,1,0,1,1
context_178532.json,structured,15,15,0,1,1
context_178532.json,root_preamble,1,1,0,1,1
context_178654.json,structured,6,6,0,1,1
context_178654.json,root_preamble,1,1,0,1,1
context_178678.json,structured,6,6,0,1,1
context_178678.json,root_preamble,1,1,0,1,1
context_17868.json,structured,7,7,0,1,1
context_17868.json,root_preamble,1,1,0,1,1
context_178688.json,structured,4,4,0,1,1
context_178688.json,root_preamble,1,1,0,1,1
context_178713.json,structured,5,5,0,1,1
context_178713.json,root_preamble,1,1,0,1,1
context_178715.json,structured,15,15,0,1,1
context_178715.json,root_preamble,1,1,0,1,1
context_178736.json,structured,52,52,0,1,1
context_178736.json,root_preamble,1,1,0,1,1
context_178757.json,structured,2,2,0,1,1
context_178757.json,root_preamble,1,1,0,1,1
context_178788.json,structured,5,5,0,1,1
context_178788.json,root_preamble,1,1,0,1,1
context_178833.json,structured,5,5,0,1,1
context_178833.json,root_preamble,1,1,0,1,1
context_178910.json,structured,1,1,0,1,1
context_178910.json,root_preamble,1,1,0,1,1
context_178955.json,structured,35,35,0,1,1
context_178955.json,root_preamble,1,1,0,1,1
context_178956.json,unstructured_whole,1,1,0,1,1
context_178987.json,structured,10,10,0,1,1
context_178987.json,root_preamble,1,1,0,1,1
context_178991.json,structured,18,18,0,1,1
context_178991.json,root_preamble,1,1,0,1,1
context_179048.json,structured,6,6,0,1,1
context_179048.json,root_preamble,1,1,0,1,1
context_179057.json,unstructured_whole,1,1,0,1,1
context_179075.json,structured,22,22,0,1,1
context_179075.json,root_preamble,1,1,0,1,1
context_179095.json,structured,3,3,0,1,1
context_179095.json,root_preamble,1,1,0,1,1
context_1791.json,structured,25,25,0,1,1
context_1791.json,root_preamble,1,1,0,1,1
context_179120.json,structured,2,2,0,1,1
context_179120.json,root_preamble,1,1,0,1,1
context_17913.json,structured,11,11,0,1,1
context_17913.json,root_preamble,1,1,0,1,1
context_179145.json,structured,32,32,0,1,1
context_179145.json,root_preamble,1,1,0,1,1
context_179260.json,structured,4,4,0,1,1
context_179260.json,root_preamble,1,1,0,1,1
context_179309.json,structured,23,23,0,1,1
context_179309.json,root_preamble,1,1,0,1,1
context_179317.json,structured,5,5,0,1,1
context_179317.json,root_preamble,1,1,0,1,1
context_179363.json,structured,49,49,0,1,1
context_179363.json,root_preamble,1,1,0,1,1
context_179367.json,structured,25,25,0,1,1
context_179367.json,root_preamble,1,1,0,1,1
context_179380.json,unstructured_whole,1,1,0,1,1
context_17940.json,structured,23,23,0,1,1
context_17940.json,root_preamble,1,1,0,1,1
context_179442.json,structured,53,53,0,1,1
context_179442.json,root_preamble,1,1,0,1,1
context_179534.json,structured,7,7,0,1,1
context_179534.json,root_preamble,1,1,0,1,1
context_179563.json,structured,18,18,0,1,1
context_179563.json,root_preamble,1,1,0,1,1
context_179635.json,structured,22,22,0,1,1
context_179635.json,root_preamble,1,1,0,1,1
context_179708.json,structured,5,5,0,1,1
context_179708.json,root_preamble,1,1,0,1,1
context_179734.json,structured,23,23,0,1,1
context_179734.json,root_preamble,1,1,0,1,1
context_179783.json,structured,18,18,0,1,1
context_179783.json,root_preamble,1,1,0,1,1
context_17979.json,structured,2,2,0,1,1
context_17979.json,root_preamble,1,1,0,1,1
context_179814.json,structured,5,5,0,1,1
context_179814.json,root_preamble,1,1,0,1,1
context_17982.json,structured,7,7,0,1,1
context_17982.json,root_preamble,1,1,0,1,1
context_179847.json,structured,125,125,0,1,1
context_179847.json,root_preamble,1,1,0,1,1
context_179849.json,structured,41,41,0,1,1
context_179849.json,root_preamble,1,1,0,1,1
context_179865.json,structured,32,32,0,1,1
context_179865.json,root_preamble,1,1,0,1,1
context_179895.json,structured,3,3,0,1,1
context_179895.json,root_preamble,1,1,0,1,1
context_180010.json,structured,22,22,0,1,1
context_180010.json,root_preamble,1,1,0,1,1
context_180016.json,structured,3,3,0,1,1
context_180016.json,root_preamble,1,1,0,1,1
context_180035.json,structured,31,31,0,1,1
context_180035.json,root_preamble,1,1,0,1,1
context_180038.json,structured,29,29,0,1,1
context_180038.json,root_preamble,1,1,0,1,1
context_180048.json,structured,2,2,0,1,1
context_180048.json,root_preamble,1,1,0,1,1
context_180120.json,structured,12,12,0,1,1
context_180120.json,root_preamble,1,1,0,1,1
context_180140.json,structured,5,5,0,1,1
context_180140.json,root_preamble,1,1,0,1,1
context_18032.json,structured,56,56,0,1,1
context_18032.json,root_preamble,1,1,0,1,1
context_180368.json,structured,27,27,0,1,1
context_180368.json,root_preamble,1,1,0,1,1
context_180407.json,structured,4,4,0,1,1
context_180407.json,root_preamble,1,1,0,1,1
context_18044.json,structured,6,6,0,1,1
context_18044.json,root_preamble,1,1,0,1,1
context_180444.json,structured,22,22,0,1,1
context_180444.json,root_preamble,1,1,0,1,1
context_180457.json,structured,30,30,0,1,1
context_180457.json,root_preamble,1,1,0,1,1
context_180514.json,structured,74,74,0,1,1
context_180514.json,root_preamble,1,1,0,1,1
context_180582.json,structured,39,39,0,1,1
context_180582.json,root_preamble,1,1,0,1,1
context_180593.json,structured,14,14,0,1,1
context_180593.json,root_preamble,1,1,0,1,1
context_180647.json,structured,2,2,0,1,1
context_180647.json,root_preamble,1,1,0,1,1
context_180665.json,structured,9,9,0,1,1
context_180665.json,root_preamble,1,1,0,1,1
context_180695.json,structured,155,155,0,1,1
context_180695.json,root_preamble,1,1,0,1,1
context_180713.json,structured,39,39,0,1,1
context_180713.json,root_preamble,1,1,0,1,1
context_180737.json,structured,42,42,0,1,1
context_180737.json,root_preamble,1,1,0,1,1
context_180771.json,structured,4,4,0,1,1
context_180771.json,root_preamble,1,1,0,1,1
context_180772.json,structured,66,66,0,1,1
context_180772.json,root_preamble,1,1,0,1,1
context_180781.json,structured,2,2,0,1,1
context_180781.json,root_preamble,1,1,0,1,1
context_180831.json,structured,30,30,0,1,1
context_180831.json,root_preamble,1,1,0,1,1
context_180861.json,structured,26,26,0,1,1
context_180861.json,root_preamble,1,1,0,1,1
context_180863.json,structured,34,34,0,1,1
context_180863.json,root_preamble,1,1,0,1,1
context_180872.json,structured,15,15,0,1,1
context_180872.json,root_preamble,1,1,0,1,1
context_180920.json,structured,22,22,0,1,1
context_180920.json,root_preamble,1,1,0,1,1
context_180968.json,structured,6,6,0,1,1
context_180968.json,root_preamble,1,1,0,1,1
context_180983.json,structured,5,5,0,1,1
context_180983.json,root_preamble,1,1,0,1,1
context_181088.json,structured,57,57,0,1,1
context_181088.json,root_preamble,1,1,0,1,1
context_181171.json,structured,5,5,0,1,1
context_181171.json,root_preamble,1,1,0,1,1
context_181176.json,structured,7,7,0,1,1
context_181176.json,root_preamble,1,1,0,1,1
context_181196.json,structured,1,1,0,1,1
context_181196.json,root_preamble,1,1,0,1,1
context_181225.json,structured,20,20,0,1,1
context_181225.json,root_preamble,1,1,0,1,1
context_181254.json,structured,6,6,0,1,1
context_181254.json,root_preamble,1,1,0,1,1
context_181288.json,structured,13,13,0,1,1
context_181288.json,root_preamble,1,1,0,1,1
context_181331.json,structured,4,4,0,1,1
context_181331.json,root_preamble,1,1,0,1,1
context_181387.json,structured,36,36,0,1,1
context_181387.json,root_preamble,1,1,0,1,1
context_181416.json,structured,6,6,0,1,1
context_181416.json,root_preamble,1,1,0,1,1
context_181458.json,structured,51,51,0,1,1
context_181458.json,root_preamble,1,1,0,1,1
context_181465.json,structured,8,8,0,1,1
context_181465.json,root_preamble,1,1,0,1,1
context_181552.json,structured,5,5,0,1,1
context_181552.json,root_preamble,1,1,0,1,1
context_181620.json,structured,5,5,0,1,1
context_181620.json,root_preamble,1,1,0,1,1
context_181636.json,unstructured_whole,1,1,0,1,1
context_181662.json,structured,15,15,0,1,1
context_181662.json,root_preamble,1,1,0,1,1
context_181685.json,structured,4,4,0,1,1
context_181685.json,root_preamble,1,1,0,1,1
context_181804.json,structured,27,27,0,1,1
context_181804.json,root_preamble,1,1,0,1,1
context_181814.json,structured,36,36,0,1,1
context_181814.json,root_preamble,1,1,0,1,1
context_181876.json,unstructured_whole,1,1,0,1,1
context_181921.json,unstructured_whole,1,1,0,1,1
context_181952.json,structured,72,72,0,1,1
context_181952.json,root_preamble,1,1,0,1,1
context_181970.json,structured,12,12,0,1,1
context_181970.json,root_preamble,1,1,0,1,1
context_181972.json,structured,5,5,0,1,1
context_181972.json,root_preamble,1,1,0,1,1
context_182011.json,structured,52,52,0,1,1
context_182011.json,root_preamble,1,1,0,1,1
context_182041.json,structured,3,3,0,1,1
context_182041.json,root_preamble,1,1,0,1,1
context_182052.json,structured,17,17,0,1,1
context_182052.json,root_preamble,1,1,0,1,1
context_182065.json,structured,2,2,0,1,1
context_182065.json,root_preamble,1,1,0,1,1
context_182181.json,structured,5,5,0,1,1
context_182181.json,root_preamble,1,1,0,1,1
context_182214.json,structured,32,32,0,1,1
context_182214.json,root_preamble,1,1,0,1,1
context_182253.json,structured,12,12,0,1,1
context_182253.json,root_preamble,1,1,0,1,1
context_182256.json,structured,15,15,0,1,1
context_182256.json,root_preamble,1,1,0,1,1
context_182306.json,unstructured_whole,1,1,0,1,1
context_182327.json,structured,1,1,0,1,1
context_182327.json,root_preamble,1,1,0,1,1
context_182347.json,structured,7,7,0,1,1
context_182347.json,root_preamble,1,1,0,1,1
context_182376.json,structured,37,37,0,1,1
context_182376.json,root_preamble,1,1,0,1,1
context_182402.json,structured,2,2,0,1,1
context_182402.json,root_preamble,1,1,0,1,1
context_182404.json,structured,2,2,0,1,1
context_182404.json,root_preamble,1,1,0,1,1
context_182413.json,structured,28,28,0,1,1
context_182413.json,root_preamble,1,1,0,1,1
context_182451.json,structured,6,6,0,1,1
context_182451.json,root_preamble,1,1,0,1,1
context_18250.json,structured,46,46,0,1,1
context_18250.json,root_preamble,1,1,0,1,1
context_182501.json,structured,78,78,0,1,1
context_182501.json,root_preamble,1,1,0,1,1
context_182581.json,structured,5,5,0,1,1
context_182581.json,root_preamble,1,1,0,1,1
context_182593.json,structured,3,3,0,1,1
context_182593.json,root_preamble,1,1,0,1,1
context_182610.json,structured,17,17,0,1,1
context_182610.json,root_preamble,1,1,0,1,1
context_182612.json,structured,3,3,0,1,1
context_182612.json,root_preamble,1,1,0,1,1
context_182699.json,structured,36,36,0,1,1
context_182699.json,root_preamble,1,1,0,1,1
context_182731.json,root_preamble,1,1,0,1,1
context_182764.json,structured,33,33,0,1,1
context_182764.json,root_preamble,1,1,0,1,1
context_182810.json,structured,3,3,0,1,1
context_182810.json,root_preamble,1,1,0,1,1
context_182825.json,structured,14,14,0,1,1
context_182825.json,root_preamble,1,1,0,1,1
context_182941.json,structured,21,21,0,1,1
context_182941.json,root_preamble,1,1,0,1,1
context_182995.json,structured,21,21,0,1,1
context_182995.json,root_preamble,1,1,0,1,1
context_183008.json,structured,28,28,0,1,1
context_183008.json,root_preamble,1,1,0,1,1
context_183011.json,structured,54,54,0,1,1
context_183011.json,root_preamble,1,1,0,1,1
context_183078.json,structured,70,70,0,1,1
context_183078.json,root_preamble,1,1,0,1,1
context_18309.json,structured,3,3,0,1,1
context_18309.json,root_preamble,1,1,0,1,1
context_183103.json,structured,4,4,0,1,1
context_183103.json,root_preamble,1,1,0,1,1
context_183116.json,structured,6,6,0,1,1
context_183116.json,root_preamble,1,1,0,1,1
context_183120.json,structured,11,11,0,1,1
context_183120.json,root_preamble,1,1,0,1,1
context_183124.json,structured,24,24,0,1,1
context_183124.json,root_preamble,1,1,0,1,1
context_183126.json,structured,5,5,0,1,1
context_183126.json,root_preamble,1,1,0,1,1
context_18313.json,structured,42,42,0,1,1
context_18313.json,root_preamble,1,1,0,1,1
context_183130.json,structured,42,42,0,1,1
context_183130.json,root_preamble,1,1,0,1,1
context_183214.json,structured,5,5,0,1,1
context_183214.json,root_preamble,1,1,0,1,1
context_183216.json,structured,16,16,0,1,1
context_183216.json,root_preamble,1,1,0,1,1
context_183231.json,structured,42,42,0,1,1
context_183231.json,root_preamble,1,1,0,1,1
context_183331.json,structured,9,9,0,1,1
context_183331.json,root_preamble,1,1,0,1,1
context_183341.json,structured,28,28,0,1,1
context_183341.json,root_preamble,1,1,0,1,1
context_183370.json,unstructured_whole,1,1,0,1,1
context_183390.json,structured,14,14,0,1,1
context_183390.json,root_preamble,1,1,0,1,1
context_183416.json,structured,51,51,0,1,1
context_183416.json,root_preamble,1,1,0,1,1
context_183498.json,structured,1,1,0,1,1
context_183498.json,root_preamble,1,1,0,1,1
context_183504.json,structured,16,16,0,1,1
context_183504.json,root_preamble,1,1,0,1,1
context_183515.json,structured,28,28,0,1,1
context_183515.json,root_preamble,1,1,0,1,1
context_183611.json,structured,30,30,0,1,1
context_183611.json,root_preamble,1,1,0,1,1
context_183668.json,structured,2,2,0,1,1
context_183668.json,root_preamble,1,1,0,1,1
context_183680.json,structured,21,21,0,1,1
context_183680.json,root_preamble,1,1,0,1,1
context_18371.json,structured,31,31,0,1,1
context_18371.json,root_preamble,1,1,0,1,1
context_183757.json,structured,44,44,0,1,1
context_183757.json,root_preamble,1,1,0,1,1
context_183804.json,structured,18,18,0,1,1
context_183804.json,root_preamble,1,1,0,1,1
context_183826.json,structured,11,11,0,1,1
context_183826.json,root_preamble,1,1,0,1,1
context_183854.json,structured,2,2,0,1,1
context_183854.json,root_preamble,1,1,0,1,1
context_183895.json,structured,1,1,0,1,1
context_183895.json,root_preamble,1,1,0,1,1
context_183922.json,structured,1,1,0,1,1
context_183922.json,root_preamble,1,1,0,1,1
context_183966.json,structured,51,51,0,1,1
context_183966.json,root_preamble,1,1,0,1,1
context_184001.json,structured,31,31,0,1,1
context_184001.json,root_preamble,1,1,0,1,1
context_184002.json,structured,89,89,0,1,1
context_184002.json,root_preamble,1,1,0,1,1
context_184038.json,structured,265,265,0,1,1
context_184038.json,root_preamble,1,1,0,1,1
context_184059.json,structured,41,41,0,1,1
context_184059.json,root_preamble,1,1,0,1,1
context_184061.json,unstructured_whole,1,1,0,1,1
context_184138.json,structured,13,13,0,1,1
context_184138.json,root_preamble,1,1,0,1,1
context_184142.json,structured,13,13,0,1,1
context_184142.json,root_preamble,1,1,0,1,1
context_18416.json,structured,4,4,0,1,1
context_18416.json,root_preamble,1,1,0,1,1
context_184199.json,structured,15,15,0,1,1
context_184199.json,root_preamble,1,1,0,1,1
context_184201.json,structured,5,5,0,1,1
context_184201.json,root_preamble,1,1,0,1,1
context_184275.json,structured,10,10,0,1,1
context_184275.json,root_preamble,1,1,0,1,1
context_18428.json,structured,88,88,0,1,1
context_18428.json,root_preamble,1,1,0,1,1
context_184289.json,structured,27,27,0,1,1
context_184289.json,root_preamble,1,1,0,1,1
context_184305.json,structured,5,5,0,1,1
context_184305.json,root_preamble,1,1,0,1,1
context_184340.json,structured,38,38,0,1,1
context_184340.json,root_preamble,1,1,0,1,1
context_184376.json,structured,3,3,0,1,1
context_184376.json,root_preamble,1,1,0,1,1
context_184384.json,structured,36,36,0,1,1
context_184384.json,root_preamble,1,1,0,1,1
context_184419.json,structured,5,5,0,1,1
context_184419.json,root_preamble,1,1,0,1,1
context_184500.json,structured,1,1,0,1,1
context_184500.json,root_preamble,1,1,0,1,1
context_184531.json,structured,23,23,0,1,1
context_184531.json,root_preamble,1,1,0,1,1
context_184542.json,structured,5,5,0,1,1
context_184542.json,root_preamble,1,1,0,1,1
context_184588.json,structured,23,23,0,1,1
context_184588.json,root_preamble,1,1,0,1,1
context_184640.json,structured,20,20,0,1,1
context_184640.json,root_preamble,1,1,0,1,1
context_184677.json,structured,12,12,0,1,1
context_184677.json,root_preamble,1,1,0,1,1
context_184701.json,structured,5,5,0,1,1
context_184701.json,root_preamble,1,1,0,1,1
context_184715.json,structured,73,73,0,1,1
context_184715.json,root_preamble,1,1,0,1,1
context_18473.json,structured,5,5,0,1,1
context_18473.json,root_preamble,1,1,0,1,1
context_184733.json,structured,6,6,0,1,1
context_184733.json,root_preamble,1,1,0,1,1
context_184826.json,structured,28,28,0,1,1
context_184826.json,root_preamble,1,1,0,1,1
context_18488.json,structured,5,5,0,1,1
context_18488.json,root_preamble,1,1,0,1,1
context_184884.json,unstructured_whole,1,1,0,1,1
context_184916.json,structured,11,11,0,1,1
context_184916.json,root_preamble,1,1,0,1,1
context_184934.json,structured,29,29,0,1,1
context_184934.json,root_preamble,1,1,0,1,1
context_184966.json,structured,6,6,0,1,1
context_184966.json,root_preamble,1,1,0,1,1
context_184968.json,structured,47,47,0,1,1
context_184968.json,root_preamble,1,1,0,1,1
context_184972.json,structured,27,27,0,1,1
context_184972.json,root_preamble,1,1,0,1,1
context_184977.json,structured,8,8,0,1,1
context_184977.json,root_preamble,1,1,0,1,1
context_184985.json,structured,26,26,0,1,1
context_184985.json,root_preamble,1,1,0,1,1
context_185060.json,unstructured_whole,1,1,0,1,1
context_18512.json,structured,10,10,0,1,1
context_18512.json,root_preamble,1,1,0,1,1
context_18515.json,structured,28,28,0,1,1
context_18515.json,root_preamble,1,1,0,1,1
context_185187.json,structured,20,20,0,1,1
context_185187.json,root_preamble,1,1,0,1,1
context_185188.json,structured,6,6,0,1,1
context_185188.json,root_preamble,1,1,0,1,1
context_185198.json,structured,38,38,0,1,1
context_185198.json,root_preamble,1,1,0,1,1
context_185241.json,structured,27,27,0,1,1
context_185241.json,root_preamble,1,1,0,1,1
context_185264.json,structured,16,16,0,1,1
context_185264.json,root_preamble,1,1,0,1,1
context_185325.json,structured,24,24,0,1,1
context_185325.json,root_preamble,1,1,0,1,1
context_185381.json,structured,39,39,0,1,1
context_185381.json,root_preamble,1,1,0,1,1
context_185427.json,structured,55,55,0,1,1
context_185427.json,root_preamble,1,1,0,1,1
context_185515.json,structured,5,5,0,1,1
context_185515.json,root_preamble,1,1,0,1,1
context_185534.json,structured,13,13,0,1,1
context_185534.json,root_preamble,1,1,0,1,1
context_185572.json,structured,5,5,0,1,1
context_185572.json,root_preamble,1,1,0,1,1
context_185591.json,structured,5,5,0,1,1
context_185591.json,root_preamble,1,1,0,1,1
context_185661.json,structured,15,15,0,1,1
context_185661.json,root_preamble,1,1,0,1,1
context_185676.json,structured,4,4,0,1,1
context_185676.json,root_preamble,1,1,0,1,1
context_185771.json,structured,2,2,0,1,1
context_185771.json,root_preamble,1,1,0,1,1
context_185796.json,structured,17,17,0,1,1
context_185796.json,root_preamble,1,1,0,1,1
context_185842.json,structured,7,7,0,1,1
context_185842.json,root_preamble,1,1,0,1,1
context_185886.json,structured,8,8,0,1,1
context_185886.json,root_preamble,1,1,0,1,1
context_185895.json,structured,6,6,0,1,1
context_185895.json,root_preamble,1,1,0,1,1
context_1859.json,structured,17,17,0,1,1
context_1859.json,root_preamble,1,1,0,1,1
context_185923.json,structured,19,19,0,1,1
context_185923.json,root_preamble,1,1,0,1,1
context_186037.json,structured,6,6,0,1,1
context_186037.json,root_preamble,1,1,0,1,1
context_186087.json,structured,3,3,0,1,1
context_186087.json,root_preamble,1,1,0,1,1
context_186104.json,structured,50,50,0,1,1
context_186104.json,root_preamble,1,1,0,1,1
context_186125.json,unstructured_whole,1,1,0,1,1
context_186197.json,structured,17,17,0,1,1
context_186197.json,root_preamble,1,1,0,1,1
context_186220.json,structured,47,47,0,1,1
context_186220.json,root_preamble,1,1,0,1,1
context_186226.json,structured,65,65,0,1,1
context_186226.json,root_preamble,1,1,0,1,1
context_186235.json,structured,16,16,0,1,1
context_186235.json,root_preamble,1,1,0,1,1
context_186288.json,structured,18,18,0,1,1
context_186288.json,root_preamble,1,1,0,1,1
context_186294.json,structured,7,7,0,1,1
context_186294.json,root_preamble,1,1,0,1,1
context_186307.json,structured,2,2,0,1,1
context_186307.json,root_preamble,1,1,0,1,1
context_18633.json,unstructured_whole,1,1,0,1,1
context_186332.json,structured,6,6,0,1,1
context_186332.json,root_preamble,1,1,0,1,1
context_186336.json,structured,10,10,0,1,1
context_186336.json,root_preamble,1,1,0,1,1
context_186367.json,structured,33,33,0,1,1
context_186367.json,root_preamble,1,1,0,1,1
context_18637.json,structured,43,43,0,1,1
context_18637.json,root_preamble,1,1,0,1,1
context_18638.json,structured,25,25,0,1,1
context_18638.json,root_preamble,1,1,0,1,1
context_186393.json,structured,6,6,0,1,1
context_186393.json,root_preamble,1,1,0,1,1
context_186400.json,structured,13,13,0,1,1
context_186400.json,root_preamble,1,1,0,1,1
context_186495.json,structured,39,39,0,1,1
context_186495.json,root_preamble,1,1,0,1,1
context_186544.json,structured,5,5,0,1,1
context_186544.json,root_preamble,1,1,0,1,1
context_186584.json,structured,91,91,0,1,1
context_186584.json,root_preamble,1,1,0,1,1
context_186622.json,structured,28,28,0,1,1
context_186622.json,root_preamble,1,1,0,1,1
context_186624.json,structured,6,6,0,1,1
context_186624.json,root_preamble,1,1,0,1,1
context_186694.json,structured,16,16,0,1,1
context_186694.json,root_preamble,1,1,0,1,1
context_186714.json,structured,5,5,0,1,1
context_186714.json,root_preamble,1,1,0,1,1
context_186739.json,structured,27,27,0,1,1
context_186739.json,root_preamble,1,1,0,1,1
context_186782.json,unstructured_whole,1,1,0,1,1
context_186788.json,structured,8,8,0,1,1
context_186788.json,root_preamble,1,1,0,1,1
context_186789.json,unstructured_whole,1,1,0,1,1
context_186811.json,structured,7,7,0,1,1
context_186811.json,root_preamble,1,1,0,1,1
context_186845.json,structured,35,35,0,1,1
context_186845.json,root_preamble,1,1,0,1,1
context_186899.json,structured,70,70,0,1,1
context_186899.json,root_preamble,1,1,0,1,1
context_186912.json,unstructured_whole,1,1,0,1,1
context_186927.json,unstructured_whole,1,1,0,1,1
context_187016.json,structured,18,18,0,1,1
context_187016.json,root_preamble,1,1,0,1,1
context_187045.json,structured,13,13,0,1,1
context_187045.json,root_preamble,1,1,0,1,1
context_187075.json,unstructured_whole,1,1,0,1,1
context_18711.json,unstructured_whole,1,1,0,1,1
context_18719.json,structured,38,38,0,1,1
context_18719.json,root_preamble,1,1,0,1,1
context_187200.json,structured,15,15,0,1,1
context_187200.json,root_preamble,1,1,0,1,1
context_187202.json,structured,47,47,0,1,1
context_187202.json,root_preamble,1,1,0,1,1
context_187218.json,structured,53,53,0,1,1
context_187218.json,root_preamble,1,1,0,1,1
context_187358.json,structured,6,6,0,1,1
context_187358.json,root_preamble,1,1,0,1,1
context_187374.json,structured,10,10,0,1,1
context_187374.json,root_preamble,1,1,0,1,1
context_187506.json,structured,462,462,0,1,1
context_187506.json,root_preamble,1,1,0,1,1
context_187531.json,structured,34,34,0,1,1
context_187531.json,root_preamble,1,1,0,1,1
context_187554.json,structured,17,17,0,1,1
context_187554.json,root_preamble,1,1,0,1,1
context_187559.json,structured,9,9,0,1,1
context_187559.json,root_preamble,1,1,0,1,1
context_18760.json,structured,32,32,0,1,1
context_18760.json,root_preamble,1,1,0,1,1
context_187638.json,structured,23,23,0,1,1
context_187638.json,root_preamble,1,1,0,1,1
context_187731.json,structured,5,5,0,1,1
context_187731.json,root_preamble,1,1,0,1,1
context_187779.json,structured,29,29,0,1,1
context_187779.json,root_preamble,1,1,0,1,1
context_18781.json,structured,38,38,0,1,1
context_18781.json,root_preamble,1,1,0,1,1
context_187813.json,structured,3,3,0,1,1
context_187813.json,root_preamble,1,1,0,1,1
context_187861.json,structured,17,17,0,1,1
context_187861.json,root_preamble,1,1,0,1,1
context_187918.json,unstructured_whole,1,1,0,1,1
context_188008.json,structured,10,10,0,1,1
context_188008.json,root_preamble,1,1,0,1,1
context_188021.json,structured,19,19,0,1,1
context_188021.json,root_preamble,1,1,0,1,1
context_18807.json,structured,4,4,0,1,1
context_18807.json,root_preamble,1,1,0,1,1
context_188205.json,structured,17,17,0,1,1
context_188205.json,root_preamble,1,1,0,1,1
context_18822.json,structured,3,3,0,1,1
context_18822.json,root_preamble,1,1,0,1,1
context_188221.json,structured,7,7,0,1,1
context_188221.json,root_preamble,1,1,0,1,1
context_188231.json,structured,20,20,0,1,1
context_188231.json,root_preamble,1,1,0,1,1
context_188274.json,structured,36,36,0,1,1
context_188274.json,root_preamble,1,1,0,1,1
context_188309.json,structured,8,8,0,1,1
context_188309.json,root_preamble,1,1,0,1,1
context_188316.json,structured,13,13,0,1,1
context_188316.json,root_preamble,1,1,0,1,1
context_188328.json,structured,16,16,0,1,1
context_188328.json,root_preamble,1,1,0,1,1
context_188357.json,structured,7,7,0,1,1
context_188357.json,root_preamble,1,1,0,1,1
context_188359.json,structured,4,4,0,1,1
context_188359.json,root_preamble,1,1,0,1,1
context_188372.json,structured,2,2,0,1,1
context_188372.json,root_preamble,1,1,0,1,1
context_188404.json,structured,25,25,0,1,1
context_188404.json,root_preamble,1,1,0,1,1
context_188486.json,structured,5,5,0,1,1
context_188486.json,root_preamble,1,1,0,1,1
context_188520.json,structured,37,37,0,1,1
context_188520.json,root_preamble,1,1,0,1,1
context_188564.json,structured,6,6,0,1,1
context_188564.json,root_preamble,1,1,0,1,1
context_188593.json,structured,28,28,0,1,1
context_188593.json,root_preamble,1,1,0,1,1
context_188651.json,structured,5,5,0,1,1
context_188651.json,root_preamble,1,1,0,1,1
context_188656.json,structured,10,10,0,1,1
context_188656.json,root_preamble,1,1,0,1,1
context_188720.json,structured,6,6,0,1,1
context_188720.json,root_preamble,1,1,0,1,1
context_188869.json,structured,6,6,0,1,1
context_188869.json,root_preamble,1,1,0,1,1
context_188894.json,structured,21,21,0,1,1
context_188894.json,root_preamble,1,1,0,1,1
context_188907.json,structured,5,5,0,1,1
context_188907.json,root_preamble,1,1,0,1,1
context_18894.json,structured,78,78,0,1,1
context_18894.json,root_preamble,1,1,0,1,1
context_188960.json,structured,1,1,0,1,1
context_188960.json,root_preamble,1,1,0,1,1
context_189039.json,structured,6,6,0,1,1
context_189039.json,root_preamble,1,1,0,1,1
context_189076.json,structured,38,38,0,1,1
context_189076.json,root_preamble,1,1,0,1,1
context_189082.json,structured,40,40,0,1,1
context_189082.json,root_preamble,1,1,0,1,1
context_189110.json,structured,4,4,0,1,1
context_189110.json,root_preamble,1,1,0,1,1
context_189120.json,structured,8,8,0,1,1
context_189120.json,root_preamble,1,1,0,1,1
context_189149.json,structured,26,26,0,1,1
context_189149.json,root_preamble,1,1,0,1,1
context_189174.json,structured,38,38,0,1,1
context_189174.json,root_preamble,1,1,0,1,1
context_189183.json,structured,6,6,0,1,1
context_189183.json,root_preamble,1,1,0,1,1
context_189206.json,structured,17,17,0,1,1
context_189206.json,root_preamble,1,1,0,1,1
context_189215.json,structured,1,1,0,1,1
context_189215.json,root_preamble,1,1,0,1,1
context_18922.json,structured,29,29,0,1,1
context_18922.json,root_preamble,1,1,0,1,1
context_189230.json,structured,8,8,0,1,1
context_189230.json,root_preamble,1,1,0,1,1
context_189268.json,structured,7,7,0,1,1
context_189268.json,root_preamble,1,1,0,1,1
context_189304.json,structured,1,1,0,1,1
context_189304.json,root_preamble,1,1,0,1,1
context_189319.json,structured,11,11,0,1,1
context_189319.json,root_preamble,1,1,0,1,1
context_18935.json,structured,5,5,0,1,1
context_18935.json,root_preamble,1,1,0,1,1
context_189352.json,structured,6,6,0,1,1
context_189352.json,root_preamble,1,1,0,1,1
context_189402.json,structured,2,2,0,1,1
context_189402.json,root_preamble,1,1,0,1,1
context_189420.json,structured,16,16,0,1,1
context_189420.json,root_preamble,1,1,0,1,1
context_189473.json,structured,23,23,0,1,1
context_189473.json,root_preamble,1,1,0,1,1
context_189478.json,unstructured_whole,1,1,0,1,1
context_189479.json,structured,6,6,0,1,1
context_189479.json,root_preamble,1,1,0,1,1
context_189481.json,unstructured_whole,1,1,0,1,1
context_18957.json,structured,8,8,0,1,1
context_18957.json,root_preamble,1,1,0,1,1
context_18960.json,structured,17,17,0,1,1
context_18960.json,root_preamble,1,1,0,1,1
context_189649.json,structured,25,25,0,1,1
context_189649.json,root_preamble,1,1,0,1,1
context_189674.json,structured,30,30,0,1,1
context_189674.json,root_preamble,1,1,0,1,1
context_189707.json,structured,3,3,0,1,1
context_189707.json,root_preamble,1,1,0,1,1
context_189743.json,structured,20,20,0,1,1
context_189743.json,root_preamble,1,1,0,1,1
context_189830.json,unstructured_whole,1,1,0,1,1
context_189865.json,structured,4,4,0,1,1
context_189865.json,root_preamble,1,1,0,1,1
context_189910.json,structured,42,42,0,1,1
context_189910.json,root_preamble,1,1,0,1,1
context_189932.json,unstructured_whole,1,1,0,1,1
context_189944.json,structured,68,68,0,1,1
context_189944.json,root_preamble,1,1,0,1,1
context_189946.json,structured,60,60,0,1,1
context_189946.json,root_preamble,1,1,0,1,1
context_189991.json,structured,2,2,0,1,1
context_189991.json,root_preamble,1,1,0,1,1
context_190078.json,structured,6,6,0,1,1
context_190078.json,root_preamble,1,1,0,1,1
context_190080.json,structured,10,10,0,1,1
context_190080.json,root_preamble,1,1,0,1,1
context_190142.json,structured,7,7,0,1,1
context_190142.json,root_preamble,1,1,0,1,1
context_190189.json,structured,42,42,0,1,1
context_190189.json,root_preamble,1,1,0,1,1
context_190214.json,structured,5,5,0,1,1
context_190214.json,root_preamble,1,1,0,1,1
context_190252.json,structured,30,30,0,1,1
context_190252.json,root_preamble,1,1,0,1,1
context_190257.json,unstructured_whole,1,1,0,1,1
context_190300.json,structured,7,7,0,1,1
context_190300.json,root_preamble,1,1,0,1,1
context_19035.json,structured,7,7,0,1,1
context_19035.json,root_preamble,1,1,0,1,1
context_190358.json,structured,11,11,0,1,1
context_190358.json,root_preamble,1,1,0,1,1
context_190372.json,structured,8,8,0,1,1
context_190372.json,root_preamble,1,1,0,1,1
context_190388.json,structured,25,25,0,1,1
context_190388.json,root_preamble,1,1,0,1,1
context_190389.json,structured,27,27,0,1,1
context_190389.json,root_preamble,1,1,0,1,1
context_190410.json,structured,23,23,0,1,1
context_190410.json,root_preamble,1,1,0,1,1
context_190433.json,structured,12,12,0,1,1
context_190433.json,root_preamble,1,1,0,1,1
context_19047.json,structured,1,1,0,1,1
context_19047.json,root_preamble,1,1,0,1,1
context_190477.json,structured,36,36,0,1,1
context_190477.json,root_preamble,1,1,0,1,1
context_190480.json,structured,19,19,0,1,1
context_190480.json,root_preamble,1,1,0,1,1
context_190541.json,structured,10,10,0,1,1
context_190541.json,root_preamble,1,1,0,1,1
context_190582.json,structured,31,31,0,1,1
context_190582.json,root_preamble,1,1,0,1,1
context_190596.json,structured,2,2,0,1,1
context_190596.json,root_preamble,1,1,0,1,1
context_190600.json,structured,31,31,0,1,1
context_190600.json,root_preamble,1,1,0,1,1
context_190620.json,structured,18,18,0,1,1
context_190620.json,root_preamble,1,1,0,1,1
context_19064.json,structured,16,16,0,1,1
context_19064.json,root_preamble,1,1,0,1,1
context_190653.json,structured,116,116,0,1,1
context_190653.json,root_preamble,1,1,0,1,1
context_190684.json,structured,12,12,0,1,1
context_190684.json,root_preamble,1,1,0,1,1
context_190704.json,structured,10,10,0,1,1
context_190704.json,root_preamble,1,1,0,1,1
context_190730.json,structured,15,15,0,1,1
context_190730.json,root_preamble,1,1,0,1,1
context_190791.json,structured,33,33,0,1,1
context_190791.json,root_preamble,1,1,0,1,1
context_190878.json,structured,1,1,0,1,1
context_190878.json,root_preamble,1,1,0,1,1
context_190928.json,structured,7,7,0,1,1
context_190928.json,root_preamble,1,1,0,1,1
context_190965.json,structured,28,28,0,1,1
context_190965.json,root_preamble,1,1,0,1,1
context_190982.json,structured,5,5,0,1,1
context_190982.json,root_preamble,1,1,0,1,1
context_191117.json,structured,6,6,0,1,1
context_191117.json,root_preamble,1,1,0,1,1
context_19115.json,unstructured_whole,1,1,0,1,1
context_191153.json,structured,39,39,0,1,1
context_191153.json,root_preamble,1,1,0,1,1
context_191218.json,structured,37,37,0,1,1
context_191218.json,root_preamble,1,1,0,1,1
context_191321.json,structured,7,7,0,1,1
context_191321.json,root_preamble,1,1,0,1,1
context_191413.json,structured,101,101,0,1,1
context_191413.json,root_preamble,1,1,0,1,1
context_191423.json,structured,12,12,0,1,1
context_191423.json,root_preamble,1,1,0,1,1
context_191429.json,structured,35,35,0,1,1
context_191429.json,root_preamble,1,1,0,1,1
context_191434.json,structured,6,6,0,1,1
context_191434.json,root_preamble,1,1,0,1,1
context_191452.json,structured,63,63,0,1,1
context_191452.json,root_preamble,1,1,0,1,1
context_191500.json,structured,2,2,0,1,1
context_191500.json,root_preamble,1,1,0,1,1
context_191506.json,structured,6,6,0,1,1
context_191506.json,root_preamble,1,1,0,1,1
context_191547.json,structured,2,2,0,1,1
context_191547.json,root_preamble,1,1,0,1,1
context_191549.json,structured,29,29,0,1,1
context_191549.json,root_preamble,1,1,0,1,1
context_191555.json,structured,45,45,0,1,1
context_191555.json,root_preamble,1,1,0,1,1
context_191559.json,structured,27,27,0,1,1
context_191559.json,root_preamble,1,1,0,1,1
context_191638.json,structured,24,24,0,1,1
context_191638.json,root_preamble,1,1,0,1,1
context_191651.json,structured,22,22,0,1,1
context_191651.json,root_preamble,1,1,0,1,1
context_191688.json,unstructured_whole,1,1,0,1,1
context_191770.json,structured,11,11,0,1,1
context_191770.json,root_preamble,1,1,0,1,1
context_191771.json,structured,29,29,0,1,1
context_191771.json,root_preamble,1,1,0,1,1
context_191772.json,structured,9,9,0,1,1
context_191772.json,root_preamble,1,1,0,1,1
context_191812.json,structured,11,11,0,1,1
context_191812.json,root_preamble,1,1,0,1,1
context_191819.json,structured,12,12,0,1,1
context_191819.json,root_preamble,1,1,0,1,1
context_191839.json,structured,28,28,0,1,1
context_191839.json,root_preamble,1,1,0,1,1
context_191956.json,structured,13,13,0,1,1
context_191956.json,root_preamble,1,1,0,1,1
context_19196.json,structured,3,3,0,1,1
context_19196.json,root_preamble,1,1,0,1,1
context_191960.json,structured,82,82,0,1,1
context_191960.json,root_preamble,1,1,0,1,1
context_191996.json,structured,11,11,0,1,1
context_191996.json,root_preamble,1,1,0,1,1
context_192038.json,structured,30,30,0,1,1
context_192038.json,root_preamble,1,1,0,1,1
context_192042.json,structured,5,5,0,1,1
context_192042.json,root_preamble,1,1,0,1,1
context_192065.json,structured,42,42,0,1,1
context_192065.json,root_preamble,1,1,0,1,1
context_192095.json,unstructured_whole,1,1,0,1,1
context_192130.json,structured,10,10,0,1,1
context_192130.json,root_preamble,1,1,0,1,1
context_19215.json,structured,101,101,0,1,1
context_19215.json,root_preamble,1,1,0,1,1
context_192210.json,structured,24,24,0,1,1
context_192210.json,root_preamble,1,1,0,1,1
context_192255.json,structured,4,4,0,1,1
context_192255.json,root_preamble,1,1,0,1,1
context_192295.json,structured,16,16,0,1,1
context_192295.json,root_preamble,1,1,0,1,1
context_192300.json,structured,2,2,0,1,1
context_192300.json,root_preamble,1,1,0,1,1
context_192327.json,structured,34,34,0,1,1
context_192327.json,root_preamble,1,1,0,1,1
context_19236.json,structured,32,32,0,1,1
context_19236.json,root_preamble,1,1,0,1,1
context_192378.json,structured,25,25,0,1,1
context_192378.json,root_preamble,1,1,0,1,1
context_192414.json,structured,3,3,0,1,1
context_192414.json,root_preamble,1,1,0,1,1
context_192496.json,unstructured_whole,1,1,0,1,1
context_192548.json,structured,25,25,0,1,1
context_192548.json,root_preamble,1,1,0,1,1
context_19256.json,structured,24,24,0,1,1
context_19256.json,root_preamble,1,1,0,1,1
context_192596.json,unstructured_whole,1,1,0,1,1
context_192712.json,structured,58,58,0,1,1
context_192712.json,root_preamble,1,1,0,1,1
context_19272.json,structured,46,46,0,1,1
context_19272.json,root_preamble,1,1,0,1,1
context_192733.json,structured,3,3,0,1,1
context_192733.json,root_preamble,1,1,0,1,1
context_192790.json,structured,33,33,0,1,1
context_192790.json,root_preamble,1,1,0,1,1
context_192830.json,structured,28,28,0,1,1
context_192830.json,root_preamble,1,1,0,1,1
context_19284.json,structured,4,4,0,1,1
context_19284.json,root_preamble,1,1,0,1,1
context_19285.json,structured,11,11,0,1,1
context_19285.json,root_preamble,1,1,0,1,1
context_192853.json,structured,41,41,0,1,1
context_192853.json,root_preamble,1,1,0,1,1
context_192878.json,structured,6,6,0,1,1
context_192878.json,root_preamble,1,1,0,1,1
context_19290.json,structured,33,33,0,1,1
context_19290.json,root_preamble,1,1,0,1,1
context_192916.json,structured,11,11,0,1,1
context_192916.json,root_preamble,1,1,0,1,1
context_192937.json,structured,8,8,0,1,1
context_192937.json,root_preamble,1,1,0,1,1
context_192947.json,structured,1,1,0,1,1
context_192947.json,root_preamble,1,1,0,1,1
context_192969.json,structured,16,16,0,1,1
context_192969.json,root_preamble,1,1,0,1,1
context_193070.json,structured,2,2,0,1,1
context_193070.json,root_preamble,1,1,0,1,1
context_193079.json,structured,5,5,0,1,1
context_193079.json,root_preamble,1,1,0,1,1
context_193104.json,structured,18,18,0,1,1
context_193104.json,root_preamble,1,1,0,1,1
context_193117.json,structured,21,21,0,1,1
context_193117.json,root_preamble,1,1,0,1,1
context_193192.json,structured,13,13,0,1,1
context_193192.json,root_preamble,1,1,0,1,1
context_19346.json,structured,3,3,0,1,1
context_19346.json,root_preamble,1,1,0,1,1
context_193476.json,unstructured_whole,1,1,0,1,1
context_193543.json,structured,2,2,0,1,1
context_193543.json,root_preamble,1,1,0,1,1
context_193581.json,unstructured_whole,1,1,0,1,1
context_193641.json,structured,1,1,0,1,1
context_193641.json,root_preamble,1,1,0,1,1
context_193654.json,structured,10,10,0,1,1
context_193654.json,root_preamble,1,1,0,1,1
context_193680.json,structured,26,26,0,1,1
context_193680.json,root_preamble,1,1,0,1,1
context_193693.json,structured,16,16,0,1,1
context_193693.json,root_preamble,1,1,0,1,1
context_193708.json,structured,12,12,0,1,1
context_193708.json,root_preamble,1,1,0,1,1
context_193787.json,structured,22,22,0,1,1
context_193787.json,root_preamble,1,1,0,1,1
context_193815.json,structured,3,3,0,1,1
context_193815.json,root_preamble,1,1,0,1,1
context_193838.json,structured,12,12,0,1,1
context_193838.json,root_preamble,1,1,0,1,1
context_193877.json,structured,4,4,0,1,1
context_193877.json,root_preamble,1,1,0,1,1
context_193923.json,structured,19,19,0,1,1
context_193923.json,root_preamble,1,1,0,1,1
context_193924.json,structured,4,4,0,1,1
context_193924.json,root_preamble,1,1,0,1,1
context_193936.json,structured,65,65,0,1,1
context_193936.json,root_preamble,1,1,0,1,1
context_193940.json,structured,43,43,0,1,1
context_193940.json,root_preamble,1,1,0,1,1
context_193948.json,structured,2,2,0,1,1
context_193948.json,root_preamble,1,1,0,1,1
context_193990.json,structured,4,4,0,1,1
context_193990.json,root_preamble,1,1,0,1,1
context_194029.json,structured,37,37,0,1,1
context_194029.json,root_preamble,1,1,0,1,1
context_194030.json,structured,24,24,0,1,1
context_194030.json,root_preamble,1,1,0,1,1
context_194094.json,structured,21,21,0,1,1
context_194094.json,root_preamble,1,1,0,1,1
context_194124.json,structured,26,26,0,1,1
context_194124.json,root_preamble,1,1,0,1,1
context_19414.json,structured,31,31,0,1,1
context_19414.json,root_preamble,1,1,0,1,1
context_194158.json,structured,22,22,0,1,1
context_194158.json,root_preamble,1,1,0,1,1
context_194160.json,structured,3,3,0,1,1
context_194160.json,root_preamble,1,1,0,1,1
context_194227.json,structured,22,22,0,1,1
context_194227.json,root_preamble,1,1,0,1,1
context_194238.json,structured,33,33,0,1,1
context_194238.json,root_preamble,1,1,0,1,1
context_19424.json,unstructured_whole,1,1,0,1,1
context_194311.json,structured,28,28,0,1,1
context_194311.json,root_preamble,1,1,0,1,1
context_194359.json,structured,47,47,0,1,1
context_194359.json,root_preamble,1,1,0,1,1
context_194382.json,unstructured_whole,1,1,0,1,1
context_194412.json,structured,34,34,0,1,1
context_194412.json,root_preamble,1,1,0,1,1
context_194414.json,structured,53,53,0,1,1
context_194414.json,root_preamble,1,1,0,1,1
context_194423.json,structured,81,81,0,1,1
context_194423.json,root_preamble,1,1,0,1,1
context_194424.json,structured,5,5,0,1,1
context_194424.json,root_preamble,1,1,0,1,1
context_194448.json,structured,11,11,0,1,1
context_194448.json,root_preamble,1,1,0,1,1
context_194461.json,structured,3,3,0,1,1
context_194461.json,root_preamble,1,1,0,1,1
context_194512.json,structured,53,53,0,1,1
context_194512.json,root_preamble,1,1,0,1,1
context_194522.json,structured,91,91,0,1,1
context_194522.json,root_preamble,1,1,0,1,1
context_194597.json,structured,56,56,0,1,1
context_194597.json,root_preamble,1,1,0,1,1
context_194614.json,structured,11,11,0,1,1
context_194614.json,root_preamble,1,1,0,1,1
context_194625.json,structured,23,23,0,1,1
context_194625.json,root_preamble,1,1,0,1,1
context_194626.json,structured,37,37,0,1,1
context_194626.json,root_preamble,1,1,0,1,1
context_194646.json,structured,4,4,0,1,1
context_194646.json,root_preamble,1,1,0,1,1
context_194732.json,structured,6,6,0,1,1
context_194732.json,root_preamble,1,1,0,1,1
context_194750.json,structured,25,25,0,1,1
context_194750.json,root_preamble,1,1,0,1,1
context_194761.json,structured,15,15,0,1,1
context_194761.json,root_preamble,1,1,0,1,1
context_194788.json,structured,29,29,0,1,1
context_194788.json,root_preamble,1,1,0,1,1
context_19479.json,structured,6,6,0,1,1
context_19479.json,root_preamble,1,1,0,1,1
context_194863.json,structured,382,382,0,1,1
context_194863.json,root_preamble,1,1,0,1,1
context_194881.json,structured,33,33,0,1,1
context_194881.json,root_preamble,1,1,0,1,1
context_194928.json,structured,34,34,0,1,1
context_194928.json,root_preamble,1,1,0,1,1
context_194936.json,structured,39,39,0,1,1
context_194936.json,root_preamble,1,1,0,1,1
context_194973.json,structured,2,2,0,1,1
context_194973.json,root_preamble,1,1,0,1,1
context_194989.json,structured,3,3,0,1,1
context_194989.json,root_preamble,1,1,0,1,1
context_195015.json,structured,1,1,0,1,1
context_195015.json,root_preamble,1,1,0,1,1
context_195044.json,unstructured_whole,1,1,0,1,1
context_195058.json,structured,5,5,0,1,1
context_195058.json,root_preamble,1,1,0,1,1
context_195065.json,unstructured_whole,1,1,0,1,1
context_19512.json,structured,52,52,0,1,1
context_19512.json,root_preamble,1,1,0,1,1
context_195131.json,structured,8,8,0,1,1
context_195131.json,root_preamble,1,1,0,1,1
context_195150.json,structured,30,30,0,1,1
context_195150.json,root_preamble,1,1,0,1,1
context_195160.json,structured,14,14,0,1,1
context_195160.json,root_preamble,1,1,0,1,1
context_195170.json,structured,35,35,0,1,1
context_195170.json,root_preamble,1,1,0,1,1
context_195229.json,structured,57,57,0,1,1
context_195229.json,root_preamble,1,1,0,1,1
context_195242.json,structured,15,15,0,1,1
context_195242.json,root_preamble,1,1,0,1,1
context_19526.json,structured,2,2,0,1,1
context_19526.json,root_preamble,1,1,0,1,1
context_195324.json,structured,4,4,0,1,1
context_195324.json,root_preamble,1,1,0,1,1
context_19533.json,structured,59,59,0,1,1
context_19533.json,root_preamble,1,1,0,1,1
context_195363.json,structured,13,13,0,1,1
context_195363.json,root_preamble,1,1,0,1,1
context_195369.json,structured,15,15,0,1,1
context_195369.json,root_preamble,1,1,0,1,1
context_195377.json,structured,149,149,0,1,1
context_195377.json,root_preamble,1,1,0,1,1
context_195409.json,structured,31,31,0,1,1
context_195409.json,root_preamble,1,1,0,1,1
context_195444.json,unstructured_whole,1,1,0,1,1
context_195454.json,structured,19,19,0,1,1
context_195454.json,root_preamble,1,1,0,1,1
context_19551.json,structured,11,11,0,1,1
context_19551.json,root_preamble,1,1,0,1,1
context_195539.json,structured,12,12,0,1,1
context_195539.json,root_preamble,1,1,0,1,1
context_19554.json,structured,1,1,0,1,1
context_19554.json,root_preamble,1,1,0,1,1
context_195579.json,structured,15,15,0,1,1
context_195579.json,root_preamble,1,1,0,1,1
context_195609.json,structured,20,20,0,1,1
context_195609.json,root_preamble,1,1,0,1,1
context_195612.json,structured,51,51,0,1,1
context_195612.json,root_preamble,1,1,0,1,1
context_195639.json,structured,12,12,0,1,1
context_195639.json,root_preamble,1,1,0,1,1
context_195677.json,structured,22,22,0,1,1
context_195677.json,root_preamble,1,1,0,1,1
context_195713.json,structured,11,11,0,1,1
context_195713.json,root_preamble,1,1,0,1,1
context_195723.json,structured,8,8,0,1,1
context_195723.json,root_preamble,1,1,0,1,1
context_195776.json,structured,29,29,0,1,1
context_195776.json,root_preamble,1,1,0,1,1
context_195898.json,structured,8,8,0,1,1
context_195898.json,root_preamble,1,1,0,1,1
context_195962.json,structured,51,51,0,1,1
context_195962.json,root_preamble,1,1,0,1,1
context_19598.json,structured,3,3,0,1,1
context_19598.json,root_preamble,1,1,0,1,1
context_196005.json,structured,1,1,0,1,1
context_196005.json,root_preamble,1,1,0,1,1
context_196079.json,structured,40,40,0,1,1
context_196079.json,root_preamble,1,1,0,1,1
context_19608.json,structured,7,7,0,1,1
context_19608.json,root_preamble,1,1,0,1,1
context_196119.json,structured,28,28,0,1,1
context_196119.json,root_preamble,1,1,0,1,1
context_19613.json,structured,7,7,0,1,1
context_19613.json,root_preamble,1,1,0,1,1
context_196169.json,structured,27,27,0,1,1
context_196169.json,root_preamble,1,1,0,1,1
context_196231.json,structured,11,11,0,1,1
context_196231.json,root_preamble,1,1,0,1,1
context_19627.json,structured,69,69,0,1,1
context_19627.json,root_preamble,1,1,0,1,1
context_196292.json,structured,4,4,0,1,1
context_196292.json,root_preamble,1,1,0,1,1
context_196322.json,structured,33,33,0,1,1
context_196322.json,root_preamble,1,1,0,1,1
context_196419.json,structured,14,14,0,1,1
context_196419.json,root_preamble,1,1,0,1,1
context_196427.json,structured,32,32,0,1,1
context_196427.json,root_preamble,1,1,0,1,1
context_196443.json,structured,19,19,0,1,1
context_196443.json,root_preamble,1,1,0,1,1
context_196503.json,structured,9,9,0,1,1
context_196503.json,root_preamble,1,1,0,1,1
context_196603.json,structured,80,80,0,1,1
context_196603.json,root_preamble,1,1,0,1,1
context_196627.json,structured,8,8,0,1,1
context_196627.json,root_preamble,1,1,0,1,1
context_196659.json,structured,26,26,0,1,1
context_196659.json,root_preamble,1,1,0,1,1
context_196674.json,structured,64,64,0,1,1
context_196674.json,root_preamble,1,1,0,1,1
context_196708.json,structured,28,28,0,1,1
context_196708.json,root_preamble,1,1,0,1,1
context_196709.json,structured,12,12,0,1,1
context_196709.json,root_preamble,1,1,0,1,1
context_196732.json,structured,19,19,0,1,1
context_196732.json,root_preamble,1,1,0,1,1
context_196777.json,structured,5,5,0,1,1
context_196777.json,root_preamble,1,1,0,1,1
context_196862.json,unstructured_whole,1,1,0,1,1
context_196923.json,structured,28,28,0,1,1
context_196923.json,root_preamble,1,1,0,1,1
context_196932.json,structured,1,1,0,1,1
context_196932.json,root_preamble,1,1,0,1,1
context_196969.json,structured,34,34,0,1,1
context_196969.json,root_preamble,1,1,0,1,1
context_196989.json,structured,24,24,0,1,1
context_196989.json,root_preamble,1,1,0,1,1
context_197111.json,structured,2,2,0,1,1
context_197111.json,root_preamble,1,1,0,1,1
context_197131.json,structured,73,73,0,1,1
context_197131.json,root_preamble,1,1,0,1,1
context_197310.json,structured,18,18,0,1,1
context_197310.json,root_preamble,1,1,0,1,1
context_197322.json,structured,13,13,0,1,1
context_197322.json,root_preamble,1,1,0,1,1
context_197373.json,structured,105,105,0,1,1
context_197373.json,root_preamble,1,1,0,1,1
context_197484.json,structured,58,58,0,1,1
context_197484.json,root_preamble,1,1,0,1,1
context_19752.json,structured,45,45,0,1,1
context_19752.json,root_preamble,1,1,0,1,1
context_197521.json,structured,20,20,0,1,1
context_197521.json,root_preamble,1,1,0,1,1
context_197527.json,structured,26,26,0,1,1
context_197527.json,root_preamble,1,1,0,1,1
context_197551.json,structured,26,26,0,1,1
context_197551.json,root_preamble,1,1,0,1,1
context_19765.json,structured,18,18,0,1,1
context_19765.json,root_preamble,1,1,0,1,1
context_197657.json,unstructured_whole,1,1,0,1,1
context_197672.json,structured,35,35,0,1,1
context_197672.json,root_preamble,1,1,0,1,1
context_197679.json,structured,24,24,0,1,1
context_197679.json,root_preamble,1,1,0,1,1
context_197729.json,unstructured_whole,1,1,0,1,1
context_197772.json,structured,8,8,0,1,1
context_197772.json,root_preamble,1,1,0,1,1
context_197839.json,structured,42,42,0,1,1
context_197839.json,root_preamble,1,1,0,1,1
context_197840.json,structured,30,30,0,1,1
context_197840.json,root_preamble,1,1,0,1,1
context_197875.json,structured,29,29,0,1,1
context_197875.json,root_preamble,1,1,0,1,1
context_197876.json,structured,8,8,0,1,1
context_197876.json,root_preamble,1,1,0,1,1
context_197884.json,structured,5,5,0,1,1
context_197884.json,root_preamble,1,1,0,1,1
context_197900.json,structured,6,6,0,1,1
context_197900.json,root_preamble,1,1,0,1,1
context_197930.json,structured,8,8,0,1,1
context_197930.json,root_preamble,1,1,0,1,1
context_197991.json,structured,2,2,0,1,1
context_197991.json,root_preamble,1,1,0,1,1
context_198048.json,structured,39,39,0,1,1
context_198048.json,root_preamble,1,1,0,1,1
context_198064.json,unstructured_whole,1,1,0,1,1
context_198111.json,unstructured_whole,1,1,0,1,1
context_198123.json,structured,5,5,0,1,1
context_198123.json,root_preamble,1,1,0,1,1
context_198125.json,structured,14,14,0,1,1
context_198125.json,root_preamble,1,1,0,1,1
context_198141.json,structured,29,29,0,1,1
context_198141.json,root_preamble,1,1,0,1,1
context_198153.json,structured,2,2,0,1,1
context_198153.json,root_preamble,1,1,0,1,1
context_198159.json,structured,6,6,0,1,1
context_198159.json,root_preamble,1,1,0,1,1
context_198172.json,structured,6,6,0,1,1
context_198172.json,root_preamble,1,1,0,1,1
context_198183.json,structured,1,1,0,1,1
context_198183.json,root_preamble,1,1,0,1,1
context_198256.json,structured,3,3,0,1,1
context_198256.json,root_preamble,1,1,0,1,1
context_198275.json,structured,2,2,0,1,1
context_198275.json,root_preamble,1,1,0,1,1
context_198291.json,structured,12,12,0,1,1
context_198291.json,root_preamble,1,1,0,1,1
context_198293.json,structured,36,36,0,1,1
context_198293.json,root_preamble,1,1,0,1,1
context_198319.json,structured,13,13,0,1,1
context_198319.json,root_preamble,1,1,0,1,1
context_198321.json,structured,5,5,0,1,1
context_198321.json,root_preamble,1,1,0,1,1
context_198326.json,structured,36,36,0,1,1
context_198326.json,root_preamble,1,1,0,1,1
context_198337.json,unstructured_whole,1,1,0,1,1
context_198357.json,structured,6,6,0,1,1
context_198357.json,root_preamble,1,1,0,1,1
context_198374.json,structured,227,227,0,1,1
context_198374.json,root_preamble,1,1,0,1,1
context_19838.json,structured,3,3,0,1,1
context_19838.json,root_preamble,1,1,0,1,1
context_198450.json,structured,13,13,0,1,1
context_198450.json,root_preamble,1,1,0,1,1
context_198454.json,structured,8,8,0,1,1
context_198454.json,root_preamble,1,1,0,1,1
context_198463.json,structured,26,26,0,1,1
context_198463.json,root_preamble,1,1,0,1,1
context_198465.json,structured,45,45,0,1,1
context_198465.json,root_preamble,1,1,0,1,1
context_198508.json,unstructured_whole,1,1,0,1,1
context_198547.json,structured,5,5,0,1,1
context_198547.json,root_preamble,1,1,0,1,1
context_198561.json,structured,14,14,0,1,1
context_198561.json,root_preamble,1,1,0,1,1
context_198567.json,structured,4,4,0,1,1
context_198567.json,root_preamble,1,1,0,1,1
context_198572.json,structured,32,32,0,1,1
context_198572.json,root_preamble,1,1,0,1,1
context_198631.json,structured,5,5,0,1,1
context_198631.json,root_preamble,1,1,0,1,1
context_198665.json,structured,4,4,0,1,1
context_198665.json,root_preamble,1,1,0,1,1
context_198723.json,structured,9,9,0,1,1
context_198723.json,root_preamble,1,1,0,1,1
context_19873.json,structured,14,14,0,1,1
context_19873.json,root_preamble,1,1,0,1,1
context_198734.json,structured,15,15,0,1,1
context_198734.json,root_preamble,1,1,0,1,1
context_198756.json,unstructured_whole,1,1,0,1,1
context_198810.json,structured,5,5,0,1,1
context_198810.json,root_preamble,1,1,0,1,1
context_198836.json,structured,11,11,0,1,1
context_198836.json,root_preamble,1,1,0,1,1
context_198845.json,structured,2,2,0,1,1
context_198845.json,root_preamble,1,1,0,1,1
context_198862.json,structured,32,32,0,1,1
context_198862.json,root_preamble,1,1,0,1,1
context_19890.json,structured,39,39,0,1,1
context_19890.json,root_preamble,1,1,0,1,1
context_198927.json,structured,41,41,0,1,1
context_198927.json,root_preamble,1,1,0,1,1
context_19895.json,structured,50,50,0,1,1
context_19895.json,root_preamble,1,1,0,1,1
context_199003.json,structured,4,4,0,1,1
context_199003.json,root_preamble,1,1,0,1,1
context_199021.json,structured,2,2,0,1,1
context_199021.json,root_preamble,1,1,0,1,1
context_199047.json,structured,11,11,0,1,1
context_199047.json,root_preamble,1,1,0,1,1
context_199056.json,structured,4,4,0,1,1
context_199056.json,root_preamble,1,1,0,1,1
context_199066.json,structured,21,21,0,1,1
context_199066.json,root_preamble,1,1,0,1,1
context_199115.json,structured,12,12,0,1,1
context_199115.json,root_preamble,1,1,0,1,1
context_199119.json,structured,27,27,0,1,1
context_199119.json,root_preamble,1,1,0,1,1
context_19912.json,structured,8,8,0,1,1
context_19912.json,root_preamble,1,1,0,1,1
context_199122.json,structured,5,5,0,1,1
context_199122.json,root_preamble,1,1,0,1,1
context_199198.json,structured,24,24,0,1,1
context_199198.json,root_preamble,1,1,0,1,1
context_1992.json,structured,3,3,0,1,1
context_1992.json,root_preamble,1,1,0,1,1
context_199232.json,structured,8,8,0,1,1
context_199232.json,root_preamble,1,1,0,1,1
context_199257.json,unstructured_whole,1,1,0,1,1
context_199266.json,structured,5,5,0,1,1
context_199266.json,root_preamble,1,1,0,1,1
context_199271.json,structured,17,17,0,1,1
context_199271.json,root_preamble,1,1,0,1,1
context_199294.json,structured,28,28,0,1,1
context_199294.json,root_preamble,1,1,0,1,1
context_199354.json,structured,65,65,0,1,1
context_199354.json,root_preamble,1,1,0,1,1
context_199374.json,structured,64,64,0,1,1
context_199374.json,root_preamble,1,1,0,1,1
context_199472.json,structured,42,42,0,1,1
context_199472.json,root_preamble,1,1,0,1,1
context_199484.json,structured,29,29,0,1,1
context_199484.json,root_preamble,1,1,0,1,1
context_199608.json,structured,14,14,0,1,1
context_199608.json,root_preamble,1,1,0,1,1
context_199636.json,structured,13,13,0,1,1
context_199636.json,root_preamble,1,1,0,1,1
context_199641.json,structured,4,4,0,1,1
context_199641.json,root_preamble,1,1,0,1,1
context_199642.json,structured,13,13,0,1,1
context_199642.json,root_preamble,1,1,0,1,1
context_199665.json,structured,45,45,0,1,1
context_199665.json,root_preamble,1,1,0,1,1
context_199759.json,structured,123,123,0,1,1
context_199759.json,root_preamble,1,1,0,1,1
context_199792.json,structured,7,7,0,1,1
context_199792.json,root_preamble,1,1,0,1,1
context_199839.json,structured,36,36,0,1,1
context_199839.json,root_preamble,1,1,0,1,1
context_199882.json,structured,14,14,0,1,1
context_199882.json,root_preamble,1,1,0,1,1
context_1999.json,structured,2,2,0,1,1
context_1999.json,root_preamble,1,1,0,1,1
context_199914.json,structured,5,5,0,1,1
context_199914.json,root_preamble,1,1,0,1,1
context_199932.json,structured,26,26,0,1,1
context_199932.json,root_preamble,1,1,0,1,1
context_199939.json,structured,6,6,0,1,1
context_199939.json,root_preamble,1,1,0,1,1
context_199946.json,structured,53,53,0,1,1
context_199946.json,root_preamble,1,1,0,1,1
context_199968.json,structured,19,19,0,1,1
context_199968.json,root_preamble,1,1,0,1,1
context_199984.json,structured,2,2,0,1,1
context_199984.json,root_preamble,1,1,0,1,1
context_200015.json,structured,2,2,0,1,1
context_200015.json,root_preamble,1,1,0,1,1
context_20004.json,structured,28,28,0,1,1
context_20004.json,root_preamble,1,1,0,1,1
context_200046.json,structured,7,7,0,1,1
context_200046.json,root_preamble,1,1,0,1,1
context_200063.json,structured,15,15,0,1,1
context_200063.json,root_preamble,1,1,0,1,1
context_200079.json,structured,2,2,0,1,1
context_200079.json,root_preamble,1,1,0,1,1
context_200115.json,structured,22,22,0,1,1
context_200115.json,root_preamble,1,1,0,1,1
context_200120.json,structured,5,5,0,1,1
context_200120.json,root_preamble,1,1,0,1,1
context_200130.json,structured,5,5,0,1,1
context_200130.json,root_preamble,1,1,0,1,1
context_200185.json,structured,5,5,0,1,1
context_200185.json,root_preamble,1,1,0,1,1
context_200293.json,structured,48,48,0,1,1
context_200293.json,root_preamble,1,1,0,1,1
context_200302.json,structured,11,11,0,1,1
context_200302.json,root_preamble,1,1,0,1,1
context_200304.json,structured,5,5,0,1,1
context_200304.json,root_preamble,1,1,0,1,1
context_200355.json,structured,111,111,0,1,1
context_200355.json,root_preamble,1,1,0,1,1
context_200426.json,structured,1,1,0,1,1
context_200426.json,root_preamble,1,1,0,1,1
context_200437.json,structured,65,65,0,1,1
context_200437.json,root_preamble,1,1,0,1,1
context_200446.json,structured,29,29,0,1,1
context_200446.json,root_preamble,1,1,0,1,1
context_200473.json,structured,5,5,0,1,1
context_200473.json,root_preamble,1,1,0,1,1
context_200477.json,structured,16,16,0,1,1
context_200477.json,root_preamble,1,1,0,1,1
context_200497.json,structured,6,6,0,1,1
context_200497.json,root_preamble,1,1,0,1,1
context_200499.json,structured,17,17,0,1,1
context_200499.json,root_preamble,1,1,0,1,1
context_200577.json,structured,6,6,0,1,1
context_200577.json,root_preamble,1,1,0,1,1
context_200618.json,structured,51,51,0,1,1
context_200618.json,root_preamble,1,1,0,1,1
context_200782.json,unstructured_whole,1,1,0,1,1
context_200822.json,structured,18,18,0,1,1
context_200822.json,root_preamble,1,1,0,1,1
context_200844.json,structured,28,28,0,1,1
context_200844.json,root_preamble,1,1,0,1,1
context_20086.json,structured,22,22,0,1,1
context_20086.json,root_preamble,1,1,0,1,1
context_200888.json,structured,8,8,0,1,1
context_200888.json,root_preamble,1,1,0,1,1
context_200924.json,structured,17,17,0,1,1
context_200924.json,root_preamble,1,1,0,1,1
context_200927.json,structured,1,1,0,1,1
context_200927.json,root_preamble,1,1,0,1,1
context_200953.json,structured,119,119,0,1,1
context_200953.json,root_preamble,1,1,0,1,1
context_200980.json,structured,30,30,0,1,1
context_200980.json,root_preamble,1,1,0,1,1
context_200987.json,structured,1,1,0,1,1
context_200987.json,root_preamble,1,1,0,1,1
context_20100.json,unstructured_whole,1,1,0,1,1
context_201003.json,structured,49,49,0,1,1
context_201003.json,root_preamble,1,1,0,1,1
context_201050.json,structured,7,7,0,1,1
context_201050.json,root_preamble,1,1,0,1,1
context_201141.json,structured,30,30,0,1,1
context_201141.json,root_preamble,1,1,0,1,1
context_201154.json,structured,9,9,0,1,1
context_201154.json,root_preamble,1,1,0,1,1
context_201234.json,structured,2,2,0,1,1
context_201234.json,root_preamble,1,1,0,1,1
context_201305.json,structured,66,66,0,1,1
context_201305.json,root_preamble,1,1,0,1,1
context_201315.json,structured,4,4,0,1,1
context_201315.json,root_preamble,1,1,0,1,1
context_201345.json,structured,3,3,0,1,1
context_201345.json,root_preamble,1,1,0,1,1
context_201384.json,structured,3,3,0,1,1
context_201384.json,root_preamble,1,1,0,1,1
context_201412.json,structured,42,42,0,1,1
context_201412.json,root_preamble,1,1,0,1,1
context_201484.json,structured,38,38,0,1,1
context_201484.json,root_preamble,1,1,0,1,1
context_201504.json,structured,50,50,0,1,1
context_201504.json,root_preamble,1,1,0,1,1
context_201540.json,structured,71,71,0,1,1
context_201540.json,root_preamble,1,1,0,1,1
context_201542.json,structured,11,11,0,1,1
context_201542.json,root_preamble,1,1,0,1,1
context_201556.json,structured,8,8,0,1,1
context_201556.json,root_preamble,1,1,0,1,1
context_201584.json,structured,21,21,0,1,1
context_201584.json,root_preamble,1,1,0,1,1
context_201610.json,structured,12,12,0,1,1
context_201610.json,root_preamble,1,1,0,1,1
context_201636.json,structured,9,9,0,1,1
context_201636.json,root_preamble,1,1,0,1,1
context_201681.json,structured,109,109,0,1,1
context_201681.json,root_preamble,1,1,0,1,1
context_201743.json,structured,5,5,0,1,1
context_201743.json,root_preamble,1,1,0,1,1
context_202048.json,structured,4,4,0,1,1
context_202048.json,root_preamble,1,1,0,1,1
context_202098.json,structured,7,7,0,1,1
context_202098.json,root_preamble,1,1,0,1,1
context_202169.json,structured,5,5,0,1,1
context_202169.json,root_preamble,1,1,0,1,1
context_202173.json,structured,5,5,0,1,1
context_202173.json,root_preamble,1,1,0,1,1
context_202211.json,structured,8,8,0,1,1
context_202211.json,root_preamble,1,1,0,1,1
context_202236.json,structured,6,6,0,1,1
context_202236.json,root_preamble,1,1,0,1,1
context_20226.json,structured,75,75,0,1,1
context_20226.json,root_preamble,1,1,0,1,1
context_202285.json,unstructured_whole,1,1,0,1,1
context_202356.json,structured,20,20,0,1,1
context_202356.json,root_preamble,1,1,0,1,1
context_202376.json,structured,10,10,0,1,1
context_202376.json,root_preamble,1,1,0,1,1
context_202390.json,structured,42,42,0,1,1
context_202390.json,root_preamble,1,1,0,1,1
context_202407.json,structured,28,28,0,1,1
context_202407.json,root_preamble,1,1,0,1,1
context_202422.json,structured,1,1,0,1,1
context_202422.json,root_preamble,1,1,0,1,1
context_202472.json,structured,22,22,0,1,1
context_202472.json,root_preamble,1,1,0,1,1
context_202489.json,structured,5,5,0,1,1
context_202489.json,root_preamble,1,1,0,1,1
context_202555.json,structured,42,42,0,1,1
context_202555.json,root_preamble,1,1,0,1,1
context_2026.json,structured,91,91,0,1,1
context_2026.json,root_preamble,1,1,0,1,1
context_202607.json,structured,8,8,0,1,1
context_202607.json,root_preamble,1,1,0,1,1
context_20261.json,structured,63,63,0,1,1
context_20261.json,root_preamble,1,1,0,1,1
context_202623.json,structured,8,8,0,1,1
context_202623.json,root_preamble,1,1,0,1,1
context_202627.json,structured,5,5,0,1,1
context_202627.json,root_preamble,1,1,0,1,1
context_202657.json,structured,51,51,0,1,1
context_202657.json,root_preamble,1,1,0,1,1
context_202663.json,structured,8,8,0,1,1
context_202663.json,root_preamble,1,1,0,1,1
context_202672.json,structured,11,11,0,1,1
context_202672.json,root_preamble,1,1,0,1,1
context_202675.json,unstructured_whole,1,1,0,1,1
context_202751.json,structured,6,6,0,1,1
context_202751.json,root_preamble,1,1,0,1,1
context_202799.json,structured,10,10,0,1,1
context_202799.json,root_preamble,1,1,0,1,1
context_202884.json,structured,25,25,0,1,1
context_202884.json,root_preamble,1,1,0,1,1
context_202901.json,structured,1,1,0,1,1
context_202901.json,root_preamble,1,1,0,1,1
context_20291.json,structured,2,2,0,1,1
context_20291.json,root_preamble,1,1,0,1,1
context_202929.json,structured,4,4,0,1,1
context_202929.json,root_preamble,1,1,0,1,1
context_202936.json,structured,27,27,0,1,1
context_202936.json,root_preamble,1,1,0,1,1
context_202998.json,structured,18,18,0,1,1
context_202998.json,root_preamble,1,1,0,1,1
context_203033.json,structured,37,37,0,1,1
context_203033.json,root_preamble,1,1,0,1,1
context_203042.json,unstructured_whole,1,1,0,1,1
context_20307.json,structured,36,36,0,1,1
context_20307.json,root_preamble,1,1,0,1,1
context_203089.json,structured,23,23,0,1,1
context_203089.json,root_preamble,1,1,0,1,1
context_203090.json,structured,46,46,0,1,1
context_203090.json,root_preamble,1,1,0,1,1
context_203193.json,structured,17,17,0,1,1
context_203193.json,root_preamble,1,1,0,1,1
context_20324.json,structured,18,18,0,1,1
context_20324.json,root_preamble,1,1,0,1,1
context_203287.json,structured,9,9,0,1,1
context_203287.json,root_preamble,1,1,0,1,1
context_203327.json,structured,32,32,0,1,1
context_203327.json,root_preamble,1,1,0,1,1
context_203471.json,structured,21,21,0,1,1
context_203471.json,root_preamble,1,1,0,1,1
context_203499.json,structured,21,21,0,1,1
context_203499.json,root_preamble,1,1,0,1,1
context_20351.json,structured,17,17,0,1,1
context_20351.json,root_preamble,1,1,0,1,1
context_203532.json,structured,39,39,0,1,1
context_203532.json,root_preamble,1,1,0,1,1
context_203551.json,unstructured_whole,1,1,0,1,1
context_203564.json,structured,46,46,0,1,1
context_203564.json,root_preamble,1,1,0,1,1
context_203597.json,structured,23,23,0,1,1
context_203597.json,root_preamble,1,1,0,1,1
context_20369.json,structured,32,32,0,1,1
context_20369.json,root_preamble,1,1,0,1,1
context_203691.json,structured,16,16,0,1,1
context_203691.json,root_preamble,1,1,0,1,1
context_203829.json,structured,18,18,0,1,1
context_203829.json,root_preamble,1,1,0,1,1
context_203852.json,structured,10,10,0,1,1
context_203852.json,root_preamble,1,1,0,1,1
context_203941.json,structured,11,11,0,1,1
context_203941.json,root_preamble,1,1,0,1,1
context_203945.json,structured,3,3,0,1,1
context_203945.json,root_preamble,1,1,0,1,1
context_203971.json,unstructured_whole,1,1,0,1,1
context_204036.json,structured,50,50,0,1,1
context_204036.json,root_preamble,1,1,0,1,1
context_204131.json,structured,13,13,0,1,1
context_204131.json,root_preamble,1,1,0,1,1
context_204209.json,structured,37,37,0,1,1
context_204209.json,root_preamble,1,1,0,1,1
context_204228.json,structured,1,1,0,1,1
context_204228.json,root_preamble,1,1,0,1,1
context_204285.json,structured,12,12,0,1,1
context_204285.json,root_preamble,1,1,0,1,1
context_204342.json,structured,16,16,0,1,1
context_204342.json,root_preamble,1,1,0,1,1
context_204366.json,structured,59,59,0,1,1
context_204366.json,root_preamble,1,1,0,1,1
context_204396.json,structured,7,7,0,1,1
context_204396.json,root_preamble,1,1,0,1,1
context_204462.json,structured,11,11,0,1,1
context_204462.json,root_preamble,1,1,0,1,1
context_204511.json,structured,8,8,0,1,1
context_204511.json,root_preamble,1,1,0,1,1
context_20457.json,structured,340,340,0,1,1
context_20457.json,root_preamble,1,1,0,1,1
context_204578.json,structured,17,17,0,1,1
context_204578.json,root_preamble,1,1,0,1,1
context_204597.json,structured,41,41,0,1,1
context_204597.json,root_preamble,1,1,0,1,1
context_204602.json,structured,42,42,0,1,1
context_204602.json,root_preamble,1,1,0,1,1
context_204733.json,structured,19,19,0,1,1
context_204733.json,root_preamble,1,1,0,1,1
context_204777.json,structured,31,31,0,1,1
context_204777.json,root_preamble,1,1,0,1,1
context_204837.json,structured,23,23,0,1,1
context_204837.json,root_preamble,1,1,0,1,1
context_204875.json,structured,74,74,0,1,1
context_204875.json,root_preamble,1,1,0,1,1
context_204908.json,structured,27,27,0,1,1
context_204908.json,root_preamble,1,1,0,1,1
context_204916.json,structured,32,32,0,1,1
context_204916.json,root_preamble,1,1,0,1,1
context_204946.json,structured,89,89,0,1,1
context_204946.json,root_preamble,1,1,0,1,1
context_204979.json,structured,2,2,0,1,1
context_204979.json,root_preamble,1,1,0,1,1
context_204992.json,structured,16,16,0,1,1
context_204992.json,root_preamble,1,1,0,1,1
context_205038.json,structured,2,2,0,1,1
context_205038.json,root_preamble,1,1,0,1,1
context_205063.json,structured,14,14,0,1,1
context_205063.json,root_preamble,1,1,0,1,1
context_205116.json,structured,7,7,0,1,1
context_205116.json,root_preamble,1,1,0,1,1
context_205136.json,structured,38,38,0,1,1
context_205136.json,root_preamble,1,1,0,1,1
context_205155.json,structured,54,54,0,1,1
context_205155.json,root_preamble,1,1,0,1,1
context_205156.json,structured,9,9,0,1,1
context_205156.json,root_preamble,1,1,0,1,1
context_2052.json,unstructured_whole,1,1,0,1,1
context_205263.json,structured,6,6,0,1,1
context_205263.json,root_preamble,1,1,0,1,1
context_205332.json,structured,14,14,0,1,1
context_205332.json,root_preamble,1,1,0,1,1
context_205344.json,structured,46,46,0,1,1
context_205344.json,root_preamble,1,1,0,1,1
context_20542.json,structured,30,30,0,1,1
context_20542.json,root_preamble,1,1,0,1,1
context_205432.json,structured,19,19,0,1,1
context_205432.json,root_preamble,1,1,0,1,1
context_205435.json,unstructured_whole,1,1,0,1,1
context_205448.json,structured,27,27,0,1,1
context_205448.json,root_preamble,1,1,0,1,1
context_205491.json,structured,5,5,0,1,1
context_205491.json,root_preamble,1,1,0,1,1
context_205572.json,structured,82,82,0,1,1
context_205572.json,root_preamble,1,1,0,1,1
context_205584.json,structured,5,5,0,1,1
context_205584.json,root_preamble,1,1,0,1,1
context_205692.json,structured,3,3,0,1,1
context_205692.json,root_preamble,1,1,0,1,1
context_205761.json,structured,84,84,0,1,1
context_205761.json,root_preamble,1,1,0,1,1
context_205762.json,structured,1,1,0,1,1
context_205762.json,root_preamble,1,1,0,1,1
context_205774.json,structured,6,6,0,1,1
context_205774.json,root_preamble,1,1,0,1,1
context_205838.json,structured,34,34,0,1,1
context_205838.json,root_preamble,1,1,0,1,1
context_205868.json,structured,1,1,0,1,1
context_205868.json,root_preamble,1,1,0,1,1
context_205898.json,structured,4,4,0,1,1
context_205898.json,root_preamble,1,1,0,1,1
context_20594.json,structured,54,54,0,1,1
context_20594.json,root_preamble,1,1,0,1,1
context_20597.json,structured,5,5,0,1,1
context_20597.json,root_preamble,1,1,0,1,1
context_205996.json,structured,17,17,0,1,1
context_205996.json,root_preamble,1,1,0,1,1
context_206088.json,structured,61,61,0,1,1
context_206088.json,root_preamble,1,1,0,1,1
context_206095.json,structured,37,37,0,1,1
context_206095.json,root_preamble,1,1,0,1,1
context_206108.json,structured,42,42,0,1,1
context_206108.json,root_preamble,1,1,0,1,1
context_206115.json,structured,11,11,0,1,1
context_206115.json,root_preamble,1,1,0,1,1
context_206126.json,structured,14,14,0,1,1
context_206126.json,root_preamble,1,1,0,1,1
context_206197.json,structured,41,41,0,1,1
context_206197.json,root_preamble,1,1,0,1,1
context_206215.json,structured,2,2,0,1,1
context_206215.json,root_preamble,1,1,0,1,1
context_206224.json,structured,5,5,0,1,1
context_206224.json,root_preamble,1,1,0,1,1
context_206248.json,structured,22,22,0,1,1
context_206248.json,root_preamble,1,1,0,1,1
context_206251.json,unstructured_whole,1,1,0,1,1
context_206256.json,structured,1,1,0,1,1
context_206256.json,root_preamble,1,1,0,1,1
context_206298.json,structured,19,19,0,1,1
context_206298.json,root_preamble,1,1,0,1,1
context_206332.json,structured,19,19,0,1,1
context_206332.json,root_preamble,1,1,0,1,1
context_206431.json,unstructured_whole,1,1,0,1,1
context_206456.json,structured,48,48,0,1,1
context_206456.json,root_preamble,1,1,0,1,1
context_206464.json,structured,36,36,0,1,1
context_206464.json,root_preamble,1,1,0,1,1
context_206476.json,structured,2,2,0,1,1
context_206476.json,root_preamble,1,1,0,1,1
context_206546.json,structured,48,48,0,1,1
context_206546.json,root_preamble,1,1,0,1,1
context_206557.json,structured,18,18,0,1,1
context_206557.json,root_preamble,1,1,0,1,1
context_206598.json,structured,2,2,0,1,1
context_206598.json,root_preamble,1,1,0,1,1
context_206651.json,structured,6,6,0,1,1
context_206651.json,root_preamble,1,1,0,1,1
context_206693.json,structured,32,32,0,1,1
context_206693.json,root_preamble,1,1,0,1,1
context_206754.json,structured,23,23,0,1,1
context_206754.json,root_preamble,1,1,0,1,1
context_206810.json,structured,27,27,0,1,1
context_206810.json,root_preamble,1,1,0,1,1
context_206812.json,structured,21,21,0,1,1
context_206812.json,root_preamble,1,1,0,1,1
context_206860.json,structured,9,9,0,1,1
context_206860.json,root_preamble,1,1,0,1,1
context_206962.json,structured,33,33,0,1,1
context_206962.json,root_preamble,1,1,0,1,1
context_206982.json,structured,4,4,0,1,1
context_206982.json,root_preamble,1,1,0,1,1
context_207001.json,structured,8,8,0,1,1
context_207001.json,root_preamble,1,1,0,1,1
context_207003.json,unstructured_whole,1,1,0,1,1
context_207013.json,structured,6,6,0,1,1
context_207013.json,root_preamble,1,1,0,1,1
context_207032.json,structured,4,4,0,1,1
context_207032.json,root_preamble,1,1,0,1,1
context_207040.json,structured,45,45,0,1,1
context_207040.json,root_preamble,1,1,0,1,1
context_207058.json,structured,40,40,0,1,1
context_207058.json,root_preamble,1,1,0,1,1
context_207095.json,structured,11,11,0,1,1
context_207095.json,root_preamble,1,1,0,1,1
context_207100.json,structured,5,5,0,1,1
context_207100.json,root_preamble,1,1,0,1,1
context_207163.json,structured,8,8,0,1,1
context_207163.json,root_preamble,1,1,0,1,1
context_207212.json,structured,19,19,0,1,1
context_207212.json,root_preamble,1,1,0,1,1
context_207272.json,structured,25,25,0,1,1
context_207272.json,root_preamble,1,1,0,1,1
context_207309.json,structured,3,3,0,1,1
context_207309.json,root_preamble,1,1,0,1,1
context_207326.json,structured,1,1,0,1,1
context_207326.json,root_preamble,1,1,0,1,1
context_207333.json,structured,22,22,0,1,1
context_207333.json,root_preamble,1,1,0,1,1
context_207421.json,structured,11,11,0,1,1
context_207421.json,root_preamble,1,1,0,1,1
context_207425.json,structured,3,3,0,1,1
context_207425.json,root_preamble,1,1,0,1,1
context_20745.json,structured,46,46,0,1,1
context_20745.json,root_preamble,1,1,0,1,1
context_207452.json,structured,14,14,0,1,1
context_207452.json,root_preamble,1,1,0,1,1
context_207459.json,structured,4,4,0,1,1
context_207459.json,root_preamble,1,1,0,1,1
context_207468.json,structured,16,16,0,1,1
context_207468.json,root_preamble,1,1,0,1,1
context_207476.json,structured,37,37,0,1,1
context_207476.json,root_preamble,1,1,0,1,1
context_207519.json,structured,6,6,0,1,1
context_207519.json,root_preamble,1,1,0,1,1
context_207601.json,structured,5,5,0,1,1
context_207601.json,root_preamble,1,1,0,1,1
context_207657.json,structured,26,26,0,1,1
context_207657.json,root_preamble,1,1,0,1,1
context_207661.json,structured,26,26,0,1,1
context_207661.json,root_preamble,1,1,0,1,1
context_207694.json,structured,17,17,0,1,1
context_207694.json,root_preamble,1,1,0,1,1
context_207722.json,structured,7,7,0,1,1
context_207722.json,root_preamble,1,1,0,1,1
context_207728.json,structured,27,27,0,1,1
context_207728.json,root_preamble,1,1,0,1,1
context_207772.json,structured,60,60,0,1,1
context_207772.json,root_preamble,1,1,0,1,1
context_207864.json,structured,27,27,0,1,1
context_207864.json,root_preamble,1,1,0,1,1
context_207878.json,structured,13,13,0,1,1
context_207878.json,root_preamble,1,1,0,1,1
context_207905.json,structured,22,22,0,1,1
context_207905.json,root_preamble,1,1,0,1,1
context_207907.json,structured,11,11,0,1,1
context_207907.json,root_preamble,1,1,0,1,1
context_207913.json,structured,25,25,0,1,1
context_207913.json,root_preamble,1,1,0,1,1
context_207931.json,structured,16,16,0,1,1
context_207931.json,root_preamble,1,1,0,1,1
context_207946.json,structured,5,5,0,1,1
context_207946.json,root_preamble,1,1,0,1,1
context_207949.json,structured,5,5,0,1,1
context_207949.json,root_preamble,1,1,0,1,1
context_207953.json,unstructured_whole,1,1,0,1,1
context_208001.json,structured,52,52,0,1,1
context_208001.json,root_preamble,1,1,0,1,1
context_208019.json,structured,4,4,0,1,1
context_208019.json,root_preamble,1,1,0,1,1
context_208029.json,structured,37,37,0,1,1
context_208029.json,root_preamble,1,1,0,1,1
context_208078.json,structured,13,13,0,1,1
context_208078.json,root_preamble,1,1,0,1,1
context_208105.json,structured,127,127,0,1,1
context_208105.json,root_preamble,1,1,0,1,1
context_208111.json,structured,34,34,0,1,1
context_208111.json,root_preamble,1,1,0,1,1
context_208114.json,structured,39,39,0,1,1
context_208114.json,root_preamble,1,1,0,1,1
context_208153.json,structured,38,38,0,1,1
context_208153.json,root_preamble,1,1,0,1,1
context_208165.json,structured,5,5,0,1,1
context_208165.json,root_preamble,1,1,0,1,1
context_208176.json,structured,45,45,0,1,1
context_208176.json,root_preamble,1,1,0,1,1
context_208218.json,structured,3,3,0,1,1
context_208218.json,root_preamble,1,1,0,1,1
context_208243.json,structured,49,49,0,1,1
context_208243.json,root_preamble,1,1,0,1,1
context_208311.json,structured,16,16,0,1,1
context_208311.json,root_preamble,1,1,0,1,1
context_208314.json,structured,48,48,0,1,1
context_208314.json,root_preamble,1,1,0,1,1
context_208337.json,structured,24,24,0,1,1
context_208337.json,root_preamble,1,1,0,1,1
context_208373.json,structured,66,66,0,1,1
context_208373.json,root_preamble,1,1,0,1,1
context_208428.json,structured,27,27,0,1,1
context_208428.json,root_preamble,1,1,0,1,1
context_208504.json,structured,30,30,0,1,1
context_208504.json,root_preamble,1,1,0,1,1
context_20851.json,structured,29,29,0,1,1
context_20851.json,root_preamble,1,1,0,1,1
context_208519.json,unstructured_whole,1,1,0,1,1
context_208521.json,structured,4,4,0,1,1
context_208521.json,root_preamble,1,1,0,1,1
context_20853.json,structured,25,25,0,1,1
context_20853.json,root_preamble,1,1,0,1,1
context_208543.json,structured,35,35,0,1,1
context_208543.json,root_preamble,1,1,0,1,1
context_208565.json,structured,41,41,0,1,1
context_208565.json,root_preamble,1,1,0,1,1
context_208663.json,structured,56,56,0,1,1
context_208663.json,root_preamble,1,1,0,1,1
context_208679.json,structured,5,5,0,1,1
context_208679.json,root_preamble,1,1,0,1,1
context_208720.json,structured,6,6,0,1,1
context_208720.json,root_preamble,1,1,0,1,1
context_208784.json,structured,40,40,0,1,1
context_208784.json,root_preamble,1,1,0,1,1
context_208840.json,structured,5,5,0,1,1
context_208840.json,root_preamble,1,1,0,1,1
context_208872.json,structured,22,22,0,1,1
context_208872.json,root_preamble,1,1,0,1,1
context_208874.json,structured,31,31,0,1,1
context_208874.json,root_preamble,1,1,0,1,1
context_20892.json,unstructured_whole,1,1,0,1,1
context_208926.json,structured,28,28,0,1,1
context_208926.json,root_preamble,1,1,0,1,1
context_208949.json,structured,26,26,0,1,1
context_208949.json,root_preamble,1,1,0,1,1
context_208990.json,structured,12,12,0,1,1
context_208990.json,root_preamble,1,1,0,1,1
context_209057.json,structured,23,23,0,1,1
context_209057.json,root_preamble,1,1,0,1,1
context_209067.json,root_preamble,1,1,0,1,1
context_209069.json,structured,19,19,0,1,1
context_209069.json,root_preamble,1,1,0,1,1
context_209092.json,structured,30,30,0,1,1
context_209092.json,root_preamble,1,1,0,1,1
context_209098.json,structured,40,40,0,1,1
context_209098.json,root_preamble,1,1,0,1,1
context_209151.json,structured,43,43,0,1,1
context_209151.json,root_preamble,1,1,0,1,1
context_209161.json,structured,18,18,0,1,1
context_209161.json,root_preamble,1,1,0,1,1
context_209180.json,structured,3,3,0,1,1
context_209180.json,root_preamble,1,1,0,1,1
context_209191.json,structured,2,2,0,1,1
context_209191.json,root_preamble,1,1,0,1,1
context_209208.json,structured,40,40,0,1,1
context_209208.json,root_preamble,1,1,0,1,1
context_209272.json,structured,24,24,0,1,1
context_209272.json,root_preamble,1,1,0,1,1
context_209317.json,structured,49,49,0,1,1
context_209317.json,root_preamble,1,1,0,1,1
context_20932.json,structured,47,47,0,1,1
context_20932.json,root_preamble,1,1,0,1,1
context_209334.json,structured,4,4,0,1,1
context_209334.json,root_preamble,1,1,0,1,1
context_209403.json,structured,5,5,0,1,1
context_209403.json,root_preamble,1,1,0,1,1
context_209456.json,structured,4,4,0,1,1
context_209456.json,root_preamble,1,1,0,1,1
context_20947.json,structured,11,11,0,1,1
context_20947.json,root_preamble,1,1,0,1,1
context_209471.json,structured,8,8,0,1,1
context_209471.json,root_preamble,1,1,0,1,1
context_209474.json,structured,28,28,0,1,1
context_209474.json,root_preamble,1,1,0,1,1
context_20950.json,structured,6,6,0,1,1
context_20950.json,root_preamble,1,1,0,1,1
context_209532.json,structured,80,80,0,1,1
context_209532.json,root_preamble,1,1,0,1,1
context_209580.json,structured,1,1,0,1,1
context_209580.json,root_preamble,1,1,0,1,1
context_209678.json,structured,6,6,0,1,1
context_209678.json,root_preamble,1,1,0,1,1
context_209685.json,structured,30,30,0,1,1
context_209685.json,root_preamble,1,1,0,1,1
context_209697.json,structured,2,2,0,1,1
context_209697.json,root_preamble,1,1,0,1,1
context_209703.json,structured,22,22,0,1,1
context_209703.json,root_preamble,1,1,0,1,1
context_209787.json,unstructured_whole,1,1,0,1,1
context_20980.json,structured,42,42,0,1,1
context_20980.json,root_preamble,1,1,0,1,1
context_20981.json,structured,20,20,0,1,1
context_20981.json,root_preamble,1,1,0,1,1
context_209811.json,structured,8,8,0,1,1
context_209811.json,root_preamble,1,1,0,1,1
context_209839.json,structured,40,40,0,1,1
context_209839.json,root_preamble,1,1,0,1,1
context_209914.json,structured,9,9,0,1,1
context_209914.json,root_preamble,1,1,0,1,1
context_209939.json,structured,17,17,0,1,1
context_209939.json,root_preamble,1,1,0,1,1
context_209958.json,structured,2,2,0,1,1
context_209958.json,root_preamble,1,1,0,1,1
context_209975.json,structured,36,36,0,1,1
context_209975.json,root_preamble,1,1,0,1,1
context_209983.json,structured,56,56,0,1,1
context_209983.json,root_preamble,1,1,0,1,1
context_21.json,structured,26,26,0,1,1
context_21.json,root_preamble,1,1,0,1,1
context_21010.json,structured,27,27,0,1,1
context_21010.json,root_preamble,1,1,0,1,1
context_210181.json,structured,12,12,0,1,1
context_210181.json,root_preamble,1,1,0,1,1
context_210191.json,unstructured_whole,1,1,0,1,1
context_210195.json,structured,5,5,0,1,1
context_210195.json,root_preamble,1,1,0,1,1
context_210242.json,structured,29,29,0,1,1
context_210242.json,root_preamble,1,1,0,1,1
context_210291.json,structured,7,7,0,1,1
context_210291.json,root_preamble,1,1,0,1,1
context_210338.json,structured,47,47,0,1,1
context_210338.json,root_preamble,1,1,0,1,1
context_210451.json,structured,28,28,0,1,1
context_210451.json,root_preamble,1,1,0,1,1
context_210490.json,structured,52,52,0,1,1
context_210490.json,root_preamble,1,1,0,1,1
context_210540.json,structured,21,21,0,1,1
context_210540.json,root_preamble,1,1,0,1,1
context_210630.json,structured,6,6,0,1,1
context_210630.json,root_preamble,1,1,0,1,1
context_210655.json,structured,57,57,0,1,1
context_210655.json,root_preamble,1,1,0,1,1
context_210675.json,structured,6,6,0,1,1
context_210675.json,root_preamble,1,1,0,1,1
context_210717.json,structured,19,19,0,1,1
context_210717.json,root_preamble,1,1,0,1,1
context_210726.json,structured,1,1,0,1,1
context_210726.json,root_preamble,1,1,0,1,1
context_210846.json,structured,8,8,0,1,1
context_210846.json,root_preamble,1,1,0,1,1
context_21085.json,structured,11,11,0,1,1
context_21085.json,root_preamble,1,1,0,1,1
context_210867.json,structured,10,10,0,1,1
context_210867.json,root_preamble,1,1,0,1,1
context_210883.json,structured,33,33,0,1,1
context_210883.json,root_preamble,1,1,0,1,1
context_210942.json,structured,22,22,0,1,1
context_210942.json,root_preamble,1,1,0,1,1
context_210985.json,structured,59,59,0,1,1
context_210985.json,root_preamble,1,1,0,1,1
context_211012.json,structured,1,1,0,1,1
context_211012.json,root_preamble,1,1,0,1,1
context_211090.json,structured,111,111,0,1,1
context_211090.json,root_preamble,1,1,0,1,1
context_21111.json,structured,40,40,0,1,1
context_21111.json,root_preamble,1,1,0,1,1
context_211144.json,structured,29,29,0,1,1
context_211144.json,root_preamble,1,1,0,1,1
context_21119.json,structured,11,11,0,1,1
context_21119.json,root_preamble,1,1,0,1,1
context_21122.json,structured,9,9,0,1,1
context_21122.json,root_preamble,1,1,0,1,1
context_211234.json,structured,1,1,0,1,1
context_211234.json,root_preamble,1,1,0,1,1
context_211248.json,structured,16,16,0,1,1
context_211248.json,root_preamble,1,1,0,1,1
context_211282.json,structured,11,11,0,1,1
context_211282.json,root_preamble,1,1,0,1,1
context_211293.json,unstructured_whole,1,1,0,1,1
context_211297.json,structured,4,4,0,1,1
context_211297.json,root_preamble,1,1,0,1,1
context_2113.json,structured,91,91,0,1,1
context_2113.json,root_preamble,1,1,0,1,1
context_211305.json,structured,16,16,0,1,1
context_211305.json,root_preamble,1,1,0,1,1
context_211348.json,structured,26,26,0,1,1
context_211348.json,root_preamble,1,1,0,1,1
context_211379.json,structured,48,48,0,1,1
context_211379.json,root_preamble,1,1,0,1,1
context_211431.json,structured,16,16,0,1,1
context_211431.json,root_preamble,1,1,0,1,1
context_211473.json,structured,27,27,0,1,1
context_211473.json,root_preamble,1,1,0,1,1
context_211478.json,unstructured_whole,1,1,0,1,1
context_21148.json,unstructured_whole,1,1,0,1,1
context_211507.json,structured,8,8,0,1,1
context_21151.json,structured,9,9,0,1,1
context_21151.json,root_preamble,1,1,0,1,1
context_211524.json,structured,23,23,0,1,1
context_211524.json,root_preamble,1,1,0,1,1
context_211547.json,structured,41,41,0,1,1
context_211547.json,root_preamble,1,1,0,1,1
context_211611.json,structured,2,2,0,1,1
context_211611.json,root_preamble,1,1,0,1,1
context_211642.json,structured,6,6,0,1,1
context_211642.json,root_preamble,1,1,0,1,1
context_211665.json,structured,28,28,0,1,1
context_211665.json,root_preamble,1,1,0,1,1
context_211681.json,structured,27,27,0,1,1
context_211681.json,root_preamble,1,1,0,1,1
context_211702.json,structured,59,59,0,1,1
context_211702.json,root_preamble,1,1,0,1,1
context_211839.json,structured,6,6,0,1,1
context_211839.json,root_preamble,1,1,0,1,1
context_211897.json,structured,25,25,0,1,1
context_211897.json,root_preamble,1,1,0,1,1
context_211916.json,structured,18,18,0,1,1
context_211916.json,root_preamble,1,1,0,1,1
context_211920.json,unstructured_whole,1,1,0,1,1
context_211938.json,structured,5,5,0,1,1
context_211938.json,root_preamble,1,1,0,1,1
context_21194.json,structured,49,49,0,1,1
context_21194.json,root_preamble,1,1,0,1,1
context_211965.json,structured,24,24,0,1,1
context_211965.json,root_preamble,1,1,0,1,1
context_211973.json,structured,28,28,0,1,1
context_211973.json,root_preamble,1,1,0,1,1
context_211991.json,structured,5,5,0,1,1
context_211991.json,root_preamble,1,1,0,1,1
context_21201.json,structured,4,4,0,1,1
context_21201.json,root_preamble,1,1,0,1,1
context_21202.json,structured,8,8,0,1,1
context_21202.json,root_preamble,1,1,0,1,1
context_212029.json,structured,5,5,0,1,1
context_212029.json,root_preamble,1,1,0,1,1
context_212096.json,structured,22,22,0,1,1
context_212096.json,root_preamble,1,1,0,1,1
context_212132.json,structured,44,44,0,1,1
context_212132.json,root_preamble,1,1,0,1,1
context_212175.json,structured,40,40,0,1,1
context_212175.json,root_preamble,1,1,0,1,1
context_212198.json,structured,45,45,0,1,1
context_212198.json,root_preamble,1,1,0,1,1
context_21223.json,structured,11,11,0,1,1
context_21223.json,root_preamble,1,1,0,1,1
context_212256.json,structured,8,8,0,1,1
context_212256.json,root_preamble,1,1,0,1,1
context_212309.json,structured,29,29,0,1,1
context_212309.json,root_preamble,1,1,0,1,1
context_212312.json,structured,18,18,0,1,1
context_212312.json,root_preamble,1,1,0,1,1
context_21232.json,structured,9,9,0,1,1
context_21232.json,root_preamble,1,1,0,1,1
context_212422.json,structured,5,5,0,1,1
context_212422.json,root_preamble,1,1,0,1,1
context_212439.json,structured,3,3,0,1,1
context_212439.json,root_preamble,1,1,0,1,1
context_212468.json,structured,30,30,0,1,1
context_212468.json,root_preamble,1,1,0,1,1
context_212531.json,structured,6,6,0,1,1
context_212531.json,root_preamble,1,1,0,1,1
context_212538.json,structured,25,25,0,1,1
context_212538.json,root_preamble,1,1,0,1,1
context_212638.json,unstructured_whole,1,1,0,1,1
context_212666.json,structured,22,22,0,1,1
context_212666.json,root_preamble,1,1,0,1,1
context_212670.json,structured,3,3,0,1,1
context_212670.json,root_preamble,1,1,0,1,1
context_212713.json,structured,26,26,0,1,1
context_212713.json,root_preamble,1,1,0,1,1
context_212727.json,structured,21,21,0,1,1
context_212727.json,root_preamble,1,1,0,1,1
context_212736.json,structured,7,7,0,1,1
context_212736.json,root_preamble,1,1,0,1,1
context_212812.json,structured,16,16,0,1,1
context_212812.json,root_preamble,1,1,0,1,1
context_212820.json,structured,32,32,0,1,1
context_212820.json,root_preamble,1,1,0,1,1
context_212867.json,structured,18,18,0,1,1
context_212867.json,root_preamble,1,1,0,1,1
context_212986.json,structured,137,137,0,1,1
context_212986.json,root_preamble,1,1,0,1,1
context_213014.json,structured,51,51,0,1,1
context_213014.json,root_preamble,1,1,0,1,1
context_213083.json,structured,34,34,0,1,1
context_213083.json,root_preamble,1,1,0,1,1
context_213084.json,structured,36,36,0,1,1
context_213084.json,root_preamble,1,1,0,1,1
context_213154.json,structured,8,8,0,1,1
context_213154.json,root_preamble,1,1,0,1,1
context_213173.json,structured,13,13,0,1,1
context_213173.json,root_preamble,1,1,0,1,1
context_213187.json,structured,20,20,0,1,1
context_213187.json,root_preamble,1,1,0,1,1
context_213188.json,structured,81,81,0,1,1
context_213188.json,root_preamble,1,1,0,1,1
context_213257.json,structured,22,22,0,1,1
context_213257.json,root_preamble,1,1,0,1,1
context_213278.json,structured,16,16,0,1,1
context_213278.json,root_preamble,1,1,0,1,1
context_213302.json,structured,51,51,0,1,1
context_213302.json,root_preamble,1,1,0,1,1
context_213319.json,structured,3,3,0,1,1
context_213319.json,root_preamble,1,1,0,1,1
context_213328.json,structured,29,29,0,1,1
context_213328.json,root_preamble,1,1,0,1,1
context_213366.json,structured,5,5,0,1,1
context_213366.json,root_preamble,1,1,0,1,1
context_213418.json,structured,3,3,0,1,1
context_213418.json,root_preamble,1,1,0,1,1
context_213424.json,structured,38,38,0,1,1
context_213424.json,root_preamble,1,1,0,1,1
context_213429.json,structured,11,11,0,1,1
context_213429.json,root_preamble,1,1,0,1,1
context_213593.json,structured,12,12,0,1,1
context_213593.json,root_preamble,1,1,0,1,1
context_213728.json,structured,16,16,0,1,1
context_213728.json,root_preamble,1,1,0,1,1
context_213762.json,structured,16,16,0,1,1
context_213762.json,root_preamble,1,1,0,1,1
context_213788.json,structured,32,32,0,1,1
context_213788.json,root_preamble,1,1,0,1,1
context_213832.json,structured,31,31,0,1,1
context_213832.json,root_preamble,1,1,0,1,1
context_213842.json,structured,9,9,0,1,1
context_213842.json,root_preamble,1,1,0,1,1
context_21389.json,structured,5,5,0,1,1
context_21389.json,root_preamble,1,1,0,1,1
context_213905.json,structured,57,57,0,1,1
context_213905.json,root_preamble,1,1,0,1,1
context_21392.json,structured,17,17,0,1,1
context_21392.json,root_preamble,1,1,0,1,1
context_213978.json,structured,3,3,0,1,1
context_213978.json,root_preamble,1,1,0,1,1
context_21398.json,structured,232,232,0,1,1
context_21398.json,root_preamble,1,1,0,1,1
context_213980.json,structured,8,8,0,1,1
context_213980.json,root_preamble,1,1,0,1,1
context_213999.json,structured,24,24,0,1,1
context_213999.json,root_preamble,1,1,0,1,1
context_214002.json,structured,1,1,0,1,1
context_214002.json,root_preamble,1,1,0,1,1
context_214057.json,structured,1,1,0,1,1
context_214057.json,root_preamble,1,1,0,1,1
context_214081.json,structured,61,61,0,1,1
context_214081.json,root_preamble,1,1,0,1,1
context_214116.json,structured,4,4,0,1,1
context_214116.json,root_preamble,1,1,0,1,1
context_214141.json,structured,15,15,0,1,1
context_214141.json,root_preamble,1,1,0,1,1
context_214143.json,structured,4,4,0,1,1
context_214143.json,root_preamble,1,1,0,1,1
context_214172.json,structured,31,31,0,1,1
context_214172.json,root_preamble,1,1,0,1,1
context_214265.json,structured,11,11,0,1,1
context_214265.json,root_preamble,1,1,0,1,1
context_214310.json,structured,5,5,0,1,1
context_214310.json,root_preamble,1,1,0,1,1
context_214347.json,structured,32,32,0,1,1
context_214347.json,root_preamble,1,1,0,1,1
context_214379.json,structured,6,6,0,1,1
context_214379.json,root_preamble,1,1,0,1,1
context_214431.json,structured,42,42,0,1,1
context_214431.json,root_preamble,1,1,0,1,1
context_214453.json,structured,4,4,0,1,1
context_214453.json,root_preamble,1,1,0,1,1
context_214458.json,structured,3,3,0,1,1
context_214458.json,root_preamble,1,1,0,1,1
context_214505.json,structured,81,81,0,1,1
context_214505.json,root_preamble,1,1,0,1,1
context_214545.json,structured,6,6,0,1,1
context_214545.json,root_preamble,1,1,0,1,1
context_214592.json,structured,27,27,0,1,1
context_214592.json,root_preamble,1,1,0,1,1
context_214595.json,structured,6,6,0,1,1
context_214595.json,root_preamble,1,1,0,1,1
context_214636.json,structured,31,31,0,1,1
context_214636.json,root_preamble,1,1,0,1,1
context_214709.json,structured,21,21,0,1,1
context_214709.json,root_preamble,1,1,0,1,1
context_214713.json,structured,73,73,0,1,1
context_214713.json,root_preamble,1,1,0,1,1
context_214757.json,structured,24,24,0,1,1
context_214757.json,root_preamble,1,1,0,1,1
context_214767.json,structured,22,22,0,1,1
context_214767.json,root_preamble,1,1,0,1,1
context_214784.json,structured,3,3,0,1,1
context_214784.json,root_preamble,1,1,0,1,1
context_214848.json,structured,26,26,0,1,1
context_214848.json,root_preamble,1,1,0,1,1
context_214868.json,structured,16,16,0,1,1
context_214868.json,root_preamble,1,1,0,1,1
context_214899.json,structured,43,43,0,1,1
context_214899.json,root_preamble,1,1,0,1,1
context_214907.json,structured,5,5,0,1,1
context_214907.json,root_preamble,1,1,0,1,1
context_214909.json,structured,38,38,0,1,1
context_214909.json,root_preamble,1,1,0,1,1
context_21492.json,structured,88,88,0,1,1
context_21492.json,root_preamble,1,1,0,1,1
context_214961.json,structured,40,40,0,1,1
context_214961.json,root_preamble,1,1,0,1,1
context_215025.json,structured,28,28,0,1,1
context_215025.json,root_preamble,1,1,0,1,1
context_215094.json,structured,20,20,0,1,1
context_215094.json,root_preamble,1,1,0,1,1
context_215110.json,structured,2,2,0,1,1
context_215110.json,root_preamble,1,1,0,1,1
context_215129.json,unstructured_whole,1,1,0,1,1
context_21513.json,structured,12,12,0,1,1
context_21513.json,root_preamble,1,1,0,1,1
context_215177.json,structured,8,8,0,1,1
context_215177.json,root_preamble,1,1,0,1,1
context_215234.json,unstructured_whole,1,1,0,1,1
context_215247.json,structured,7,7,0,1,1
context_215247.json,root_preamble,1,1,0,1,1
context_21526.json,structured,86,86,0,1,1
context_21526.json,root_preamble,1,1,0,1,1
context_215271.json,structured,5,5,0,1,1
context_215271.json,root_preamble,1,1,0,1,1
context_215283.json,structured,26,26,0,1,1
context_215283.json,root_preamble,1,1,0,1,1
context_215316.json,structured,1,1,0,1,1
context_215316.json,root_preamble,1,1,0,1,1
context_215344.json,structured,16,16,0,1,1
context_215344.json,root_preamble,1,1,0,1,1
context_215369.json,structured,19,19,0,1,1
context_215369.json,root_preamble,1,1,0,1,1
context_21538.json,structured,66,66,0,1,1
context_21538.json,root_preamble,1,1,0,1,1
context_2154.json,structured,3,3,0,1,1
context_2154.json,root_preamble,1,1,0,1,1
context_215423.json,structured,13,13,0,1,1
context_215423.json,root_preamble,1,1,0,1,1
context_215478.json,structured,25,25,0,1,1
context_215478.json,root_preamble,1,1,0,1,1
context_215527.json,structured,26,26,0,1,1
context_215527.json,root_preamble,1,1,0,1,1
context_215541.json,structured,4,4,0,1,1
context_215541.json,root_preamble,1,1,0,1,1
context_215560.json,structured,6,6,0,1,1
context_215560.json,root_preamble,1,1,0,1,1
context_215572.json,structured,17,17,0,1,1
context_215572.json,root_preamble,1,1,0,1,1
context_215727.json,structured,18,18,0,1,1
context_215727.json,root_preamble,1,1,0,1,1
context_215730.json,structured,25,25,0,1,1
context_215730.json,root_preamble,1,1,0,1,1
context_215733.json,unstructured_whole,1,1,0,1,1
context_215754.json,structured,2,2,0,1,1
context_215754.json,root_preamble,1,1,0,1,1
context_215799.json,structured,34,34,0,1,1
context_215799.json,root_preamble,1,1,0,1,1
context_215811.json,structured,30,30,0,1,1
context_215811.json,root_preamble,1,1,0,1,1
context_215897.json,structured,41,41,0,1,1
context_215897.json,root_preamble,1,1,0,1,1
context_215901.json,structured,36,36,0,1,1
context_215901.json,root_preamble,1,1,0,1,1
context_215923.json,structured,1,1,0,1,1
context_215923.json,root_preamble,1,1,0,1,1
context_215981.json,structured,5,5,0,1,1
context_215981.json,root_preamble,1,1,0,1,1
context_216083.json,structured,25,25,0,1,1
context_216083.json,root_preamble,1,1,0,1,1
context_216174.json,structured,56,56,0,1,1
context_216174.json,root_preamble,1,1,0,1,1
context_216175.json,structured,11,11,0,1,1
context_216175.json,root_preamble,1,1,0,1,1
context_216179.json,structured,2,2,0,1,1
context_216179.json,root_preamble,1,1,0,1,1
context_216224.json,unstructured_whole,1,1,0,1,1
context_216294.json,structured,24,24,0,1,1
context_216294.json,root_preamble,1,1,0,1,1
context_216303.json,structured,17,17,0,1,1
context_216303.json,root_preamble,1,1,0,1,1
context_21631.json,structured,16,16,0,1,1
context_21631.json,root_preamble,1,1,0,1,1
context_216361.json,structured,18,18,0,1,1
context_216361.json,root_preamble,1,1,0,1,1
context_216382.json,structured,22,22,0,1,1
context_216382.json,root_preamble,1,1,0,1,1
context_216398.json,structured,38,38,0,1,1
context_216398.json,root_preamble,1,1,0,1,1
context_216413.json,structured,50,50,0,1,1
context_216413.json,root_preamble,1,1,0,1,1
context_216415.json,structured,19,19,0,1,1
context_216415.json,root_preamble,1,1,0,1,1
context_216427.json,structured,60,60,0,1,1
context_216427.json,root_preamble,1,1,0,1,1
context_216530.json,structured,7,7,0,1,1
context_216530.json,root_preamble,1,1,0,1,1
context_216537.json,structured,19,19,0,1,1
context_216537.json,root_preamble,1,1,0,1,1
context_216564.json,structured,26,26,0,1,1
context_216564.json,root_preamble,1,1,0,1,1
context_216584.json,structured,13,13,0,1,1
context_216584.json,root_preamble,1,1,0,1,1
context_216656.json,structured,14,14,0,1,1
context_216656.json,root_preamble,1,1,0,1,1
context_216673.json,structured,5,5,0,1,1
context_216673.json,root_preamble,1,1,0,1,1
context_216723.json,structured,66,66,0,1,1
context_216723.json,root_preamble,1,1,0,1,1
context_216736.json,structured,26,26,0,1,1
context_216736.json,root_preamble,1,1,0,1,1
context_216739.json,structured,36,36,0,1,1
context_216739.json,root_preamble,1,1,0,1,1
context_216862.json,structured,20,20,0,1,1
context_216862.json,root_preamble,1,1,0,1,1
context_216876.json,structured,8,8,0,1,1
context_216876.json,root_preamble,1,1,0,1,1
context_216897.json,structured,53,53,0,1,1
context_216897.json,root_preamble,1,1,0,1,1
context_216925.json,structured,15,15,0,1,1
context_216925.json,root_preamble,1,1,0,1,1
context_216984.json,structured,35,35,0,1,1
context_216984.json,root_preamble,1,1,0,1,1
context_216990.json,structured,2,2,0,1,1
context_216990.json,root_preamble,1,1,0,1,1
context_217001.json,structured,17,17,0,1,1
context_217001.json,root_preamble,1,1,0,1,1
context_217026.json,structured,41,41,0,1,1
context_217026.json,root_preamble,1,1,0,1,1
context_217080.json,structured,95,95,0,1,1
context_217080.json,root_preamble,1,1,0,1,1
context_217143.json,structured,26,26,0,1,1
context_217143.json,root_preamble,1,1,0,1,1
context_217164.json,unstructured_whole,1,1,0,1,1
context_217222.json,structured,6,6,0,1,1
context_217222.json,root_preamble,1,1,0,1,1
context_217248.json,structured,20,20,0,1,1
context_217248.json,root_preamble,1,1,0,1,1
context_217263.json,structured,34,34,0,1,1
context_217263.json,root_preamble,1,1,0,1,1
context_217266.json,structured,4,4,0,1,1
context_217266.json,root_preamble,1,1,0,1,1
context_21727.json,structured,24,24,0,1,1
context_21727.json,root_preamble,1,1,0,1,1
context_217317.json,unstructured_whole,1,1,0,1,1
context_217327.json,structured,6,6,0,1,1
context_217327.json,root_preamble,1,1,0,1,1
context_217329.json,structured,11,11,0,1,1
context_217329.json,root_preamble,1,1,0,1,1
context_217349.json,structured,74,74,0,1,1
context_217349.json,root_preamble,1,1,0,1,1
context_217375.json,structured,19,19,0,1,1
context_217375.json,root_preamble,1,1,0,1,1
context_217376.json,unstructured_whole,1,1,0,1,1
context_217398.json,structured,7,7,0,1,1
context_217398.json,root_preamble,1,1,0,1,1
context_217416.json,structured,29,29,0,1,1
context_217416.json,root_preamble,1,1,0,1,1
context_217461.json,structured,18,18,0,1,1
context_217461.json,root_preamble,1,1,0,1,1
context_217480.json,structured,59,59,0,1,1
context_217480.json,root_preamble,1,1,0,1,1
context_217486.json,structured,7,7,0,1,1
context_217486.json,root_preamble,1,1,0,1,1
context_217493.json,unstructured_whole,1,1,0,1,1
context_217511.json,structured,9,9,0,1,1
context_217511.json,root_preamble,1,1,0,1,1
context_217535.json,structured,5,5,0,1,1
context_217535.json,root_preamble,1,1,0,1,1
context_217569.json,unstructured_whole,1,1,0,1,1
context_217588.json,structured,10,10,0,1,1
context_217588.json,root_preamble,1,1,0,1,1
context_217609.json,structured,9,9,0,1,1
context_217609.json,root_preamble,1,1,0,1,1
context_21765.json,structured,53,53,0,1,1
context_21765.json,root_preamble,1,1,0,1,1
context_217678.json,structured,76,76,0,1,1
context_217678.json,root_preamble,1,1,0,1,1
context_217690.json,structured,5,5,0,1,1
context_217690.json,root_preamble,1,1,0,1,1
context_21777.json,structured,48,48,0,1,1
context_21777.json,root_preamble,1,1,0,1,1
context_217791.json,structured,4,4,0,1,1
context_217791.json,root_preamble,1,1,0,1,1
context_217916.json,structured,3,3,0,1,1
context_217916.json,root_preamble,1,1,0,1,1
context_217918.json,structured,8,8,0,1,1
context_217918.json,root_preamble,1,1,0,1,1
context_218032.json,structured,70,70,0,1,1
context_218032.json,root_preamble,1,1,0,1,1
context_218113.json,structured,48,48,0,1,1
context_218113.json,root_preamble,1,1,0,1,1
context_218158.json,structured,17,17,0,1,1
context_218158.json,root_preamble,1,1,0,1,1
context_218229.json,structured,31,31,0,1,1
context_218229.json,root_preamble,1,1,0,1,1
context_218319.json,structured,6,6,0,1,1
context_218319.json,root_preamble,1,1,0,1,1
context_218382.json,structured,7,7,0,1,1
context_218382.json,root_preamble,1,1,0,1,1
context_218388.json,structured,26,26,0,1,1
context_218388.json,root_preamble,1,1,0,1,1
context_218445.json,structured,22,22,0,1,1
context_218445.json,root_preamble,1,1,0,1,1
context_21845.json,structured,31,31,0,1,1
context_21845.json,root_preamble,1,1,0,1,1
context_218452.json,structured,34,34,0,1,1
context_218452.json,root_preamble,1,1,0,1,1
context_218464.json,structured,3,3,0,1,1
context_218464.json,root_preamble,1,1,0,1,1
context_218501.json,structured,3,3,0,1,1
context_218501.json,root_preamble,1,1,0,1,1
context_218505.json,structured,3,3,0,1,1
context_218505.json,root_preamble,1,1,0,1,1
context_218511.json,unstructured_whole,1,1,0,1,1
context_218533.json,structured,27,27,0,1,1
context_218533.json,root_preamble,1,1,0,1,1
context_218546.json,structured,188,188,0,1,1
context_218546.json,root_preamble,1,1,0,1,1
context_218590.json,structured,1,1,0,1,1
context_218590.json,root_preamble,1,1,0,1,1
context_218610.json,structured,76,76,0,1,1
context_218610.json,root_preamble,1,1,0,1,1
context_218612.json,structured,1,1,0,1,1
context_218612.json,root_preamble,1,1,0,1,1
context_218617.json,unstructured_whole,1,1,0,1,1
context_218681.json,structured,3,3,0,1,1
context_218681.json,root_preamble,1,1,0,1,1
context_218686.json,structured,25,25,0,1,1
context_218686.json,root_preamble,1,1,0,1,1
context_218843.json,structured,22,22,0,1,1
context_218843.json,root_preamble,1,1,0,1,1
context_218870.json,structured,33,33,0,1,1
context_218870.json,root_preamble,1,1,0,1,1
context_218912.json,structured,29,29,0,1,1
context_218912.json,root_preamble,1,1,0,1,1
context_219000.json,structured,44,44,0,1,1
context_219000.json,root_preamble,1,1,0,1,1
context_219015.json,structured,15,15,0,1,1
context_219015.json,root_preamble,1,1,0,1,1
context_219032.json,structured,22,22,0,1,1
context_219032.json,root_preamble,1,1,0,1,1
context_219040.json,structured,30,30,0,1,1
context_219040.json,root_preamble,1,1,0,1,1
context_219064.json,structured,31,31,0,1,1
context_219064.json,root_preamble,1,1,0,1,1
context_219127.json,structured,46,46,0,1,1
context_219127.json,root_preamble,1,1,0,1,1
context_219133.json,structured,52,52,0,1,1
context_219133.json,root_preamble,1,1,0,1,1
context_219167.json,structured,58,58,0,1,1
context_219167.json,root_preamble,1,1,0,1,1
context_219173.json,structured,14,14,0,1,1
context_219173.json,root_preamble,1,1,0,1,1
context_219178.json,structured,24,24,0,1,1
context_219178.json,root_preamble,1,1,0,1,1
context_219188.json,structured,49,49,0,1,1
context_219188.json,root_preamble,1,1,0,1,1
context_219264.json,structured,23,23,0,1,1
context_219264.json,root_preamble,1,1,0,1,1
context_219268.json,structured,45,45,0,1,1
context_219268.json,root_preamble,1,1,0,1,1
context_219332.json,structured,10,10,0,1,1
context_219332.json,root_preamble,1,1,0,1,1
context_219339.json,structured,33,33,0,1,1
context_219339.json,root_preamble,1,1,0,1,1
context_219346.json,structured,17,17,0,1,1
context_219346.json,root_preamble,1,1,0,1,1
context_219388.json,structured,5,5,0,1,1
context_219388.json,root_preamble,1,1,0,1,1
context_21941.json,structured,1,1,0,1,1
context_21941.json,root_preamble,1,1,0,1,1
context_219419.json,structured,49,49,0,1,1
context_219419.json,root_preamble,1,1,0,1,1
context_219527.json,structured,6,6,0,1,1
context_219527.json,root_preamble,1,1,0,1,1
context_219533.json,structured,87,87,0,1,1
context_219533.json,root_preamble,1,1,0,1,1
context_219614.json,unstructured_whole,1,1,0,1,1
context_21962.json,structured,5,5,0,1,1
context_21962.json,root_preamble,1,1,0,1,1
context_219651.json,structured,25,25,0,1,1
context_219651.json,root_preamble,1,1,0,1,1
context_219768.json,structured,55,55,0,1,1
context_219768.json,root_preamble,1,1,0,1,1
context_21977.json,structured,15,15,0,1,1
context_21977.json,root_preamble,1,1,0,1,1
context_219784.json,structured,21,21,0,1,1
context_219784.json,root_preamble,1,1,0,1,1
context_219805.json,structured,9,9,0,1,1
context_219805.json,root_preamble,1,1,0,1,1
context_219889.json,structured,6,6,0,1,1
context_219889.json,root_preamble,1,1,0,1,1
context_219896.json,structured,26,26,0,1,1
context_219896.json,root_preamble,1,1,0,1,1
context_219922.json,structured,17,17,0,1,1
context_219922.json,root_preamble,1,1,0,1,1
context_219982.json,structured,7,7,0,1,1
context_219982.json,root_preamble,1,1,0,1,1
context_220004.json,structured,3,3,0,1,1
context_220004.json,root_preamble,1,1,0,1,1
context_220164.json,structured,60,60,0,1,1
context_220164.json,root_preamble,1,1,0,1,1
context_220179.json,structured,8,8,0,1,1
context_220179.json,root_preamble,1,1,0,1,1
context_220201.json,structured,9,9,0,1,1
context_220201.json,root_preamble,1,1,0,1,1
context_220208.json,structured,7,7,0,1,1
context_220208.json,root_preamble,1,1,0,1,1
context_220279.json,structured,33,33,0,1,1
context_220279.json,root_preamble,1,1,0,1,1
context_22028.json,structured,16,16,0,1,1
context_22028.json,root_preamble,1,1,0,1,1
context_2203.json,structured,22,22,0,1,1
context_2203.json,root_preamble,1,1,0,1,1
context_220347.json,structured,6,6,0,1,1
context_220347.json,root_preamble,1,1,0,1,1
context_220359.json,structured,88,88,0,1,1
context_220359.json,root_preamble,1,1,0,1,1
context_220365.json,structured,336,336,0,1,1
context_220365.json,root_preamble,1,1,0,1,1
context_220368.json,structured,35,35,0,1,1
context_220368.json,root_preamble,1,1,0,1,1
context_220402.json,unstructured_whole,1,1,0,1,1
context_220407.json,structured,22,22,0,1,1
context_220407.json,root_preamble,1,1,0,1,1
context_220441.json,structured,9,9,0,1,1
context_220441.json,root_preamble,1,1,0,1,1
context_220480.json,structured,52,52,0,1,1
context_220480.json,root_preamble,1,1,0,1,1
context_220592.json,structured,2,2,0,1,1
context_220592.json,root_preamble,1,1,0,1,1
context_22061.json,structured,1,1,0,1,1
context_22061.json,root_preamble,1,1,0,1,1
context_220655.json,structured,25,25,0,1,1
context_220655.json,root_preamble,1,1,0,1,1
context_22071.json,structured,41,41,0,1,1
context_22071.json,root_preamble,1,1,0,1,1
context_220772.json,structured,5,5,0,1,1
context_220772.json,root_preamble,1,1,0,1,1
context_220784.json,structured,30,30,0,1,1
context_220784.json,root_preamble,1,1,0,1,1
context_22084.json,structured,3,3,0,1,1
context_22084.json,root_preamble,1,1,0,1,1
context_220869.json,structured,6,6,0,1,1
context_220869.json,root_preamble,1,1,0,1,1
context_22089.json,structured,26,26,0,1,1
context_22089.json,root_preamble,1,1,0,1,1
context_220947.json,structured,45,45,0,1,1
context_220947.json,root_preamble,1,1,0,1,1
context_220981.json,structured,9,9,0,1,1
context_220981.json,root_preamble,1,1,0,1,1
context_221004.json,structured,52,52,0,1,1
context_221004.json,root_preamble,1,1,0,1,1
context_221041.json,structured,4,4,0,1,1
context_221041.json,root_preamble,1,1,0,1,1
context_221045.json,structured,7,7,0,1,1
context_221045.json,root_preamble,1,1,0,1,1
context_221099.json,structured,11,11,0,1,1
context_221099.json,root_preamble,1,1,0,1,1
context_221103.json,structured,4,4,0,1,1
context_221103.json,root_preamble,1,1,0,1,1
context_221147.json,structured,23,23,0,1,1
context_221147.json,root_preamble,1,1,0,1,1
context_22123.json,structured,18,18,0,1,1
context_22123.json,root_preamble,1,1,0,1,1
context_221292.json,structured,40,40,0,1,1
context_221292.json,root_preamble,1,1,0,1,1
context_22141.json,structured,4,4,0,1,1
context_22141.json,root_preamble,1,1,0,1,1
context_221433.json,structured,13,13,0,1,1
context_221433.json,root_preamble,1,1,0,1,1
context_221434.json,structured,34,34,0,1,1
context_221434.json,root_preamble,1,1,0,1,1
context_221542.json,structured,5,5,0,1,1
context_221542.json,root_preamble,1,1,0,1,1
context_221584.json,structured,8,8,0,1,1
context_221584.json,root_preamble,1,1,0,1,1
context_22159.json,structured,7,7,0,1,1
context_22159.json,root_preamble,1,1,0,1,1
context_221594.json,structured,14,14,0,1,1
context_221594.json,root_preamble,1,1,0,1,1
context_221604.json,structured,31,31,0,1,1
context_221604.json,root_preamble,1,1,0,1,1
context_221625.json,structured,16,16,0,1,1
context_221625.json,root_preamble,1,1,0,1,1
context_22167.json,structured,29,29,0,1,1
context_22167.json,root_preamble,1,1,0,1,1
context_221671.json,structured,55,55,0,1,1
context_221671.json,root_preamble,1,1,0,1,1
context_22169.json,structured,2,2,0,1,1
context_22169.json,root_preamble,1,1,0,1,1
context_221710.json,unstructured_whole,1,1,0,1,1
context_22174.json,structured,37,37,0,1,1
context_22174.json,root_preamble,1,1,0,1,1
context_221756.json,structured,53,53,0,1,1
context_221756.json,root_preamble,1,1,0,1,1
context_221801.json,structured,13,13,0,1,1
context_221801.json,root_preamble,1,1,0,1,1
context_221802.json,structured,5,5,0,1,1
context_221802.json,root_preamble,1,1,0,1,1
context_221862.json,structured,28,28,0,1,1
context_221862.json,root_preamble,1,1,0,1,1
context_221865.json,structured,13,13,0,1,1
context_221865.json,root_preamble,1,1,0,1,1
context_221909.json,structured,89,89,0,1,1
context_221909.json,root_preamble,1,1,0,1,1
context_221912.json,structured,6,6,0,1,1
context_221912.json,root_preamble,1,1,0,1,1
context_221920.json,structured,6,6,0,1,1
context_221920.json,root_preamble,1,1,0,1,1
context_221925.json,structured,5,5,0,1,1
context_221925.json,root_preamble,1,1,0,1,1
context_221926.json,structured,17,17,0,1,1
context_221926.json,root_preamble,1,1,0,1,1
context_22193.json,structured,12,12,0,1,1
context_22193.json,root_preamble,1,1,0,1,1
context_22202.json,structured,24,24,0,1,1
context_22202.json,root_preamble,1,1,0,1,1
context_222021.json,structured,18,18,0,1,1
context_222021.json,root_preamble,1,1,0,1,1
context_222030.json,structured,22,22,0,1,1
context_222030.json,root_preamble,1,1,0,1,1
context_222038.json,structured,42,42,0,1,1
context_222038.json,root_preamble,1,1,0,1,1
context_222043.json,structured,36,36,0,1,1
context_222043.json,root_preamble,1,1,0,1,1
context_222075.json,structured,15,15,0,1,1
context_222075.json,root_preamble,1,1,0,1,1
context_222111.json,structured,19,19,0,1,1
context_222111.json,root_preamble,1,1,0,1,1
context_222120.json,structured,31,31,0,1,1
context_222120.json,root_preamble,1,1,0,1,1
context_222158.json,structured,32,32,0,1,1
context_222158.json,root_preamble,1,1,0,1,1
context_222175.json,structured,3,3,0,1,1
context_222175.json,root_preamble,1,1,0,1,1
context_222206.json,structured,93,93,0,1,1
context_222206.json,root_preamble,1,1,0,1,1
context_222242.json,structured,142,142,0,1,1
context_222242.json,root_preamble,1,1,0,1,1
context_222260.json,structured,25,25,0,1,1
context_222260.json,root_preamble,1,1,0,1,1
context_222279.json,structured,8,8,0,1,1
context_222279.json,root_preamble,1,1,0,1,1
context_222285.json,unstructured_whole,1,1,0,1,1
context_222392.json,structured,8,8,0,1,1
context_222392.json,root_preamble,1,1,0,1,1
context_222412.json,structured,6,6,0,1,1
context_222412.json,root_preamble,1,1,0,1,1
context_222417.json,structured,5,5,0,1,1
context_222417.json,root_preamble,1,1,0,1,1
context_222454.json,structured,28,28,0,1,1
context_222454.json,root_preamble,1,1,0,1,1
context_222483.json,structured,16,16,0,1,1
context_222483.json,root_preamble,1,1,0,1,1
context_222554.json,structured,42,42,0,1,1
context_222554.json,root_preamble,1,1,0,1,1
context_222607.json,structured,3,3,0,1,1
context_222607.json,root_preamble,1,1,0,1,1
context_222640.json,structured,180,180,0,1,1
context_222640.json,root_preamble,1,1,0,1,1
context_222645.json,structured,30,30,0,1,1
context_222645.json,root_preamble,1,1,0,1,1
context_222685.json,structured,21,21,0,1,1
context_222685.json,root_preamble,1,1,0,1,1
context_222768.json,structured,47,47,0,1,1
context_222768.json,root_preamble,1,1,0,1,1
context_22282.json,structured,73,73,0,1,1
context_22282.json,root_preamble,1,1,0,1,1
context_222845.json,structured,10,10,0,1,1
context_222845.json,root_preamble,1,1,0,1,1
context_222863.json,structured,5,5,0,1,1
context_222863.json,root_preamble,1,1,0,1,1
context_222866.json,structured,1,1,0,1,1
context_222866.json,root_preamble,1,1,0,1,1
context_222868.json,structured,21,21,0,1,1
context_222868.json,root_preamble,1,1,0,1,1
context_222904.json,structured,245,245,0,1,1
context_222904.json,root_preamble,1,1,0,1,1
context_222912.json,structured,9,9,0,1,1
context_222912.json,root_preamble,1,1,0,1,1
context_222956.json,structured,8,8,0,1,1
context_222956.json,root_preamble,1,1,0,1,1
context_223007.json,structured,27,27,0,1,1
context_223007.json,root_preamble,1,1,0,1,1
context_223097.json,structured,13,13,0,1,1
context_223097.json,root_preamble,1,1,0,1,1
context_223110.json,structured,3,3,0,1,1
context_223110.json,root_preamble,1,1,0,1,1
context_223177.json,structured,4,4,0,1,1
context_223177.json,root_preamble,1,1,0,1,1
context_223241.json,unstructured_whole,1,1,0,1,1
context_223277.json,structured,7,7,0,1,1
context_223277.json,root_preamble,1,1,0,1,1
context_223279.json,structured,19,19,0,1,1
context_223279.json,root_preamble,1,1,0,1,1
context_223288.json,structured,15,15,0,1,1
context_223288.json,root_preamble,1,1,0,1,1
context_223304.json,structured,21,21,0,1,1
context_223304.json,root_preamble,1,1,0,1,1
context_223360.json,structured,8,8,0,1,1
context_223360.json,root_preamble,1,1,0,1,1
context_223362.json,structured,26,26,0,1,1
context_223362.json,root_preamble,1,1,0,1,1
context_223375.json,structured,88,88,0,1,1
context_223375.json,root_preamble,1,1,0,1,1
context_223500.json,structured,19,19,0,1,1
context_223500.json,root_preamble,1,1,0,1,1
context_223631.json,structured,24,24,0,1,1
context_223631.json,root_preamble,1,1,0,1,1
context_223633.json,structured,22,22,0,1,1
context_223633.json,root_preamble,1,1,0,1,1
context_223664.json,structured,12,12,0,1,1
context_223664.json,root_preamble,1,1,0,1,1
context_223712.json,structured,23,23,0,1,1
context_223712.json,root_preamble,1,1,0,1,1
context_223745.json,structured,33,33,0,1,1
context_223745.json,root_preamble,1,1,0,1,1
context_223810.json,structured,1,1,0,1,1
context_223810.json,root_preamble,1,1,0,1,1
context_223812.json,structured,43,43,0,1,1
context_223812.json,root_preamble,1,1,0,1,1
context_223929.json,structured,27,27,0,1,1
context_223929.json,root_preamble,1,1,0,1,1
context_224018.json,structured,22,22,0,1,1
context_224018.json,root_preamble,1,1,0,1,1
context_224034.json,structured,7,7,0,1,1
context_224034.json,root_preamble,1,1,0,1,1
context_224072.json,structured,7,7,0,1,1
context_224072.json,root_preamble,1,1,0,1,1
context_224074.json,structured,32,32,0,1,1
context_224074.json,root_preamble,1,1,0,1,1
context_224085.json,structured,6,6,0,1,1
context_224085.json,root_preamble,1,1,0,1,1
context_224121.json,structured,14,14,0,1,1
context_224121.json,root_preamble,1,1,0,1,1
context_224134.json,structured,4,4,0,1,1
context_224134.json,root_preamble,1,1,0,1,1
context_22415.json,structured,14,14,0,1,1
context_22415.json,root_preamble,1,1,0,1,1
context_224201.json,structured,35,35,0,1,1
context_224201.json,root_preamble,1,1,0,1,1
context_224243.json,structured,2,2,0,1,1
context_224243.json,root_preamble,1,1,0,1,1
context_224250.json,structured,21,21,0,1,1
context_224250.json,root_preamble,1,1,0,1,1
context_224257.json,structured,45,45,0,1,1
context_224257.json,root_preamble,1,1,0,1,1
context_224274.json,structured,1,1,0,1,1
context_224274.json,root_preamble,1,1,0,1,1
context_224280.json,structured,9,9,0,1,1
context_224280.json,root_preamble,1,1,0,1,1
context_224323.json,structured,26,26,0,1,1
context_224323.json,root_preamble,1,1,0,1,1
context_224327.json,structured,23,23,0,1,1
context_224327.json,root_preamble,1,1,0,1,1
context_224336.json,structured,5,5,0,1,1
context_224336.json,root_preamble,1,1,0,1,1
context_224392.json,structured,26,26,0,1,1
context_224392.json,root_preamble,1,1,0,1,1
context_224394.json,structured,4,4,0,1,1
context_224394.json,root_preamble,1,1,0,1,1
context_224462.json,structured,5,5,0,1,1
context_224462.json,root_preamble,1,1,0,1,1
context_224467.json,structured,274,274,0,1,1
context_224467.json,root_preamble,1,1,0,1,1
context_224482.json,structured,3,3,0,1,1
context_224482.json,root_preamble,1,1,0,1,1
context_224524.json,structured,20,20,0,1,1
context_224524.json,root_preamble,1,1,0,1,1
context_224624.json,structured,21,21,0,1,1
context_224624.json,root_preamble,1,1,0,1,1
context_224694.json,structured,4,4,0,1,1
context_224694.json,root_preamble,1,1,0,1,1
context_224702.json,structured,8,8,0,1,1
context_224702.json,root_preamble,1,1,0,1,1
context_224731.json,structured,25,25,0,1,1
context_224731.json,root_preamble,1,1,0,1,1
context_224736.json,structured,42,42,0,1,1
context_224736.json,root_preamble,1,1,0,1,1
context_224752.json,structured,9,9,0,1,1
context_224752.json,root_preamble,1,1,0,1,1
context_224818.json,structured,3,3,0,1,1
context_224818.json,root_preamble,1,1,0,1,1
context_224822.json,structured,4,4,0,1,1
context_224822.json,root_preamble,1,1,0,1,1
context_224876.json,structured,21,21,0,1,1
context_224876.json,root_preamble,1,1,0,1,1
context_224943.json,structured,16,16,0,1,1
context_224943.json,root_preamble,1,1,0,1,1
context_224948.json,unstructured_whole,1,1,0,1,1
context_224976.json,structured,12,12,0,1,1
context_224976.json,root_preamble,1,1,0,1,1
context_224977.json,structured,32,32,0,1,1
context_224977.json,root_preamble,1,1,0,1,1
context_224998.json,structured,18,18,0,1,1
context_224998.json,root_preamble,1,1,0,1,1
context_225013.json,structured,2,2,0,1,1
context_225013.json,root_preamble,1,1,0,1,1
context_225023.json,structured,15,15,0,1,1
context_225023.json,root_preamble,1,1,0,1,1
context_225111.json,structured,2,2,0,1,1
context_225111.json,root_preamble,1,1,0,1,1
context_225115.json,structured,14,14,0,1,1
context_225115.json,root_preamble,1,1,0,1,1
context_225130.json,structured,39,39,0,1,1
context_225130.json,root_preamble,1,1,0,1,1
context_225173.json,structured,10,10,0,1,1
context_225173.json,root_preamble,1,1,0,1,1
context_225175.json,structured,3,3,0,1,1
context_225175.json,root_preamble,1,1,0,1,1
context_225210.json,structured,11,11,0,1,1
context_225210.json,root_preamble,1,1,0,1,1
context_225241.json,structured,29,29,0,1,1
context_225241.json,root_preamble,1,1,0,1,1
context_225243.json,structured,3,3,0,1,1
context_225243.json,root_preamble,1,1,0,1,1
context_225295.json,structured,1,1,0,1,1
context_225295.json,root_preamble,1,1,0,1,1
context_225347.json,structured,4,4,0,1,1
context_225347.json,root_preamble,1,1,0,1,1
context_225360.json,structured,13,13,0,1,1
context_225360.json,root_preamble,1,1,0,1,1
context_225375.json,structured,5,5,0,1,1
context_225375.json,root_preamble,1,1,0,1,1
context_225429.json,structured,26,26,0,1,1
context_225429.json,root_preamble,1,1,0,1,1
context_225493.json,structured,1,1,0,1,1
context_225493.json,root_preamble,1,1,0,1,1
context_225509.json,structured,29,29,0,1,1
context_225509.json,root_preamble,1,1,0,1,1
context_225549.json,structured,8,8,0,1,1
context_225549.json,root_preamble,1,1,0,1,1
context_225643.json,structured,27,27,0,1,1
context_225643.json,root_preamble,1,1,0,1,1
context_225673.json,structured,112,112,0,1,1
context_225673.json,root_preamble,1,1,0,1,1
context_225729.json,structured,12,12,0,1,1
context_225729.json,root_preamble,1,1,0,1,1
context_225779.json,structured,7,7,0,1,1
context_225779.json,root_preamble,1,1,0,1,1
context_225808.json,structured,18,18,0,1,1
context_225808.json,root_preamble,1,1,0,1,1
context_225809.json,structured,15,15,0,1,1
context_225809.json,root_preamble,1,1,0,1,1
context_225820.json,structured,24,24,0,1,1
context_225820.json,root_preamble,1,1,0,1,1
context_225835.json,structured,28,28,0,1,1
context_225835.json,root_preamble,1,1,0,1,1
context_225856.json,structured,5,5,0,1,1
context_225856.json,root_preamble,1,1,0,1,1
context_225914.json,structured,44,44,0,1,1
context_225914.json,root_preamble,1,1,0,1,1
context_225930.json,structured,21,21,0,1,1
context_225930.json,root_preamble,1,1,0,1,1
context_225935.json,structured,29,29,0,1,1
context_225935.json,root_preamble,1,1,0,1,1
context_225998.json,structured,5,5,0,1,1
context_225998.json,root_preamble,1,1,0,1,1
context_22602.json,structured,5,5,0,1,1
context_22602.json,root_preamble,1,1,0,1,1
context_22603.json,structured,9,9,0,1,1
context_22603.json,root_preamble,1,1,0,1,1
context_226060.json,structured,34,34,0,1,1
context_226060.json,root_preamble,1,1,0,1,1
context_226080.json,structured,11,11,0,1,1
context_226080.json,root_preamble,1,1,0,1,1
context_226123.json,structured,25,25,0,1,1
context_226123.json,root_preamble,1,1,0,1,1
context_226201.json,structured,80,80,0,1,1
context_226201.json,root_preamble,1,1,0,1,1
context_22623.json,structured,2,2,0,1,1
context_22623.json,root_preamble,1,1,0,1,1
context_226238.json,structured,38,38,0,1,1
context_226238.json,root_preamble,1,1,0,1,1
context_226240.json,structured,28,28,0,1,1
context_226240.json,root_preamble,1,1,0,1,1
context_226245.json,structured,32,32,0,1,1
context_226245.json,root_preamble,1,1,0,1,1
context_226254.json,structured,176,176,0,1,1
context_226254.json,root_preamble,1,1,0,1,1
context_226322.json,structured,34,34,0,1,1
context_226322.json,root_preamble,1,1,0,1,1
context_226359.json,structured,7,7,0,1,1
context_226359.json,root_preamble,1,1,0,1,1
context_226417.json,structured,27,27,0,1,1
context_226417.json,root_preamble,1,1,0,1,1
context_226419.json,structured,10,10,0,1,1
context_226419.json,root_preamble,1,1,0,1,1
context_226434.json,structured,2,2,0,1,1
context_226434.json,root_preamble,1,1,0,1,1
context_226458.json,structured,50,50,0,1,1
context_226458.json,root_preamble,1,1,0,1,1
context_226472.json,structured,94,94,0,1,1
context_226472.json,root_preamble,1,1,0,1,1
context_226545.json,structured,4,4,0,1,1
context_226545.json,root_preamble,1,1,0,1,1
context_226571.json,structured,5,5,0,1,1
context_226571.json,root_preamble,1,1,0,1,1
context_226578.json,structured,38,38,0,1,1
context_226578.json,root_preamble,1,1,0,1,1
context_226585.json,structured,25,25,0,1,1
context_226585.json,root_preamble,1,1,0,1,1
context_226588.json,structured,6,6,0,1,1
context_226588.json,root_preamble,1,1,0,1,1
context_226618.json,structured,23,23,0,1,1
context_226618.json,root_preamble,1,1,0,1,1
context_226624.json,structured,11,11,0,1,1
context_226624.json,root_preamble,1,1,0,1,1
context_226628.json,structured,32,32,0,1,1
context_226628.json,root_preamble,1,1,0,1,1
context_226765.json,structured,25,25,0,1,1
context_226765.json,root_preamble,1,1,0,1,1
context_226902.json,structured,5,5,0,1,1
context_226902.json,root_preamble,1,1,0,1,1
context_226903.json,structured,22,22,0,1,1
context_226903.json,root_preamble,1,1,0,1,1
context_226904.json,structured,3,3,0,1,1
context_226904.json,root_preamble,1,1,0,1,1
context_226911.json,structured,9,9,0,1,1
context_226911.json,root_preamble,1,1,0,1,1
context_22695.json,structured,29,29,0,1,1
context_22695.json,root_preamble,1,1,0,1,1
context_226966.json,unstructured_whole,1,1,0,1,1
context_226971.json,structured,9,9,0,1,1
context_226971.json,root_preamble,1,1,0,1,1
context_227037.json,structured,18,18,0,1,1
context_227037.json,root_preamble,1,1,0,1,1
context_227118.json,structured,43,43,0,1,1
context_227118.json,root_preamble,1,1,0,1,1
context_227127.json,structured,23,23,0,1,1
context_227127.json,root_preamble,1,1,0,1,1
context_227167.json,structured,29,29,0,1,1
context_227167.json,root_preamble,1,1,0,1,1
context_227178.json,structured,18,18,0,1,1
context_227178.json,root_preamble,1,1,0,1,1
context_227191.json,structured,39,39,0,1,1
context_227191.json,root_preamble,1,1,0,1,1
context_227252.json,structured,9,9,0,1,1
context_227252.json,root_preamble,1,1,0,1,1
context_227269.json,structured,30,30,0,1,1
context_227269.json,root_preamble,1,1,0,1,1
context_227296.json,structured,42,42,0,1,1
context_227296.json,root_preamble,1,1,0,1,1
context_22730.json,structured,48,48,0,1,1
context_22730.json,root_preamble,1,1,0,1,1
context_227354.json,structured,26,26,0,1,1
context_227354.json,root_preamble,1,1,0,1,1
context_227392.json,structured,16,16,0,1,1
context_227392.json,root_preamble,1,1,0,1,1
context_227395.json,unstructured_whole,1,1,0,1,1
context_227462.json,structured,47,47,0,1,1
context_227462.json,root_preamble,1,1,0,1,1
context_227486.json,structured,6,6,0,1,1
context_227486.json,root_preamble,1,1,0,1,1
context_227510.json,structured,1,1,0,1,1
context_227510.json,root_preamble,1,1,0,1,1
context_227629.json,structured,1,1,0,1,1
context_227629.json,root_preamble,1,1,0,1,1
context_22765.json,structured,40,40,0,1,1
context_22765.json,root_preamble,1,1,0,1,1
context_227688.json,structured,22,22,0,1,1
context_227688.json,root_preamble,1,1,0,1,1
context_227727.json,structured,43,43,0,1,1
context_227727.json,root_preamble,1,1,0,1,1
context_227743.json,structured,21,21,0,1,1
context_227743.json,root_preamble,1,1,0,1,1
context_227748.json,structured,31,31,0,1,1
context_227748.json,root_preamble,1,1,0,1,1
context_227750.json,structured,3,3,0,1,1
context_227750.json,root_preamble,1,1,0,1,1
context_227754.json,unstructured_whole,1,1,0,1,1
context_227916.json,structured,16,16,0,1,1
context_227916.json,root_preamble,1,1,0,1,1
context_22793.json,structured,4,4,0,1,1
context_22793.json,root_preamble,1,1,0,1,1
context_227962.json,structured,8,8,0,1,1
context_227962.json,root_preamble,1,1,0,1,1
context_227964.json,structured,8,8,0,1,1
context_227964.json,root_preamble,1,1,0,1,1
context_227969.json,structured,37,37,0,1,1
context_227969.json,root_preamble,1,1,0,1,1
context_22797.json,structured,12,12,0,1,1
context_22797.json,root_preamble,1,1,0,1,1
context_227994.json,structured,21,21,0,1,1
context_227994.json,root_preamble,1,1,0,1,1
context_228004.json,structured,7,7,0,1,1
context_228004.json,root_preamble,1,1,0,1,1
context_228008.json,structured,4,4,0,1,1
context_228008.json,root_preamble,1,1,0,1,1
context_228032.json,structured,32,32,0,1,1
context_228032.json,root_preamble,1,1,0,1,1
context_228035.json,structured,8,8,0,1,1
context_228035.json,root_preamble,1,1,0,1,1
context_22807.json,structured,3,3,0,1,1
context_22807.json,root_preamble,1,1,0,1,1
context_228085.json,structured,3,3,0,1,1
context_228085.json,root_preamble,1,1,0,1,1
context_228108.json,structured,2,2,0,1,1
context_228108.json,root_preamble,1,1,0,1,1
context_228159.json,structured,6,6,0,1,1
context_228159.json,root_preamble,1,1,0,1,1
context_228160.json,structured,50,50,0,1,1
context_228160.json,root_preamble,1,1,0,1,1
context_22825.json,structured,54,54,0,1,1
context_22825.json,root_preamble,1,1,0,1,1
context_228288.json,structured,8,8,0,1,1
context_228288.json,root_preamble,1,1,0,1,1
context_228350.json,structured,2,2,0,1,1
context_228350.json,root_preamble,1,1,0,1,1
context_228372.json,structured,7,7,0,1,1
context_228372.json,root_preamble,1,1,0,1,1
context_228391.json,structured,20,20,0,1,1
context_228391.json,root_preamble,1,1,0,1,1
context_228405.json,structured,22,22,0,1,1
context_228405.json,root_preamble,1,1,0,1,1
context_22843.json,structured,30,30,0,1,1
context_22843.json,root_preamble,1,1,0,1,1
context_228433.json,structured,5,5,0,1,1
context_228433.json,root_preamble,1,1,0,1,1
context_228462.json,structured,4,4,0,1,1
context_228462.json,root_preamble,1,1,0,1,1
context_228484.json,structured,1,1,0,1,1
context_228484.json,root_preamble,1,1,0,1,1
context_228519.json,structured,27,27,0,1,1
context_228519.json,root_preamble,1,1,0,1,1
context_228530.json,structured,20,20,0,1,1
context_228530.json,root_preamble,1,1,0,1,1
context_228540.json,structured,25,25,0,1,1
context_228540.json,root_preamble,1,1,0,1,1
context_228584.json,structured,26,26,0,1,1
context_228584.json,root_preamble,1,1,0,1,1
context_228641.json,structured,62,62,0,1,1
context_228641.json,root_preamble,1,1,0,1,1
context_22866.json,structured,95,95,0,1,1
context_22866.json,root_preamble,1,1,0,1,1
context_228673.json,structured,34,34,0,1,1
context_228673.json,root_preamble,1,1,0,1,1
context_228737.json,structured,61,61,0,1,1
context_228737.json,root_preamble,1,1,0,1,1
context_228756.json,unstructured_whole,1,1,0,1,1
context_228779.json,structured,124,124,0,1,1
context_228779.json,root_preamble,1,1,0,1,1
context_228788.json,structured,3,3,0,1,1
context_228788.json,root_preamble,1,1,0,1,1
context_228811.json,structured,5,5,0,1,1
context_228811.json,root_preamble,1,1,0,1,1
context_22885.json,structured,29,29,0,1,1
context_22885.json,root_preamble,1,1,0,1,1
context_228884.json,structured,7,7,0,1,1
context_228884.json,root_preamble,1,1,0,1,1
context_228889.json,structured,90,90,0,1,1
context_228889.json,root_preamble,1,1,0,1,1
context_228895.json,structured,7,7,0,1,1
context_228895.json,root_preamble,1,1,0,1,1
context_228955.json,structured,31,31,0,1,1
context_228955.json,root_preamble,1,1,0,1,1
context_229001.json,structured,1,1,0,1,1
context_229001.json,root_preamble,1,1,0,1,1
context_229023.json,structured,21,21,0,1,1
context_229023.json,root_preamble,1,1,0,1,1
context_229046.json,structured,35,35,0,1,1
context_229046.json,root_preamble,1,1,0,1,1
context_22906.json,structured,7,7,0,1,1
context_22906.json,root_preamble,1,1,0,1,1
context_229072.json,structured,5,5,0,1,1
context_229072.json,root_preamble,1,1,0,1,1
context_229085.json,structured,31,31,0,1,1
context_229085.json,root_preamble,1,1,0,1,1
context_229094.json,structured,11,11,0,1,1
context_229094.json,root_preamble,1,1,0,1,1
context_229102.json,structured,8,8,0,1,1
context_229102.json,root_preamble,1,1,0,1,1
context_229161.json,structured,11,11,0,1,1
context_229161.json,root_preamble,1,1,0,1,1
context_229178.json,structured,18,18,0,1,1
context_229178.json,root_preamble,1,1,0,1,1
context_229209.json,structured,39,39,0,1,1
context_229209.json,root_preamble,1,1,0,1,1
context_229232.json,structured,34,34,0,1,1
context_229232.json,root_preamble,1,1,0,1,1
context_229300.json,structured,2,2,0,1,1
context_229300.json,root_preamble,1,1,0,1,1
context_229309.json,structured,14,14,0,1,1
context_229309.json,root_preamble,1,1,0,1,1
context_229347.json,structured,43,43,0,1,1
context_229347.json,root_preamble,1,1,0,1,1
context_22935.json,structured,53,53,0,1,1
context_22935.json,root_preamble,1,1,0,1,1
context_229373.json,structured,1,1,0,1,1
context_229373.json,root_preamble,1,1,0,1,1
context_229377.json,structured,7,7,0,1,1
context_229377.json,root_preamble,1,1,0,1,1
context_229410.json,structured,3,3,0,1,1
context_229410.json,root_preamble,1,1,0,1,1
context_22946.json,structured,30,30,0,1,1
context_22946.json,root_preamble,1,1,0,1,1
context_229475.json,structured,31,31,0,1,1
context_229475.json,root_preamble,1,1,0,1,1
context_229535.json,structured,14,14,0,1,1
context_229535.json,root_preamble,1,1,0,1,1
context_229585.json,structured,25,25,0,1,1
context_229585.json,root_preamble,1,1,0,1,1
context_229637.json,structured,20,20,0,1,1
context_229637.json,root_preamble,1,1,0,1,1
context_229743.json,structured,11,11,0,1,1
context_229743.json,root_preamble,1,1,0,1,1
context_22975.json,structured,27,27,0,1,1
context_22975.json,root_preamble,1,1,0,1,1
context_229763.json,structured,12,12,0,1,1
context_229763.json,root_preamble,1,1,0,1,1
context_22979.json,structured,4,4,0,1,1
context_22979.json,root_preamble,1,1,0,1,1
context_229828.json,structured,34,34,0,1,1
context_229828.json,root_preamble,1,1,0,1,1
context_229833.json,structured,5,5,0,1,1
context_229833.json,root_preamble,1,1,0,1,1
context_229874.json,structured,56,56,0,1,1
context_229874.json,root_preamble,1,1,0,1,1
context_229915.json,structured,12,12,0,1,1
context_229915.json,root_preamble,1,1,0,1,1
context_22993.json,structured,5,5,0,1,1
context_22993.json,root_preamble,1,1,0,1,1
context_229983.json,structured,7,7,0,1,1
context_229983.json,root_preamble,1,1,0,1,1
context_230001.json,structured,16,16,0,1,1
context_230001.json,root_preamble,1,1,0,1,1
context_230023.json,structured,22,22,0,1,1
context_230023.json,root_preamble,1,1,0,1,1
context_230077.json,structured,7,7,0,1,1
context_230077.json,root_preamble,1,1,0,1,1
context_230158.json,structured,8,8,0,1,1
context_230158.json,root_preamble,1,1,0,1,1
context_230265.json,structured,12,12,0,1,1
context_230265.json,root_preamble,1,1,0,1,1
context_230266.json,structured,11,11,0,1,1
context_230266.json,root_preamble,1,1,0,1,1
context_23035.json,structured,18,18,0,1,1
context_23035.json,root_preamble,1,1,0,1,1
context_230351.json,structured,17,17,0,1,1
context_230351.json,root_preamble,1,1,0,1,1
context_230411.json,structured,129,129,0,1,1
context_230411.json,root_preamble,1,1,0,1,1
context_230472.json,structured,1,1,0,1,1
context_230472.json,root_preamble,1,1,0,1,1
context_230498.json,structured,34,34,0,1,1
context_230498.json,root_preamble,1,1,0,1,1
context_230594.json,structured,128,128,0,1,1
context_230594.json,root_preamble,1,1,0,1,1
context_230607.json,structured,24,24,0,1,1
context_230607.json,root_preamble,1,1,0,1,1
context_230669.json,structured,43,43,0,1,1
context_230669.json,root_preamble,1,1,0,1,1
context_230689.json,structured,24,24,0,1,1
context_230689.json,root_preamble,1,1,0,1,1
context_230824.json,structured,2,2,0,1,1
context_230824.json,root_preamble,1,1,0,1,1
context_2309.json,structured,36,36,0,1,1
context_2309.json,root_preamble,1,1,0,1,1
context_230933.json,structured,19,19,0,1,1
context_230933.json,root_preamble,1,1,0,1,1
context_231034.json,structured,39,39,0,1,1
context_231034.json,root_preamble,1,1,0,1,1
context_231045.json,structured,5,5,0,1,1
context_231045.json,root_preamble,1,1,0,1,1
context_231059.json,structured,9,9,0,1,1
context_231059.json,root_preamble,1,1,0,1,1
context_231102.json,structured,50,50,0,1,1
context_231102.json,root_preamble,1,1,0,1,1
context_231138.json,structured,29,29,0,1,1
context_231138.json,root_preamble,1,1,0,1,1
context_231139.json,structured,5,5,0,1,1
context_231139.json,root_preamble,1,1,0,1,1
context_23115.json,structured,37,37,0,1,1
context_23115.json,root_preamble,1,1,0,1,1
context_231150.json,structured,27,27,0,1,1
context_231150.json,root_preamble,1,1,0,1,1
context_231203.json,structured,3,3,0,1,1
context_231203.json,root_preamble,1,1,0,1,1
context_231238.json,unstructured_whole,1,1,0,1,1
context_231265.json,structured,4,4,0,1,1
context_231265.json,root_preamble,1,1,0,1,1
context_231285.json,structured,21,21,0,1,1
context_231285.json,root_preamble,1,1,0,1,1
context_231363.json,structured,7,7,0,1,1
context_231363.json,root_preamble,1,1,0,1,1
context_231416.json,unstructured_whole,1,1,0,1,1
context_231428.json,structured,5,5,0,1,1
context_231428.json,root_preamble,1,1,0,1,1
context_231517.json,structured,30,30,0,1,1
context_231517.json,root_preamble,1,1,0,1,1
context_231520.json,structured,14,14,0,1,1
context_231520.json,root_preamble,1,1,0,1,1
context_231534.json,structured,3,3,0,1,1
context_231534.json,root_preamble,1,1,0,1,1
context_23158.json,structured,5,5,0,1,1
context_23158.json,root_preamble,1,1,0,1,1
context_231733.json,structured,19,19,0,1,1
context_231733.json,root_preamble,1,1,0,1,1
context_23176.json,structured,48,48,0,1,1
context_23176.json,root_preamble,1,1,0,1,1
context_231801.json,structured,1,1,0,1,1
context_231801.json,root_preamble,1,1,0,1,1
context_231802.json,structured,14,14,0,1,1
context_231802.json,root_preamble,1,1,0,1,1
context_231832.json,structured,26,26,0,1,1
context_231832.json,root_preamble,1,1,0,1,1
context_231847.json,unstructured_whole,1,1,0,1,1
context_231867.json,unstructured_whole,1,1,0,1,1
context_231881.json,structured,12,12,0,1,1
context_231881.json,root_preamble,1,1,0,1,1
context_231922.json,structured,33,33,0,1,1
context_231922.json,root_preamble,1,1,0,1,1
context_231937.json,structured,31,31,0,1,1
context_231937.json,root_preamble,1,1,0,1,1
context_231956.json,structured,20,20,0,1,1
context_231956.json,root_preamble,1,1,0,1,1
context_231961.json,structured,48,48,0,1,1
context_231961.json,root_preamble,1,1,0,1,1
context_231968.json,unstructured_whole,1,1,0,1,1
context_231978.json,structured,3,3,0,1,1
context_231978.json,root_preamble,1,1,0,1,1
context_232005.json,structured,7,7,0,1,1
context_232005.json,root_preamble,1,1,0,1,1
context_232070.json,structured,79,79,0,1,1
context_232070.json,root_preamble,1,1,0,1,1
context_23209.json,structured,5,5,0,1,1
context_23209.json,root_preamble,1,1,0,1,1
context_232112.json,structured,7,7,0,1,1
context_232112.json,root_preamble,1,1,0,1,1
context_232195.json,structured,12,12,0,1,1
context_232195.json,root_preamble,1,1,0,1,1
context_232217.json,structured,39,39,0,1,1
context_232217.json,root_preamble,1,1,0,1,1
context_232255.json,structured,32,32,0,1,1
context_232255.json,root_preamble,1,1,0,1,1
context_232314.json,structured,19,19,0,1,1
context_232314.json,root_preamble,1,1,0,1,1
context_232337.json,structured,53,53,0,1,1
context_232337.json,root_preamble,1,1,0,1,1
context_23238.json,structured,37,37,0,1,1
context_23238.json,root_preamble,1,1,0,1,1
context_232388.json,structured,40,40,0,1,1
context_232388.json,root_preamble,1,1,0,1,1
context_232399.json,structured,19,19,0,1,1
context_232399.json,root_preamble,1,1,0,1,1
context_232471.json,structured,3,3,0,1,1
context_232471.json,root_preamble,1,1,0,1,1
context_2325.json,structured,35,35,0,1,1
context_2325.json,root_preamble,1,1,0,1,1
context_232501.json,structured,4,4,0,1,1
context_232501.json,root_preamble,1,1,0,1,1
context_232509.json,structured,22,22,0,1,1
context_232509.json,root_preamble,1,1,0,1,1
context_232521.json,structured,21,21,0,1,1
context_232521.json,root_preamble,1,1,0,1,1
context_232550.json,structured,4,4,0,1,1
context_232550.json,root_preamble,1,1,0,1,1
context_232558.json,structured,15,15,0,1,1
context_232558.json,root_preamble,1,1,0,1,1
context_232566.json,structured,1,1,0,1,1
context_232566.json,root_preamble,1,1,0,1,1
context_232570.json,structured,12,12,0,1,1
context_232570.json,root_preamble,1,1,0,1,1
context_232659.json,structured,16,16,0,1,1
context_232659.json,root_preamble,1,1,0,1,1
context_232663.json,structured,2,2,0,1,1
context_232663.json,root_preamble,1,1,0,1,1
context_2327.json,structured,11,11,0,1,1
context_2327.json,root_preamble,1,1,0,1,1
context_232721.json,structured,5,5,0,1,1
context_232721.json,root_preamble,1,1,0,1,1
context_232762.json,structured,25,25,0,1,1
context_232762.json,root_preamble,1,1,0,1,1
context_23279.json,structured,1,1,0,1,1
context_23279.json,root_preamble,1,1,0,1,1
context_232835.json,structured,10,10,0,1,1
context_232835.json,root_preamble,1,1,0,1,1
context_232890.json,structured,21,21,0,1,1
context_232890.json,root_preamble,1,1,0,1,1
context_232895.json,structured,5,5,0,1,1
context_232895.json,root_preamble,1,1,0,1,1
context_232896.json,structured,30,30,0,1,1
context_232896.json,root_preamble,1,1,0,1,1
context_232947.json,structured,20,20,0,1,1
context_232947.json,root_preamble,1,1,0,1,1
context_232957.json,structured,35,35,0,1,1
context_232957.json,root_preamble,1,1,0,1,1
context_232978.json,structured,28,28,0,1,1
context_232978.json,root_preamble,1,1,0,1,1
context_23317.json,structured,1,1,0,1,1
context_23317.json,root_preamble,1,1,0,1,1
context_233230.json,unstructured_whole,1,1,0,1,1
context_233287.json,structured,7,7,0,1,1
context_233287.json,root_preamble,1,1,0,1,1
context_233292.json,structured,39,39,0,1,1
context_233292.json,root_preamble,1,1,0,1,1
context_233384.json,structured,21,21,0,1,1
context_233384.json,root_preamble,1,1,0,1,1
context_233399.json,structured,6,6,0,1,1
context_233399.json,root_preamble,1,1,0,1,1
context_233404.json,structured,46,46,0,1,1
context_233404.json,root_preamble,1,1,0,1,1
context_233430.json,structured,28,28,0,1,1
context_233430.json,root_preamble,1,1,0,1,1
context_233463.json,structured,7,7,0,1,1
context_233463.json,root_preamble,1,1,0,1,1
context_233488.json,structured,17,17,0,1,1
context_233488.json,root_preamble,1,1,0,1,1
context_233494.json,structured,75,75,0,1,1
context_233494.json,root_preamble,1,1,0,1,1
context_233505.json,structured,20,20,0,1,1
context_233505.json,root_preamble,1,1,0,1,1
context_233656.json,structured,30,30,0,1,1
context_233656.json,root_preamble,1,1,0,1,1
context_233657.json,structured,75,75,0,1,1
context_233657.json,root_preamble,1,1,0,1,1
context_233699.json,structured,12,12,0,1,1
context_233699.json,root_preamble,1,1,0,1,1
context_233841.json,structured,25,25,0,1,1
context_233841.json,root_preamble,1,1,0,1,1
context_23386.json,unstructured_whole,1,1,0,1,1
context_233898.json,structured,16,16,0,1,1
context_233898.json,root_preamble,1,1,0,1,1
context_233902.json,structured,23,23,0,1,1
context_233902.json,root_preamble,1,1,0,1,1
context_233915.json,unstructured_whole,1,1,0,1,1
context_23399.json,structured,19,19,0,1,1
context_23399.json,root_preamble,1,1,0,1,1
context_23402.json,structured,137,137,0,1,1
context_23402.json,root_preamble,1,1,0,1,1
context_234036.json,structured,4,4,0,1,1
context_234036.json,root_preamble,1,1,0,1,1
context_234044.json,structured,50,50,0,1,1
context_234044.json,root_preamble,1,1,0,1,1
context_234105.json,structured,25,25,0,1,1
context_234105.json,root_preamble,1,1,0,1,1
context_234274.json,structured,21,21,0,1,1
context_234274.json,root_preamble,1,1,0,1,1
context_23430.json,structured,9,9,0,1,1
context_23430.json,root_preamble,1,1,0,1,1
context_234365.json,structured,2,2,0,1,1
context_234365.json,root_preamble,1,1,0,1,1
context_234434.json,structured,19,19,0,1,1
context_234434.json,root_preamble,1,1,0,1,1
context_234443.json,structured,49,49,0,1,1
context_234443.json,root_preamble,1,1,0,1,1
context_234480.json,structured,32,32,0,1,1
context_234480.json,root_preamble,1,1,0,1,1
context_234489.json,structured,26,26,0,1,1
context_234489.json,root_preamble,1,1,0,1,1
context_234498.json,structured,5,5,0,1,1
context_234498.json,root_preamble,1,1,0,1,1
context_23451.json,structured,21,21,0,1,1
context_23451.json,root_preamble,1,1,0,1,1
context_234609.json,structured,32,32,0,1,1
context_234609.json,root_preamble,1,1,0,1,1
context_234630.json,structured,15,15,0,1,1
context_234630.json,root_preamble,1,1,0,1,1
context_234652.json,structured,48,48,0,1,1
context_234652.json,root_preamble,1,1,0,1,1
context_234704.json,structured,67,67,0,1,1
context_234704.json,root_preamble,1,1,0,1,1
context_234707.json,structured,46,46,0,1,1
context_234707.json,root_preamble,1,1,0,1,1
context_234746.json,structured,1,1,0,1,1
context_234746.json,root_preamble,1,1,0,1,1
context_234757.json,structured,93,93,0,1,1
context_234757.json,root_preamble,1,1,0,1,1
context_234783.json,structured,3,3,0,1,1
context_234783.json,root_preamble,1,1,0,1,1
context_234846.json,structured,2,2,0,1,1
context_234846.json,root_preamble,1,1,0,1,1
context_234854.json,structured,2,2,0,1,1
context_234854.json,root_preamble,1,1,0,1,1
context_234863.json,structured,83,83,0,1,1
context_234863.json,root_preamble,1,1,0,1,1
context_234868.json,structured,13,13,0,1,1
context_234868.json,root_preamble,1,1,0,1,1
context_234908.json,structured,16,16,0,1,1
context_234908.json,root_preamble,1,1,0,1,1
context_234931.json,structured,66,66,0,1,1
context_234931.json,root_preamble,1,1,0,1,1
context_234959.json,structured,7,7,0,1,1
context_234959.json,root_preamble,1,1,0,1,1
context_234976.json,structured,34,34,0,1,1
context_234976.json,root_preamble,1,1,0,1,1
context_234994.json,structured,22,22,0,1,1
context_234994.json,root_preamble,1,1,0,1,1
context_235080.json,structured,8,8,0,1,1
context_235080.json,root_preamble,1,1,0,1,1
context_235124.json,structured,12,12,0,1,1
context_235124.json,root_preamble,1,1,0,1,1
context_235127.json,structured,4,4,0,1,1
context_235127.json,root_preamble,1,1,0,1,1
context_235174.json,unstructured_whole,1,1,0,1,1
context_23520.json,structured,3,3,0,1,1
context_23520.json,root_preamble,1,1,0,1,1
context_23524.json,structured,3,3,0,1,1
context_23524.json,root_preamble,1,1,0,1,1
context_235244.json,structured,22,22,0,1,1
context_235244.json,root_preamble,1,1,0,1,1
context_235416.json,structured,27,27,0,1,1
context_235416.json,root_preamble,1,1,0,1,1
context_235497.json,structured,6,6,0,1,1
context_235497.json,root_preamble,1,1,0,1,1
context_235502.json,structured,49,49,0,1,1
context_235502.json,root_preamble,1,1,0,1,1
context_235564.json,structured,17,17,0,1,1
context_235564.json,root_preamble,1,1,0,1,1
context_235586.json,structured,11,11,0,1,1
context_235586.json,root_preamble,1,1,0,1,1
context_235622.json,structured,3,3,0,1,1
context_235622.json,root_preamble,1,1,0,1,1
context_235625.json,structured,11,11,0,1,1
context_235625.json,root_preamble,1,1,0,1,1
context_235641.json,structured,18,18,0,1,1
context_235641.json,root_preamble,1,1,0,1,1
context_235672.json,structured,102,102,0,1,1
context_235672.json,root_preamble,1,1,0,1,1
context_235677.json,structured,4,4,0,1,1
context_235677.json,root_preamble,1,1,0,1,1
context_235749.json,structured,31,31,0,1,1
context_235749.json,root_preamble,1,1,0,1,1
context_23576.json,unstructured_whole,1,1,0,1,1
context_23580.json,structured,3,3,0,1,1
context_23580.json,root_preamble,1,1,0,1,1
context_235858.json,structured,21,21,0,1,1
context_235858.json,root_preamble,1,1,0,1,1
context_235898.json,structured,4,4,0,1,1
context_235898.json,root_preamble,1,1,0,1,1
context_235902.json,unstructured_whole,1,1,0,1,1
context_235935.json,structured,2,2,0,1,1
context_235935.json,root_preamble,1,1,0,1,1
context_23598.json,structured,9,9,0,1,1
context_23598.json,root_preamble,1,1,0,1,1
context_235996.json,structured,10,10,0,1,1
context_235996.json,root_preamble,1,1,0,1,1
context_23603.json,structured,5,5,0,1,1
context_23603.json,root_preamble,1,1,0,1,1
context_236060.json,unstructured_whole,1,1,0,1,1
context_236089.json,structured,3,3,0,1,1
context_236089.json,root_preamble,1,1,0,1,1
context_236157.json,structured,6,6,0,1,1
context_236157.json,root_preamble,1,1,0,1,1
context_236167.json,structured,37,37,0,1,1
context_236167.json,root_preamble,1,1,0,1,1
context_236176.json,structured,42,42,0,1,1
context_236176.json,root_preamble,1,1,0,1,1
context_23624.json,structured,12,12,0,1,1
context_23624.json,root_preamble,1,1,0,1,1
context_236256.json,structured,8,8,0,1,1
context_236256.json,root_preamble,1,1,0,1,1
context_2363.json,structured,23,23,0,1,1
context_2363.json,root_preamble,1,1,0,1,1
context_236301.json,structured,2,2,0,1,1
context_236301.json,root_preamble,1,1,0,1,1
context_236311.json,structured,25,25,0,1,1
context_236311.json,root_preamble,1,1,0,1,1
context_236341.json,unstructured_whole,1,1,0,1,1
context_23635.json,structured,10,10,0,1,1
context_23635.json,root_preamble,1,1,0,1,1
context_23636.json,structured,33,33,0,1,1
context_23636.json,root_preamble,1,1,0,1,1
context_236407.json,structured,8,8,0,1,1
context_236407.json,root_preamble,1,1,0,1,1
context_236416.json,structured,18,18,0,1,1
context_236416.json,root_preamble,1,1,0,1,1
context_236422.json,structured,36,36,0,1,1
context_236422.json,root_preamble,1,1,0,1,1
context_236448.json,structured,7,7,0,1,1
context_236448.json,root_preamble,1,1,0,1,1
context_236481.json,structured,34,34,0,1,1
context_236481.json,root_preamble,1,1,0,1,1
context_236560.json,structured,22,22,0,1,1
context_236560.json,root_preamble,1,1,0,1,1
context_236567.json,structured,19,19,0,1,1
context_236567.json,root_preamble,1,1,0,1,1
context_236625.json,structured,7,7,0,1,1
context_236625.json,root_preamble,1,1,0,1,1
context_23663.json,structured,5,5,0,1,1
context_23663.json,root_preamble,1,1,0,1,1
context_236637.json,structured,22,22,0,1,1
context_236637.json,root_preamble,1,1,0,1,1
context_236657.json,unstructured_whole,1,1,0,1,1
context_236693.json,structured,31,31,0,1,1
context_236693.json,root_preamble,1,1,0,1,1
context_236717.json,structured,59,59,0,1,1
context_236717.json,root_preamble,1,1,0,1,1
context_236745.json,structured,17,17,0,1,1
context_236745.json,root_preamble,1,1,0,1,1
context_236791.json,structured,34,34,0,1,1
context_236791.json,root_preamble,1,1,0,1,1
context_236805.json,unstructured_whole,1,1,0,1,1
context_236822.json,structured,5,5,0,1,1
context_236822.json,root_preamble,1,1,0,1,1
context_236828.json,structured,7,7,0,1,1
context_236828.json,root_preamble,1,1,0,1,1
context_236871.json,structured,46,46,0,1,1
context_236871.json,root_preamble,1,1,0,1,1
context_236905.json,structured,9,9,0,1,1
context_236905.json,root_preamble,1,1,0,1,1
context_236923.json,structured,7,7,0,1,1
context_236923.json,root_preamble,1,1,0,1,1
context_236956.json,structured,6,6,0,1,1
context_236956.json,root_preamble,1,1,0,1,1
context_236965.json,structured,4,4,0,1,1
context_236965.json,root_preamble,1,1,0,1,1
context_23698.json,structured,17,17,0,1,1
context_23698.json,root_preamble,1,1,0,1,1
context_236987.json,unstructured_whole,1,1,0,1,1
context_237045.json,structured,42,42,0,1,1
context_237045.json,root_preamble,1,1,0,1,1
context_237069.json,structured,13,13,0,1,1
context_237069.json,root_preamble,1,1,0,1,1
context_237172.json,structured,13,13,0,1,1
context_237172.json,root_preamble,1,1,0,1,1
context_237181.json,structured,39,39,0,1,1
context_237181.json,root_preamble,1,1,0,1,1
context_237216.json,structured,55,55,0,1,1
context_237216.json,root_preamble,1,1,0,1,1
context_237238.json,structured,6,6,0,1,1
context_237238.json,root_preamble,1,1,0,1,1
context_237260.json,structured,33,33,0,1,1
context_237260.json,root_preamble,1,1,0,1,1
context_237268.json,structured,16,16,0,1,1
context_237268.json,root_preamble,1,1,0,1,1
context_23731.json,structured,35,35,0,1,1
context_23731.json,root_preamble,1,1,0,1,1
context_237342.json,structured,13,13,0,1,1
context_237342.json,root_preamble,1,1,0,1,1
context_237356.json,structured,38,38,0,1,1
context_237356.json,root_preamble,1,1,0,1,1
context_237468.json,structured,31,31,0,1,1
context_237468.json,root_preamble,1,1,0,1,1
context_237524.json,structured,11,11,0,1,1
context_237524.json,root_preamble,1,1,0,1,1
context_237571.json,structured,8,8,0,1,1
context_237571.json,root_preamble,1,1,0,1,1
context_237582.json,structured,6,6,0,1,1
context_237582.json,root_preamble,1,1,0,1,1
context_237583.json,unstructured_whole,1,1,0,1,1
context_23771.json,structured,10,10,0,1,1
context_23771.json,root_preamble,1,1,0,1,1
context_237710.json,structured,5,5,0,1,1
context_237710.json,root_preamble,1,1,0,1,1
context_237715.json,structured,8,8,0,1,1
context_237715.json,root_preamble,1,1,0,1,1
context_237732.json,structured,83,83,0,1,1
context_237732.json,root_preamble,1,1,0,1,1
context_237767.json,structured,45,45,0,1,1
context_237767.json,root_preamble,1,1,0,1,1
context_237783.json,structured,25,25,0,1,1
context_237783.json,root_preamble,1,1,0,1,1
context_237788.json,structured,28,28,0,1,1
context_237788.json,root_preamble,1,1,0,1,1
context_237840.json,structured,37,37,0,1,1
context_237840.json,root_preamble,1,1,0,1,1
context_237864.json,structured,16,16,0,1,1
context_237864.json,root_preamble,1,1,0,1,1
context_237887.json,unstructured_whole,1,1,0,1,1
context_237907.json,structured,27,27,0,1,1
context_237907.json,root_preamble,1,1,0,1,1
context_237914.json,structured,8,8,0,1,1
context_237914.json,root_preamble,1,1,0,1,1
context_237938.json,structured,15,15,0,1,1
context_237938.json,root_preamble,1,1,0,1,1
context_237981.json,structured,5,5,0,1,1
context_237981.json,root_preamble,1,1,0,1,1
context_237991.json,structured,6,6,0,1,1
context_237991.json,root_preamble,1,1,0,1,1
context_238052.json,structured,21,21,0,1,1
context_238052.json,root_preamble,1,1,0,1,1
context_238053.json,structured,2,2,0,1,1
context_238053.json,root_preamble,1,1,0,1,1
context_238125.json,structured,6,6,0,1,1
context_238125.json,root_preamble,1,1,0,1,1
context_238187.json,structured,29,29,0,1,1
context_238187.json,root_preamble,1,1,0,1,1
context_238207.json,structured,8,8,0,1,1
context_238207.json,root_preamble,1,1,0,1,1
context_238256.json,structured,31,31,0,1,1
context_238256.json,root_preamble,1,1,0,1,1
context_238267.json,structured,67,67,0,1,1
context_238267.json,root_preamble,1,1,0,1,1
context_238270.json,structured,11,11,0,1,1
context_238270.json,root_preamble,1,1,0,1,1
context_238368.json,structured,5,5,0,1,1
context_238368.json,root_preamble,1,1,0,1,1
context_238412.json,structured,25,25,0,1,1
context_238412.json,root_preamble,1,1,0,1,1
context_238436.json,structured,4,4,0,1,1
context_238436.json,root_preamble,1,1,0,1,1
context_238447.json,structured,8,8,0,1,1
context_238447.json,root_preamble,1,1,0,1,1
context_23849.json,structured,9,9,0,1,1
context_23849.json,root_preamble,1,1,0,1,1
context_238573.json,structured,26,26,0,1,1
context_238573.json,root_preamble,1,1,0,1,1
context_238596.json,unstructured_whole,1,1,0,1,1
context_238609.json,structured,7,7,0,1,1
context_238609.json,root_preamble,1,1,0,1,1
context_238624.json,structured,9,9,0,1,1
context_238624.json,root_preamble,1,1,0,1,1
context_238680.json,structured,6,6,0,1,1
context_238680.json,root_preamble,1,1,0,1,1
context_238689.json,structured,20,20,0,1,1
context_238689.json,root_preamble,1,1,0,1,1
context_238699.json,structured,6,6,0,1,1
context_238699.json,root_preamble,1,1,0,1,1
context_238762.json,structured,6,6,0,1,1
context_238762.json,root_preamble,1,1,0,1,1
context_238788.json,structured,38,38,0,1,1
context_238788.json,root_preamble,1,1,0,1,1
context_2388.json,structured,8,8,0,1,1
context_2388.json,root_preamble,1,1,0,1,1
context_238850.json,structured,12,12,0,1,1
context_238850.json,root_preamble,1,1,0,1,1
context_238859.json,structured,14,14,0,1,1
context_238859.json,root_preamble,1,1,0,1,1
context_238891.json,structured,34,34,0,1,1
context_238891.json,root_preamble,1,1,0,1,1
context_238894.json,structured,1,1,0,1,1
context_238894.json,root_preamble,1,1,0,1,1
context_238906.json,structured,18,18,0,1,1
context_238906.json,root_preamble,1,1,0,1,1
context_23896.json,structured,17,17,0,1,1
context_23896.json,root_preamble,1,1,0,1,1
context_239009.json,structured,4,4,0,1,1
context_239009.json,root_preamble,1,1,0,1,1
context_239017.json,structured,77,77,0,1,1
context_239017.json,root_preamble,1,1,0,1,1
context_239026.json,structured,28,28,0,1,1
context_239026.json,root_preamble,1,1,0,1,1
context_239045.json,structured,5,5,0,1,1
context_239045.json,root_preamble,1,1,0,1,1
context_239052.json,structured,2,2,0,1,1
context_239052.json,root_preamble,1,1,0,1,1
context_239061.json,structured,22,22,0,1,1
context_239061.json,root_preamble,1,1,0,1,1
context_239103.json,structured,5,5,0,1,1
context_239103.json,root_preamble,1,1,0,1,1
context_239128.json,structured,2,2,0,1,1
context_239128.json,root_preamble,1,1,0,1,1
context_239317.json,structured,19,19,0,1,1
context_239317.json,root_preamble,1,1,0,1,1
context_239364.json,unstructured_whole,1,1,0,1,1
context_239419.json,structured,13,13,0,1,1
context_239419.json,root_preamble,1,1,0,1,1
context_239501.json,structured,37,37,0,1,1
context_239501.json,root_preamble,1,1,0,1,1
context_239565.json,structured,2,2,0,1,1
context_239565.json,root_preamble,1,1,0,1,1
context_239571.json,unstructured_whole,1,1,0,1,1
context_239612.json,structured,10,10,0,1,1
context_239612.json,root_preamble,1,1,0,1,1
context_239647.json,structured,14,14,0,1,1
context_239647.json,root_preamble,1,1,0,1,1
context_239668.json,structured,4,4,0,1,1
context_239668.json,root_preamble,1,1,0,1,1
context_239731.json,structured,25,25,0,1,1
context_239731.json,root_preamble,1,1,0,1,1
context_239745.json,structured,8,8,0,1,1
context_239745.json,root_preamble,1,1,0,1,1
context_23975.json,structured,40,40,0,1,1
context_23975.json,root_preamble,1,1,0,1,1
context_239769.json,structured,28,28,0,1,1
context_239769.json,root_preamble,1,1,0,1,1
context_239793.json,structured,4,4,0,1,1
context_239793.json,root_preamble,1,1,0,1,1
context_239881.json,structured,9,9,0,1,1
context_239881.json,root_preamble,1,1,0,1,1
context_239885.json,structured,15,15,0,1,1
context_239885.json,root_preamble,1,1,0,1,1
context_239890.json,structured,5,5,0,1,1
context_239890.json,root_preamble,1,1,0,1,1
context_239917.json,structured,7,7,0,1,1
context_239917.json,root_preamble,1,1,0,1,1
context_239935.json,structured,4,4,0,1,1
context_239935.json,root_preamble,1,1,0,1,1
context_239976.json,structured,12,12,0,1,1
context_239976.json,root_preamble,1,1,0,1,1
context_239985.json,structured,32,32,0,1,1
context_239985.json,root_preamble,1,1,0,1,1
context_240003.json,structured,18,18,0,1,1
context_240003.json,root_preamble,1,1,0,1,1
context_240063.json,unstructured_whole,1,1,0,1,1
context_240076.json,structured,49,49,0,1,1
context_240076.json,root_preamble,1,1,0,1,1
context_240088.json,structured,30,30,0,1,1
context_240088.json,root_preamble,1,1,0,1,1
context_240117.json,structured,40,40,0,1,1
context_240117.json,root_preamble,1,1,0,1,1
context_240152.json,structured,42,42,0,1,1
context_240152.json,root_preamble,1,1,0,1,1
context_240153.json,structured,27,27,0,1,1
context_240153.json,root_preamble,1,1,0,1,1
context_240252.json,structured,1,1,0,1,1
context_240252.json,root_preamble,1,1,0,1,1
context_240260.json,structured,21,21,0,1,1
context_240260.json,root_preamble,1,1,0,1,1
context_240295.json,structured,2,2,0,1,1
context_240295.json,root_preamble,1,1,0,1,1
context_240369.json,structured,36,36,0,1,1
context_240369.json,root_preamble,1,1,0,1,1
context_240397.json,structured,2,2,0,1,1
context_240397.json,root_preamble,1,1,0,1,1
context_240460.json,structured,89,89,0,1,1
context_240460.json,root_preamble,1,1,0,1,1
context_240472.json,structured,42,42,0,1,1
context_240472.json,root_preamble,1,1,0,1,1
context_240492.json,structured,5,5,0,1,1
context_240492.json,root_preamble,1,1,0,1,1
context_240540.json,structured,3,3,0,1,1
context_240540.json,root_preamble,1,1,0,1,1
context_240547.json,structured,4,4,0,1,1
context_240547.json,root_preamble,1,1,0,1,1
context_240555.json,structured,34,34,0,1,1
context_240555.json,root_preamble,1,1,0,1,1
context_240596.json,structured,20,20,0,1,1
context_240596.json,root_preamble,1,1,0,1,1
context_240607.json,unstructured_whole,1,1,0,1,1
context_240614.json,structured,37,37,0,1,1
context_240614.json,root_preamble,1,1,0,1,1
context_24070.json,structured,13,13,0,1,1
context_24070.json,root_preamble,1,1,0,1,1
context_240703.json,unstructured_whole,1,1,0,1,1
context_240715.json,structured,52,52,0,1,1
context_240715.json,root_preamble,1,1,0,1,1
context_240723.json,structured,17,17,0,1,1
context_240723.json,root_preamble,1,1,0,1,1
context_240772.json,structured,17,17,0,1,1
context_240772.json,root_preamble,1,1,0,1,1
context_240806.json,structured,8,8,0,1,1
context_240806.json,root_preamble,1,1,0,1,1
context_240818.json,structured,57,57,0,1,1
context_240818.json,root_preamble,1,1,0,1,1
context_240822.json,structured,35,35,0,1,1
context_240822.json,root_preamble,1,1,0,1,1
context_24088.json,structured,66,66,0,1,1
context_24088.json,root_preamble,1,1,0,1,1
context_240883.json,structured,40,40,0,1,1
context_240883.json,root_preamble,1,1,0,1,1
context_240938.json,structured,5,5,0,1,1
context_240938.json,root_preamble,1,1,0,1,1
context_240941.json,structured,2,2,0,1,1
context_240941.json,root_preamble,1,1,0,1,1
context_240951.json,structured,19,19,0,1,1
context_240951.json,root_preamble,1,1,0,1,1
context_240955.json,structured,6,6,0,1,1
context_240955.json,root_preamble,1,1,0,1,1
context_240999.json,structured,4,4,0,1,1
context_240999.json,root_preamble,1,1,0,1,1
context_241008.json,unstructured_whole,1,1,0,1,1
context_241097.json,structured,24,24,0,1,1
context_241097.json,root_preamble,1,1,0,1,1
context_241178.json,structured,37,37,0,1,1
context_241178.json,root_preamble,1,1,0,1,1
context_241245.json,structured,28,28,0,1,1
context_241245.json,root_preamble,1,1,0,1,1
context_241258.json,structured,18,18,0,1,1
context_241258.json,root_preamble,1,1,0,1,1
context_241295.json,structured,51,51,0,1,1
context_241295.json,root_preamble,1,1,0,1,1
context_241299.json,structured,106,106,0,1,1
context_241299.json,root_preamble,1,1,0,1,1
context_241314.json,structured,1,1,0,1,1
context_241314.json,root_preamble,1,1,0,1,1
context_24133.json,structured,2,2,0,1,1
context_24133.json,root_preamble,1,1,0,1,1
context_241333.json,structured,20,20,0,1,1
context_241333.json,root_preamble,1,1,0,1,1
context_241340.json,structured,18,18,0,1,1
context_241340.json,root_preamble,1,1,0,1,1
context_241427.json,structured,4,4,0,1,1
context_241427.json,root_preamble,1,1,0,1,1
context_241438.json,structured,58,58,0,1,1
context_241438.json,root_preamble,1,1,0,1,1
context_241511.json,structured,9,9,0,1,1
context_241511.json,root_preamble,1,1,0,1,1
context_241574.json,structured,12,12,0,1,1
context_241574.json,root_preamble,1,1,0,1,1
context_241590.json,structured,1,1,0,1,1
context_241590.json,root_preamble,1,1,0,1,1
context_241643.json,structured,4,4,0,1,1
context_241643.json,root_preamble,1,1,0,1,1
context_241689.json,structured,11,11,0,1,1
context_241689.json,root_preamble,1,1,0,1,1
context_24170.json,structured,70,70,0,1,1
context_24170.json,root_preamble,1,1,0,1,1
context_241738.json,structured,7,7,0,1,1
context_241738.json,root_preamble,1,1,0,1,1
context_241748.json,structured,52,52,0,1,1
context_241748.json,root_preamble,1,1,0,1,1
context_241780.json,structured,2,2,0,1,1
context_241780.json,root_preamble,1,1,0,1,1
context_241846.json,structured,74,74,0,1,1
context_241846.json,root_preamble,1,1,0,1,1
context_241925.json,structured,36,36,0,1,1
context_241925.json,root_preamble,1,1,0,1,1
context_241954.json,structured,18,18,0,1,1
context_241954.json,root_preamble,1,1,0,1,1
context_24197.json,structured,2,2,0,1,1
context_24197.json,root_preamble,1,1,0,1,1
context_242068.json,structured,2,2,0,1,1
context_242068.json,root_preamble,1,1,0,1,1
context_242106.json,structured,10,10,0,1,1
context_242106.json,root_preamble,1,1,0,1,1
context_242143.json,structured,4,4,0,1,1
context_242143.json,root_preamble,1,1,0,1,1
context_242240.json,structured,35,35,0,1,1
context_242240.json,root_preamble,1,1,0,1,1
context_242243.json,structured,9,9,0,1,1
context_242243.json,root_preamble,1,1,0,1,1
context_242262.json,structured,41,41,0,1,1
context_242262.json,root_preamble,1,1,0,1,1
context_242302.json,structured,15,15,0,1,1
context_242302.json,root_preamble,1,1,0,1,1
context_24232.json,structured,41,41,0,1,1
context_24232.json,root_preamble,1,1,0,1,1
context_242323.json,structured,2,2,0,1,1
context_242323.json,root_preamble,1,1,0,1,1
context_242340.json,structured,5,5,0,1,1
context_242340.json,root_preamble,1,1,0,1,1
context_242348.json,structured,27,27,0,1,1
context_242348.json,root_preamble,1,1,0,1,1
context_242420.json,structured,28,28,0,1,1
context_242420.json,root_preamble,1,1,0,1,1
context_242445.json,structured,14,14,0,1,1
context_242445.json,root_preamble,1,1,0,1,1
context_242506.json,structured,27,27,0,1,1
context_242506.json,root_preamble,1,1,0,1,1
context_242523.json,structured,5,5,0,1,1
context_242523.json,root_preamble,1,1,0,1,1
context_242640.json,structured,1,1,0,1,1
context_242640.json,root_preamble,1,1,0,1,1
context_242643.json,structured,25,25,0,1,1
context_242643.json,root_preamble,1,1,0,1,1
context_242663.json,structured,21,21,0,1,1
context_242663.json,root_preamble,1,1,0,1,1
context_242694.json,structured,1,1,0,1,1
context_242694.json,root_preamble,1,1,0,1,1
context_242728.json,structured,9,9,0,1,1
context_242728.json,root_preamble,1,1,0,1,1
context_242742.json,structured,1,1,0,1,1
context_242742.json,root_preamble,1,1,0,1,1
context_242745.json,structured,4,4,0,1,1
context_242745.json,root_preamble,1,1,0,1,1
context_24277.json,structured,30,30,0,1,1
context_24277.json,root_preamble,1,1,0,1,1
context_242826.json,unstructured_whole,1,1,0,1,1
context_242848.json,structured,6,6,0,1,1
context_242848.json,root_preamble,1,1,0,1,1
context_242849.json,unstructured_whole,1,1,0,1,1
context_242895.json,unstructured_whole,1,1,0,1,1
context_242924.json,structured,26,26,0,1,1
context_242924.json,root_preamble,1,1,0,1,1
context_242975.json,structured,2,2,0,1,1
context_242975.json,root_preamble,1,1,0,1,1
context_242988.json,structured,14,14,0,1,1
context_242988.json,root_preamble,1,1,0,1,1
context_243023.json,unstructured_whole,1,1,0,1,1
context_243024.json,structured,2,2,0,1,1
context_243024.json,root_preamble,1,1,0,1,1
context_243051.json,structured,44,44,0,1,1
context_243051.json,root_preamble,1,1,0,1,1
context_243052.json,structured,5,5,0,1,1
context_243052.json,root_preamble,1,1,0,1,1
context_243058.json,structured,51,51,0,1,1
context_243058.json,root_preamble,1,1,0,1,1
context_243085.json,structured,18,18,0,1,1
context_243085.json,root_preamble,1,1,0,1,1
context_243086.json,structured,23,23,0,1,1
context_243086.json,root_preamble,1,1,0,1,1
context_243094.json,unstructured_whole,1,1,0,1,1
context_243124.json,structured,53,53,0,1,1
context_243124.json,root_preamble,1,1,0,1,1
context_243137.json,structured,6,6,0,1,1
context_243137.json,root_preamble,1,1,0,1,1
context_243166.json,structured,22,22,0,1,1
context_243166.json,root_preamble,1,1,0,1,1
context_243167.json,structured,24,24,0,1,1
context_243167.json,root_preamble,1,1,0,1,1
context_243213.json,unstructured_whole,1,1,0,1,1
context_243216.json,structured,21,21,0,1,1
context_243216.json,root_preamble,1,1,0,1,1
context_243254.json,structured,22,22,0,1,1
context_243254.json,root_preamble,1,1,0,1,1
context_243262.json,structured,1,1,0,1,1
context_243262.json,root_preamble,1,1,0,1,1
context_243299.json,structured,3,3,0,1,1
context_243299.json,root_preamble,1,1,0,1,1
context_24332.json,structured,35,35,0,1,1
context_24332.json,root_preamble,1,1,0,1,1
context_243350.json,structured,3,3,0,1,1
context_243350.json,root_preamble,1,1,0,1,1
context_243364.json,structured,40,40,0,1,1
context_243364.json,root_preamble,1,1,0,1,1
context_243366.json,structured,13,13,0,1,1
context_243366.json,root_preamble,1,1,0,1,1
context_243386.json,structured,26,26,0,1,1
context_243386.json,root_preamble,1,1,0,1,1
context_243404.json,unstructured_whole,1,1,0,1,1
context_243474.json,unstructured_whole,1,1,0,1,1
context_243476.json,structured,18,18,0,1,1
context_243476.json,root_preamble,1,1,0,1,1
context_243512.json,unstructured_whole,1,1,0,1,1
context_243547.json,structured,95,95,0,1,1
context_243547.json,root_preamble,1,1,0,1,1
context_24358.json,structured,5,5,0,1,1
context_24358.json,root_preamble,1,1,0,1,1
context_243653.json,structured,5,5,0,1,1
context_243653.json,root_preamble,1,1,0,1,1
context_243680.json,structured,2,2,0,1,1
context_243680.json,root_preamble,1,1,0,1,1
context_243709.json,structured,45,45,0,1,1
context_243709.json,root_preamble,1,1,0,1,1
context_243812.json,structured,52,52,0,1,1
context_243812.json,root_preamble,1,1,0,1,1
context_243835.json,structured,10,10,0,1,1
context_243835.json,root_preamble,1,1,0,1,1
context_243866.json,structured,49,49,0,1,1
context_243866.json,root_preamble,1,1,0,1,1
context_243916.json,structured,40,40,0,1,1
context_243916.json,root_preamble,1,1,0,1,1
context_243917.json,structured,9,9,0,1,1
context_243917.json,root_preamble,1,1,0,1,1
context_243945.json,structured,4,4,0,1,1
context_243945.json,root_preamble,1,1,0,1,1
context_243954.json,structured,8,8,0,1,1
context_243954.json,root_preamble,1,1,0,1,1
context_244094.json,structured,2,2,0,1,1
context_244094.json,root_preamble,1,1,0,1,1
context_244095.json,structured,5,5,0,1,1
context_244095.json,root_preamble,1,1,0,1,1
context_244116.json,structured,24,24,0,1,1
context_244116.json,root_preamble,1,1,0,1,1
context_244128.json,structured,18,18,0,1,1
context_244128.json,root_preamble,1,1,0,1,1
context_244193.json,structured,5,5,0,1,1
context_244193.json,root_preamble,1,1,0,1,1
context_244229.json,structured,6,6,0,1,1
context_244229.json,root_preamble,1,1,0,1,1
context_244232.json,structured,10,10,0,1,1
context_244232.json,root_preamble,1,1,0,1,1
context_244253.json,structured,6,6,0,1,1
context_244253.json,root_preamble,1,1,0,1,1
context_244330.json,structured,29,29,0,1,1
context_244330.json,root_preamble,1,1,0,1,1
context_244431.json,structured,7,7,0,1,1
context_244431.json,root_preamble,1,1,0,1,1
context_244502.json,structured,24,24,0,1,1
context_244502.json,root_preamble,1,1,0,1,1
context_244515.json,structured,10,10,0,1,1
context_244515.json,root_preamble,1,1,0,1,1
context_244520.json,structured,3,3,0,1,1
context_244520.json,root_preamble,1,1,0,1,1
context_24458.json,structured,8,8,0,1,1
context_24458.json,root_preamble,1,1,0,1,1
context_244598.json,structured,9,9,0,1,1
context_244598.json,root_preamble,1,1,0,1,1
context_244609.json,structured,29,29,0,1,1
context_244609.json,root_preamble,1,1,0,1,1
context_244802.json,structured,23,23,0,1,1
context_244802.json,root_preamble,1,1,0,1,1
context_244842.json,structured,17,17,0,1,1
context_244842.json,root_preamble,1,1,0,1,1
context_244852.json,structured,16,16,0,1,1
context_244852.json,root_preamble,1,1,0,1,1
context_244853.json,structured,3,3,0,1,1
context_244853.json,root_preamble,1,1,0,1,1
context_244878.json,structured,31,31,0,1,1
context_244878.json,root_preamble,1,1,0,1,1
context_244914.json,structured,22,22,0,1,1
context_244914.json,root_preamble,1,1,0,1,1
context_244923.json,structured,5,5,0,1,1
context_244923.json,root_preamble,1,1,0,1,1
context_244943.json,structured,19,19,0,1,1
context_244943.json,root_preamble,1,1,0,1,1
context_244947.json,structured,12,12,0,1,1
context_244947.json,root_preamble,1,1,0,1,1
context_244962.json,structured,14,14,0,1,1
context_244962.json,root_preamble,1,1,0,1,1
context_245029.json,structured,103,103,0,1,1
context_245029.json,root_preamble,1,1,0,1,1
context_245056.json,structured,24,24,0,1,1
context_245056.json,root_preamble,1,1,0,1,1
context_245059.json,structured,3,3,0,1,1
context_245059.json,root_preamble,1,1,0,1,1
context_245100.json,structured,16,16,0,1,1
context_245100.json,root_preamble,1,1,0,1,1
context_245154.json,structured,461,461,0,1,1
context_245154.json,root_preamble,1,1,0,1,1
context_245157.json,structured,3,3,0,1,1
context_245157.json,root_preamble,1,1,0,1,1
context_245167.json,structured,23,23,0,1,1
context_245167.json,root_preamble,1,1,0,1,1
context_245204.json,unstructured_whole,1,1,0,1,1
context_245222.json,structured,27,27,0,1,1
context_245222.json,root_preamble,1,1,0,1,1
context_245241.json,structured,4,4,0,1,1
context_245241.json,root_preamble,1,1,0,1,1
context_245246.json,structured,6,6,0,1,1
context_245246.json,root_preamble,1,1,0,1,1
context_245270.json,structured,5,5,0,1,1
context_245270.json,root_preamble,1,1,0,1,1
context_245355.json,structured,5,5,0,1,1
context_245355.json,root_preamble,1,1,0,1,1
context_245406.json,structured,18,18,0,1,1
context_245406.json,root_preamble,1,1,0,1,1
context_245419.json,structured,6,6,0,1,1
context_245419.json,root_preamble,1,1,0,1,1
context_245442.json,structured,11,11,0,1,1
context_245442.json,root_preamble,1,1,0,1,1
context_245466.json,structured,8,8,0,1,1
context_245466.json,root_preamble,1,1,0,1,1
context_245505.json,structured,13,13,0,1,1
context_245505.json,root_preamble,1,1,0,1,1
context_245530.json,structured,15,15,0,1,1
context_245530.json,root_preamble,1,1,0,1,1
context_245534.json,structured,48,48,0,1,1
context_245534.json,root_preamble,1,1,0,1,1
context_245564.json,structured,24,24,0,1,1
context_245564.json,root_preamble,1,1,0,1,1
context_245581.json,structured,5,5,0,1,1
context_245581.json,root_preamble,1,1,0,1,1
context_24559.json,structured,47,47,0,1,1
context_24559.json,root_preamble,1,1,0,1,1
context_245607.json,structured,11,11,0,1,1
context_245607.json,root_preamble,1,1,0,1,1
context_245627.json,structured,19,19,0,1,1
context_245627.json,root_preamble,1,1,0,1,1
context_245701.json,structured,8,8,0,1,1
context_245701.json,root_preamble,1,1,0,1,1
context_245767.json,unstructured_whole,1,1,0,1,1
context_245833.json,structured,1,1,0,1,1
context_245833.json,root_preamble,1,1,0,1,1
context_245887.json,structured,27,27,0,1,1
context_245887.json,root_preamble,1,1,0,1,1
context_245920.json,structured,8,8,0,1,1
context_245920.json,root_preamble,1,1,0,1,1
context_245950.json,structured,29,29,0,1,1
context_245950.json,root_preamble,1,1,0,1,1
context_245971.json,structured,12,12,0,1,1
context_245971.json,root_preamble,1,1,0,1,1
context_245992.json,structured,22,22,0,1,1
context_245992.json,root_preamble,1,1,0,1,1
context_246017.json,structured,28,28,0,1,1
context_246017.json,root_preamble,1,1,0,1,1
context_246023.json,structured,10,10,0,1,1
context_246023.json,root_preamble,1,1,0,1,1
context_246034.json,structured,15,15,0,1,1
context_246034.json,root_preamble,1,1,0,1,1
context_246156.json,structured,21,21,0,1,1
context_246156.json,root_preamble,1,1,0,1,1
context_246168.json,structured,12,12,0,1,1
context_246168.json,root_preamble,1,1,0,1,1
context_246181.json,structured,7,7,0,1,1
context_246181.json,root_preamble,1,1,0,1,1
context_246194.json,structured,26,26,0,1,1
context_246194.json,root_preamble,1,1,0,1,1
context_246263.json,structured,38,38,0,1,1
context_246263.json,root_preamble,1,1,0,1,1
context_246266.json,structured,2,2,0,1,1
context_246266.json,root_preamble,1,1,0,1,1
context_246314.json,structured,4,4,0,1,1
context_246314.json,root_preamble,1,1,0,1,1
context_246319.json,structured,10,10,0,1,1
context_246319.json,root_preamble,1,1,0,1,1
context_246338.json,structured,8,8,0,1,1
context_246338.json,root_preamble,1,1,0,1,1
context_246347.json,structured,4,4,0,1,1
context_246347.json,root_preamble,1,1,0,1,1
context_246356.json,structured,9,9,0,1,1
context_246356.json,root_preamble,1,1,0,1,1
context_246382.json,structured,37,37,0,1,1
context_246382.json,root_preamble,1,1,0,1,1
context_246406.json,structured,18,18,0,1,1
context_246406.json,root_preamble,1,1,0,1,1
context_246439.json,structured,2,2,0,1,1
context_246439.json,root_preamble,1,1,0,1,1
context_246441.json,structured,4,4,0,1,1
context_246441.json,root_preamble,1,1,0,1,1
context_246477.json,structured,16,16,0,1,1
context_246477.json,root_preamble,1,1,0,1,1
context_246534.json,structured,40,40,0,1,1
context_246534.json,root_preamble,1,1,0,1,1
context_246580.json,structured,25,25,0,1,1
context_246580.json,root_preamble,1,1,0,1,1
context_246693.json,structured,35,35,0,1,1
context_246693.json,root_preamble,1,1,0,1,1
context_246694.json,structured,26,26,0,1,1
context_246694.json,root_preamble,1,1,0,1,1
context_246726.json,structured,7,7,0,1,1
context_246726.json,root_preamble,1,1,0,1,1
context_246812.json,structured,32,32,0,1,1
context_246812.json,root_preamble,1,1,0,1,1
context_246894.json,structured,5,5,0,1,1
context_246894.json,root_preamble,1,1,0,1,1
context_246920.json,structured,20,20,0,1,1
context_246920.json,root_preamble,1,1,0,1,1
context_246977.json,structured,40,40,0,1,1
context_246977.json,root_preamble,1,1,0,1,1
context_247150.json,structured,71,71,0,1,1
context_247150.json,root_preamble,1,1,0,1,1
context_247184.json,structured,93,93,0,1,1
context_247184.json,root_preamble,1,1,0,1,1
context_247199.json,structured,12,12,0,1,1
context_247199.json,root_preamble,1,1,0,1,1
context_247318.json,structured,99,99,0,1,1
context_247318.json,root_preamble,1,1,0,1,1
context_24740.json,structured,27,27,0,1,1
context_24740.json,root_preamble,1,1,0,1,1
context_247414.json,structured,7,7,0,1,1
context_247414.json,root_preamble,1,1,0,1,1
context_247479.json,structured,20,20,0,1,1
context_247479.json,root_preamble,1,1,0,1,1
context_247495.json,structured,38,38,0,1,1
context_247495.json,root_preamble,1,1,0,1,1
context_24752.json,structured,46,46,0,1,1
context_24752.json,root_preamble,1,1,0,1,1
context_247529.json,structured,20,20,0,1,1
context_247529.json,root_preamble,1,1,0,1,1
context_247532.json,structured,40,40,0,1,1
context_247532.json,root_preamble,1,1,0,1,1
context_247578.json,structured,81,81,0,1,1
context_247578.json,root_preamble,1,1,0,1,1
context_247611.json,structured,31,31,0,1,1
context_247611.json,root_preamble,1,1,0,1,1
context_247734.json,structured,54,54,0,1,1
context_247734.json,root_preamble,1,1,0,1,1
context_24778.json,structured,367,367,0,1,1
context_24778.json,root_preamble,1,1,0,1,1
context_247822.json,structured,34,34,0,1,1
context_247822.json,root_preamble,1,1,0,1,1
context_247825.json,structured,12,12,0,1,1
context_247825.json,root_preamble,1,1,0,1,1
context_247829.json,structured,1,1,0,1,1
context_247829.json,root_preamble,1,1,0,1,1
context_24784.json,structured,16,16,0,1,1
context_24784.json,root_preamble,1,1,0,1,1
context_247895.json,structured,29,29,0,1,1
context_247895.json,root_preamble,1,1,0,1,1
context_247918.json,structured,30,30,0,1,1
context_247918.json,root_preamble,1,1,0,1,1
context_247934.json,structured,33,33,0,1,1
context_247934.json,root_preamble,1,1,0,1,1
context_247956.json,structured,53,53,0,1,1
context_247956.json,root_preamble,1,1,0,1,1
context_247965.json,structured,3,3,0,1,1
context_247965.json,root_preamble,1,1,0,1,1
context_24798.json,structured,81,81,0,1,1
context_24798.json,root_preamble,1,1,0,1,1
context_247987.json,structured,3,3,0,1,1
context_247987.json,root_preamble,1,1,0,1,1
context_248006.json,unstructured_whole,1,1,0,1,1
context_248042.json,structured,10,10,0,1,1
context_248042.json,root_preamble,1,1,0,1,1
context_248055.json,structured,19,19,0,1,1
context_248055.json,root_preamble,1,1,0,1,1
context_248341.json,structured,28,28,0,1,1
context_248341.json,root_preamble,1,1,0,1,1
context_248356.json,unstructured_whole,1,1,0,1,1
context_248364.json,structured,8,8,0,1,1
context_248364.json,root_preamble,1,1,0,1,1
context_248399.json,structured,5,5,0,1,1
context_248399.json,root_preamble,1,1,0,1,1
context_248428.json,structured,26,26,0,1,1
context_248428.json,root_preamble,1,1,0,1,1
context_248534.json,structured,7,7,0,1,1
context_248534.json,root_preamble,1,1,0,1,1
context_248552.json,structured,5,5,0,1,1
context_248552.json,root_preamble,1,1,0,1,1
context_248571.json,structured,35,35,0,1,1
context_248571.json,root_preamble,1,1,0,1,1
context_248593.json,structured,7,7,0,1,1
context_248593.json,root_preamble,1,1,0,1,1
context_24863.json,structured,5,5,0,1,1
context_24863.json,root_preamble,1,1,0,1,1
context_248681.json,structured,21,21,0,1,1
context_248681.json,root_preamble,1,1,0,1,1
context_248685.json,structured,7,7,0,1,1
context_248685.json,root_preamble,1,1,0,1,1
context_24870.json,structured,7,7,0,1,1
context_24870.json,root_preamble,1,1,0,1,1
context_248739.json,structured,65,65,0,1,1
context_248739.json,root_preamble,1,1,0,1,1
context_248776.json,structured,13,13,0,1,1
context_248776.json,root_preamble,1,1,0,1,1
context_248863.json,structured,19,19,0,1,1
context_248863.json,root_preamble,1,1,0,1,1
context_248868.json,structured,6,6,0,1,1
context_248868.json,root_preamble,1,1,0,1,1
context_248883.json,structured,2,2,0,1,1
context_248883.json,root_preamble,1,1,0,1,1
context_248901.json,structured,23,23,0,1,1
context_248901.json,root_preamble,1,1,0,1,1
context_248920.json,unstructured_whole,1,1,0,1,1
context_248942.json,structured,45,45,0,1,1
context_248942.json,root_preamble,1,1,0,1,1
context_248959.json,structured,21,21,0,1,1
context_248959.json,root_preamble,1,1,0,1,1
context_249062.json,structured,12,12,0,1,1
context_249062.json,root_preamble,1,1,0,1,1
context_249088.json,structured,3,3,0,1,1
context_249088.json,root_preamble,1,1,0,1,1
context_249164.json,structured,5,5,0,1,1
context_249164.json,root_preamble,1,1,0,1,1
context_249175.json,structured,3,3,0,1,1
context_249175.json,root_preamble,1,1,0,1,1
context_249204.json,structured,50,50,0,1,1
context_249204.json,root_preamble,1,1,0,1,1
context_249221.json,structured,4,4,0,1,1
context_249221.json,root_preamble,1,1,0,1,1
context_249224.json,structured,55,55,0,1,1
context_249224.json,root_preamble,1,1,0,1,1
context_249233.json,structured,21,21,0,1,1
context_249233.json,root_preamble,1,1,0,1,1
context_249287.json,structured,79,79,0,1,1
context_249287.json,root_preamble,1,1,0,1,1
context_249357.json,structured,7,7,0,1,1
context_249357.json,root_preamble,1,1,0,1,1
context_249359.json,structured,28,28,0,1,1
context_249359.json,root_preamble,1,1,0,1,1
context_249379.json,structured,13,13,0,1,1
context_249379.json,root_preamble,1,1,0,1,1
context_249395.json,structured,1,1,0,1,1
context_249395.json,root_preamble,1,1,0,1,1
context_249406.json,structured,8,8,0,1,1
context_249406.json,root_preamble,1,1,0,1,1
context_249431.json,structured,18,18,0,1,1
context_249431.json,root_preamble,1,1,0,1,1
context_249433.json,structured,26,26,0,1,1
context_249433.json,root_preamble,1,1,0,1,1
context_249458.json,unstructured_whole,1,1,0,1,1
context_249505.json,structured,7,7,0,1,1
context_249505.json,root_preamble,1,1,0,1,1
context_249542.json,structured,5,5,0,1,1
context_249542.json,root_preamble,1,1,0,1,1
context_249551.json,structured,99,99,0,1,1
context_249551.json,root_preamble,1,1,0,1,1
context_249564.json,structured,8,8,0,1,1
context_249564.json,root_preamble,1,1,0,1,1
context_249608.json,unstructured_whole,1,1,0,1,1
context_249638.json,structured,30,30,0,1,1
context_249638.json,root_preamble,1,1,0,1,1
context_249670.json,structured,21,21,0,1,1
context_249670.json,root_preamble,1,1,0,1,1
context_249685.json,structured,10,10,0,1,1
context_249685.json,root_preamble,1,1,0,1,1
context_2497.json,structured,4,4,0,1,1
context_2497.json,root_preamble,1,1,0,1,1
context_249754.json,structured,26,26,0,1,1
context_249754.json,root_preamble,1,1,0,1,1
context_249775.json,structured,5,5,0,1,1
context_249775.json,root_preamble,1,1,0,1,1
context_249786.json,structured,34,34,0,1,1
context_249786.json,root_preamble,1,1,0,1,1
context_249855.json,structured,55,55,0,1,1
context_249855.json,root_preamble,1,1,0,1,1
context_249866.json,structured,12,12,0,1,1
context_249866.json,root_preamble,1,1,0,1,1
context_249878.json,structured,1,1,0,1,1
context_249878.json,root_preamble,1,1,0,1,1
context_249914.json,structured,32,32,0,1,1
context_249914.json,root_preamble,1,1,0,1,1
context_249915.json,structured,19,19,0,1,1
context_249915.json,root_preamble,1,1,0,1,1
context_249930.json,structured,4,4,0,1,1
context_249930.json,root_preamble,1,1,0,1,1
context_249948.json,structured,6,6,0,1,1
context_249948.json,root_preamble,1,1,0,1,1
context_249962.json,structured,2,2,0,1,1
context_249962.json,root_preamble,1,1,0,1,1
context_250021.json,structured,4,4,0,1,1
context_250021.json,root_preamble,1,1,0,1,1
context_250030.json,structured,33,33,0,1,1
context_250030.json,root_preamble,1,1,0,1,1
context_250077.json,structured,10,10,0,1,1
context_250077.json,root_preamble,1,1,0,1,1
context_250090.json,structured,41,41,0,1,1
context_250090.json,root_preamble,1,1,0,1,1
context_250106.json,structured,6,6,0,1,1
context_250106.json,root_preamble,1,1,0,1,1
context_250121.json,structured,20,20,0,1,1
context_250121.json,root_preamble,1,1,0,1,1
context_250123.json,structured,27,27,0,1,1
context_250123.json,root_preamble,1,1,0,1,1
context_250129.json,structured,24,24,0,1,1
context_250129.json,root_preamble,1,1,0,1,1
context_250267.json,structured,27,27,0,1,1
context_250267.json,root_preamble,1,1,0,1,1
context_250290.json,structured,12,12,0,1,1
context_250290.json,root_preamble,1,1,0,1,1
context_250337.json,structured,2,2,0,1,1
context_250337.json,root_preamble,1,1,0,1,1
context_250342.json,structured,31,31,0,1,1
context_250342.json,root_preamble,1,1,0,1,1
context_250384.json,structured,28,28,0,1,1
context_250384.json,root_preamble,1,1,0,1,1
context_250395.json,structured,5,5,0,1,1
context_250395.json,root_preamble,1,1,0,1,1
context_250429.json,structured,35,35,0,1,1
context_250429.json,root_preamble,1,1,0,1,1
context_250433.json,structured,34,34,0,1,1
context_250433.json,root_preamble,1,1,0,1,1
context_250455.json,structured,58,58,0,1,1
context_250455.json,root_preamble,1,1,0,1,1
context_25046.json,structured,36,36,0,1,1
context_25046.json,root_preamble,1,1,0,1,1
context_250468.json,unstructured_whole,1,1,0,1,1
context_2505.json,structured,35,35,0,1,1
context_2505.json,root_preamble,1,1,0,1,1
context_250518.json,unstructured_whole,1,1,0,1,1
context_250526.json,structured,30,30,0,1,1
context_250526.json,root_preamble,1,1,0,1,1
context_250571.json,unstructured_whole,1,1,0,1,1
context_250599.json,structured,6,6,0,1,1
context_250599.json,root_preamble,1,1,0,1,1
context_250603.json,unstructured_whole,1,1,0,1,1
context_25061.json,structured,7,7,0,1,1
context_25061.json,root_preamble,1,1,0,1,1
context_250643.json,structured,22,22,0,1,1
context_250643.json,root_preamble,1,1,0,1,1
context_250691.json,structured,39,39,0,1,1
context_250691.json,root_preamble,1,1,0,1,1
context_250711.json,structured,5,5,0,1,1
context_250711.json,root_preamble,1,1,0,1,1
context_25075.json,structured,6,6,0,1,1
context_25075.json,root_preamble,1,1,0,1,1
context_25077.json,structured,26,26,0,1,1
context_25077.json,root_preamble,1,1,0,1,1
context_250838.json,structured,20,20,0,1,1
context_250838.json,root_preamble,1,1,0,1,1
context_25084.json,structured,21,21,0,1,1
context_25084.json,root_preamble,1,1,0,1,1
context_250943.json,structured,55,55,0,1,1
context_250943.json,root_preamble,1,1,0,1,1
context_250944.json,structured,20,20,0,1,1
context_250944.json,root_preamble,1,1,0,1,1
context_251048.json,structured,10,10,0,1,1
context_251048.json,root_preamble,1,1,0,1,1
context_25109.json,unstructured_whole,1,1,0,1,1
context_251104.json,structured,38,38,0,1,1
context_251104.json,root_preamble,1,1,0,1,1
context_251143.json,structured,5,5,0,1,1
context_251143.json,root_preamble,1,1,0,1,1
context_251144.json,structured,22,22,0,1,1
context_251144.json,root_preamble,1,1,0,1,1
context_251147.json,structured,3,3,0,1,1
context_251147.json,root_preamble,1,1,0,1,1
context_251167.json,structured,1,1,0,1,1
context_251167.json,root_preamble,1,1,0,1,1
context_251176.json,structured,1,1,0,1,1
context_251176.json,root_preamble,1,1,0,1,1
context_251260.json,structured,40,40,0,1,1
context_251260.json,root_preamble,1,1,0,1,1
context_251264.json,structured,4,4,0,1,1
context_251264.json,root_preamble,1,1,0,1,1
context_251339.json,structured,43,43,0,1,1
context_251339.json,root_preamble,1,1,0,1,1
context_251354.json,structured,16,16,0,1,1
context_251354.json,root_preamble,1,1,0,1,1
context_251366.json,structured,33,33,0,1,1
context_251366.json,root_preamble,1,1,0,1,1
context_251441.json,structured,17,17,0,1,1
context_251441.json,root_preamble,1,1,0,1,1
context_251459.json,structured,79,79,0,1,1
context_251459.json,root_preamble,1,1,0,1,1
context_251472.json,structured,56,56,0,1,1
context_251472.json,root_preamble,1,1,0,1,1
context_251532.json,structured,3,3,0,1,1
context_251532.json,root_preamble,1,1,0,1,1
context_251585.json,structured,8,8,0,1,1
context_251585.json,root_preamble,1,1,0,1,1
context_251701.json,structured,11,11,0,1,1
context_251701.json,root_preamble,1,1,0,1,1
context_251745.json,structured,55,55,0,1,1
context_251745.json,root_preamble,1,1,0,1,1
context_251777.json,unstructured_whole,1,1,0,1,1
context_251838.json,structured,22,22,0,1,1
context_251838.json,root_preamble,1,1,0,1,1
context_251909.json,structured,5,5,0,1,1
context_251909.json,root_preamble,1,1,0,1,1
context_251931.json,structured,29,29,0,1,1
context_251931.json,root_preamble,1,1,0,1,1
context_251947.json,unstructured_whole,1,1,0,1,1
context_251954.json,structured,11,11,0,1,1
context_251954.json,root_preamble,1,1,0,1,1
context_251968.json,structured,19,19,0,1,1
context_251968.json,root_preamble,1,1,0,1,1
context_252002.json,structured,61,61,0,1,1
context_252002.json,root_preamble,1,1,0,1,1
context_252031.json,structured,2,2,0,1,1
context_252031.json,root_preamble,1,1,0,1,1
context_252068.json,structured,1,1,0,1,1
context_252068.json,root_preamble,1,1,0,1,1
context_252101.json,structured,12,12,0,1,1
context_252101.json,root_preamble,1,1,0,1,1
context_252163.json,structured,10,10,0,1,1
context_252163.json,root_preamble,1,1,0,1,1
context_252165.json,structured,13,13,0,1,1
context_252165.json,root_preamble,1,1,0,1,1
context_252183.json,structured,46,46,0,1,1
context_252183.json,root_preamble,1,1,0,1,1
context_252239.json,structured,5,5,0,1,1
context_252239.json,root_preamble,1,1,0,1,1
context_252264.json,structured,45,45,0,1,1
context_252264.json,root_preamble,1,1,0,1,1
context_252295.json,structured,17,17,0,1,1
context_252295.json,root_preamble,1,1,0,1,1
context_252303.json,structured,5,5,0,1,1
context_252303.json,root_preamble,1,1,0,1,1
context_252370.json,structured,1,1,0,1,1
context_252370.json,root_preamble,1,1,0,1,1
context_252407.json,structured,26,26,0,1,1
context_252407.json,root_preamble,1,1,0,1,1
context_25241.json,structured,8,8,0,1,1
context_25241.json,root_preamble,1,1,0,1,1
context_252423.json,structured,4,4,0,1,1
context_252423.json,root_preamble,1,1,0,1,1
context_252430.json,structured,4,4,0,1,1
context_252430.json,root_preamble,1,1,0,1,1
context_252461.json,structured,4,4,0,1,1
context_252461.json,root_preamble,1,1,0,1,1
context_252507.json,structured,49,49,0,1,1
context_252507.json,root_preamble,1,1,0,1,1
context_252565.json,structured,2,2,0,1,1
context_252565.json,root_preamble,1,1,0,1,1
context_252586.json,structured,59,59,0,1,1
context_252586.json,root_preamble,1,1,0,1,1
context_25259.json,structured,5,5,0,1,1
context_25259.json,root_preamble,1,1,0,1,1
context_252676.json,structured,20,20,0,1,1
context_252676.json,root_preamble,1,1,0,1,1
context_252686.json,structured,9,9,0,1,1
context_252686.json,root_preamble,1,1,0,1,1
context_252722.json,structured,39,39,0,1,1
context_252722.json,root_preamble,1,1,0,1,1
context_252730.json,structured,30,30,0,1,1
context_252730.json,root_preamble,1,1,0,1,1
context_252731.json,structured,8,8,0,1,1
context_252731.json,root_preamble,1,1,0,1,1
context_252775.json,structured,5,5,0,1,1
context_252775.json,root_preamble,1,1,0,1,1
context_252814.json,structured,89,89,0,1,1
context_252814.json,root_preamble,1,1,0,1,1
context_252828.json,structured,126,126,0,1,1
context_252828.json,root_preamble,1,1,0,1,1
context_252891.json,structured,8,8,0,1,1
context_252891.json,root_preamble,1,1,0,1,1
context_252906.json,structured,47,47,0,1,1
context_252906.json,root_preamble,1,1,0,1,1
context_252936.json,structured,8,8,0,1,1
context_252936.json,root_preamble,1,1,0,1,1
context_252999.json,structured,39,39,0,1,1
context_252999.json,root_preamble,1,1,0,1,1
context_253026.json,structured,6,6,0,1,1
context_253026.json,root_preamble,1,1,0,1,1
context_253081.json,structured,9,9,0,1,1
context_253081.json,root_preamble,1,1,0,1,1
context_253084.json,structured,7,7,0,1,1
context_253084.json,root_preamble,1,1,0,1,1
context_253103.json,structured,78,78,0,1,1
context_253103.json,root_preamble,1,1,0,1,1
context_253197.json,structured,18,18,0,1,1
context_253197.json,root_preamble,1,1,0,1,1
context_253221.json,structured,32,32,0,1,1
context_253221.json,root_preamble,1,1,0,1,1
context_25323.json,structured,8,8,0,1,1
context_25323.json,root_preamble,1,1,0,1,1
context_253259.json,structured,19,19,0,1,1
context_253259.json,root_preamble,1,1,0,1,1
context_253275.json,structured,1,1,0,1,1
context_253275.json,root_preamble,1,1,0,1,1
context_253315.json,structured,23,23,0,1,1
context_253315.json,root_preamble,1,1,0,1,1
context_253389.json,structured,18,18,0,1,1
context_253389.json,root_preamble,1,1,0,1,1
context_253411.json,structured,19,19,0,1,1
context_253411.json,root_preamble,1,1,0,1,1
context_25342.json,unstructured_whole,1,1,0,1,1
context_253426.json,structured,49,49,0,1,1
context_253426.json,root_preamble,1,1,0,1,1
context_253456.json,structured,27,27,0,1,1
context_253456.json,root_preamble,1,1,0,1,1
context_253462.json,structured,11,11,0,1,1
context_253462.json,root_preamble,1,1,0,1,1
context_253513.json,structured,20,20,0,1,1
context_253513.json,root_preamble,1,1,0,1,1
context_25352.json,structured,17,17,0,1,1
context_25352.json,root_preamble,1,1,0,1,1
context_25360.json,structured,15,15,0,1,1
context_25360.json,root_preamble,1,1,0,1,1
context_253617.json,structured,17,17,0,1,1
context_253617.json,root_preamble,1,1,0,1,1
context_253646.json,structured,10,10,0,1,1
context_253646.json,root_preamble,1,1,0,1,1
context_253656.json,structured,113,113,0,1,1
context_253656.json,root_preamble,1,1,0,1,1
context_253667.json,structured,50,50,0,1,1
context_253667.json,root_preamble,1,1,0,1,1
context_253677.json,structured,15,15,0,1,1
context_253677.json,root_preamble,1,1,0,1,1
context_253693.json,structured,16,16,0,1,1
context_253693.json,root_preamble,1,1,0,1,1
context_253716.json,unstructured_whole,1,1,0,1,1
context_253724.json,structured,10,10,0,1,1
context_253724.json,root_preamble,1,1,0,1,1
context_253746.json,structured,16,16,0,1,1
context_253746.json,root_preamble,1,1,0,1,1
context_253763.json,structured,4,4,0,1,1
context_253763.json,root_preamble,1,1,0,1,1
context_253775.json,structured,1,1,0,1,1
context_253775.json,root_preamble,1,1,0,1,1
context_253824.json,unstructured_whole,1,1,0,1,1
context_253834.json,structured,1,1,0,1,1
context_253834.json,root_preamble,1,1,0,1,1
context_25390.json,structured,2,2,0,1,1
context_25390.json,root_preamble,1,1,0,1,1
context_253943.json,structured,36,36,0,1,1
context_253943.json,root_preamble,1,1,0,1,1
context_253947.json,unstructured_whole,1,1,0,1,1
context_254098.json,structured,32,32,0,1,1
context_254098.json,root_preamble,1,1,0,1,1
context_254104.json,structured,4,4,0,1,1
context_254104.json,root_preamble,1,1,0,1,1
context_254165.json,structured,77,77,0,1,1
context_254165.json,root_preamble,1,1,0,1,1
context_254178.json,structured,56,56,0,1,1
context_254178.json,root_preamble,1,1,0,1,1
context_254201.json,structured,121,121,0,1,1
context_254201.json,root_preamble,1,1,0,1,1
context_254216.json,structured,10,10,0,1,1
context_254216.json,root_preamble,1,1,0,1,1
context_254284.json,structured,52,52,0,1,1
context_254284.json,root_preamble,1,1,0,1,1
context_254315.json,unstructured_whole,1,1,0,1,1
context_254341.json,structured,16,16,0,1,1
context_254341.json,root_preamble,1,1,0,1,1
context_25435.json,structured,34,34,0,1,1
context_25435.json,root_preamble,1,1,0,1,1
context_254553.json,structured,2,2,0,1,1
context_254553.json,root_preamble,1,1,0,1,1
context_254554.json,structured,1,1,0,1,1
context_254554.json,root_preamble,1,1,0,1,1
context_254599.json,structured,17,17,0,1,1
context_254599.json,root_preamble,1,1,0,1,1
context_254603.json,structured,34,34,0,1,1
context_254603.json,root_preamble,1,1,0,1,1
context_254667.json,structured,4,4,0,1,1
context_254667.json,root_preamble,1,1,0,1,1
context_254670.json,structured,46,46,0,1,1
context_254670.json,root_preamble,1,1,0,1,1
context_25469.json,structured,17,17,0,1,1
context_25469.json,root_preamble,1,1,0,1,1
context_254744.json,structured,6,6,0,1,1
context_254744.json,root_preamble,1,1,0,1,1
context_254787.json,structured,20,20,0,1,1
context_254787.json,root_preamble,1,1,0,1,1
context_254812.json,structured,41,41,0,1,1
context_254812.json,root_preamble,1,1,0,1,1
context_254850.json,structured,4,4,0,1,1
context_254850.json,root_preamble,1,1,0,1,1
context_254858.json,structured,5,5,0,1,1
context_254858.json,root_preamble,1,1,0,1,1
context_254906.json,structured,39,39,0,1,1
context_254906.json,root_preamble,1,1,0,1,1
context_254937.json,structured,1,1,0,1,1
context_254937.json,root_preamble,1,1,0,1,1
context_254963.json,structured,4,4,0,1,1
context_254963.json,root_preamble,1,1,0,1,1
context_254972.json,structured,6,6,0,1,1
context_254972.json,root_preamble,1,1,0,1,1
context_254991.json,structured,63,63,0,1,1
context_254991.json,root_preamble,1,1,0,1,1
context_255056.json,structured,13,13,0,1,1
context_255056.json,root_preamble,1,1,0,1,1
context_25507.json,structured,24,24,0,1,1
context_25507.json,root_preamble,1,1,0,1,1
context_255109.json,structured,34,34,0,1,1
context_255109.json,root_preamble,1,1,0,1,1
context_255110.json,structured,13,13,0,1,1
context_255110.json,root_preamble,1,1,0,1,1
context_255180.json,structured,19,19,0,1,1
context_255180.json,root_preamble,1,1,0,1,1
context_255193.json,structured,21,21,0,1,1
context_255193.json,root_preamble,1,1,0,1,1
context_255194.json,structured,4,4,0,1,1
context_255194.json,root_preamble,1,1,0,1,1
context_255199.json,unstructured_whole,1,1,0,1,1
context_255210.json,structured,13,13,0,1,1
context_255210.json,root_preamble,1,1,0,1,1
context_255286.json,structured,3,3,0,1,1
context_255286.json,root_preamble,1,1,0,1,1
context_255464.json,structured,40,40,0,1,1
context_255464.json,root_preamble,1,1,0,1,1
context_255465.json,structured,49,49,0,1,1
context_255465.json,root_preamble,1,1,0,1,1
context_255559.json,structured,22,22,0,1,1
context_255559.json,root_preamble,1,1,0,1,1
context_255570.json,structured,6,6,0,1,1
context_255570.json,root_preamble,1,1,0,1,1
context_255574.json,structured,31,31,0,1,1
context_255574.json,root_preamble,1,1,0,1,1
context_255577.json,structured,1,1,0,1,1
context_255577.json,root_preamble,1,1,0,1,1
context_255621.json,structured,8,8,0,1,1
context_255621.json,root_preamble,1,1,0,1,1
context_255692.json,structured,7,7,0,1,1
context_255692.json,root_preamble,1,1,0,1,1
context_255731.json,structured,3,3,0,1,1
context_255731.json,root_preamble,1,1,0,1,1
context_255744.json,structured,19,19,0,1,1
context_255744.json,root_preamble,1,1,0,1,1
context_255753.json,structured,5,5,0,1,1
context_255753.json,root_preamble,1,1,0,1,1
context_255757.json,structured,19,19,0,1,1
context_255757.json,root_preamble,1,1,0,1,1
context_255793.json,structured,2,2,0,1,1
context_255793.json,root_preamble,1,1,0,1,1
context_255863.json,structured,4,4,0,1,1
context_255863.json,root_preamble,1,1,0,1,1
context_255906.json,structured,57,57,0,1,1
context_255906.json,root_preamble,1,1,0,1,1
context_255908.json,structured,4,4,0,1,1
context_255908.json,root_preamble,1,1,0,1,1
context_255913.json,structured,19,19,0,1,1
context_255913.json,root_preamble,1,1,0,1,1
context_255949.json,unstructured_whole,1,1,0,1,1
context_255954.json,structured,31,31,0,1,1
context_255954.json,root_preamble,1,1,0,1,1
context_255973.json,structured,7,7,0,1,1
context_255973.json,root_preamble,1,1,0,1,1
context_25600.json,structured,27,27,0,1,1
context_25600.json,root_preamble,1,1,0,1,1
context_256047.json,structured,9,9,0,1,1
context_256047.json,root_preamble,1,1,0,1,1
context_256073.json,structured,94,94,0,1,1
context_256073.json,root_preamble,1,1,0,1,1
context_256074.json,structured,4,4,0,1,1
context_256074.json,root_preamble,1,1,0,1,1
context_256114.json,structured,30,30,0,1,1
context_256114.json,root_preamble,1,1,0,1,1
context_256159.json,unstructured_whole,1,1,0,1,1
context_256221.json,structured,12,12,0,1,1
context_256221.json,root_preamble,1,1,0,1,1
context_256266.json,structured,3,3,0,1,1
context_256266.json,root_preamble,1,1,0,1,1
context_256294.json,structured,30,30,0,1,1
context_256294.json,root_preamble,1,1,0,1,1
context_256329.json,unstructured_whole,1,1,0,1,1
context_256377.json,structured,5,5,0,1,1
context_256377.json,root_preamble,1,1,0,1,1
context_256388.json,structured,30,30,0,1,1
context_256388.json,root_preamble,1,1,0,1,1
context_256444.json,structured,25,25,0,1,1
context_256444.json,root_preamble,1,1,0,1,1
context_25650.json,structured,21,21,0,1,1
context_25650.json,root_preamble,1,1,0,1,1
context_256632.json,structured,60,60,0,1,1
context_256632.json,root_preamble,1,1,0,1,1
context_256654.json,structured,17,17,0,1,1
context_256654.json,root_preamble,1,1,0,1,1
context_256679.json,structured,24,24,0,1,1
context_256679.json,root_preamble,1,1,0,1,1
context_256681.json,structured,6,6,0,1,1
context_256681.json,root_preamble,1,1,0,1,1
context_256739.json,structured,5,5,0,1,1
context_256739.json,root_preamble,1,1,0,1,1
context_256747.json,structured,7,7,0,1,1
context_256747.json,root_preamble,1,1,0,1,1
context_256762.json,structured,47,47,0,1,1
context_256762.json,root_preamble,1,1,0,1,1
context_256777.json,structured,3,3,0,1,1
context_256777.json,root_preamble,1,1,0,1,1
context_256847.json,structured,27,27,0,1,1
context_256847.json,root_preamble,1,1,0,1,1
context_25690.json,structured,77,77,0,1,1
context_25690.json,root_preamble,1,1,0,1,1
context_256911.json,structured,15,15,0,1,1
context_256911.json,root_preamble,1,1,0,1,1
context_257024.json,unstructured_whole,1,1,0,1,1
context_257055.json,structured,22,22,0,1,1
context_257055.json,root_preamble,1,1,0,1,1
context_25707.json,structured,37,37,0,1,1
context_25707.json,root_preamble,1,1,0,1,1
context_257070.json,structured,2,2,0,1,1
context_257070.json,root_preamble,1,1,0,1,1
context_257089.json,structured,20,20,0,1,1
context_257089.json,root_preamble,1,1,0,1,1
context_257093.json,structured,28,28,0,1,1
context_257093.json,root_preamble,1,1,0,1,1
context_257129.json,structured,11,11,0,1,1
context_257129.json,root_preamble,1,1,0,1,1
context_25714.json,structured,9,9,0,1,1
context_25714.json,root_preamble,1,1,0,1,1
context_257186.json,structured,8,8,0,1,1
context_257186.json,root_preamble,1,1,0,1,1
context_257221.json,unstructured_whole,1,1,0,1,1
context_257253.json,structured,15,15,0,1,1
context_257253.json,root_preamble,1,1,0,1,1
context_257264.json,structured,90,90,0,1,1
context_257264.json,root_preamble,1,1,0,1,1
context_257279.json,structured,21,21,0,1,1
context_257279.json,root_preamble,1,1,0,1,1
context_257298.json,structured,17,17,0,1,1
context_257298.json,root_preamble,1,1,0,1,1
context_257306.json,structured,5,5,0,1,1
context_257306.json,root_preamble,1,1,0,1,1
context_25733.json,structured,7,7,0,1,1
context_25733.json,root_preamble,1,1,0,1,1
context_257347.json,structured,26,26,0,1,1
context_257347.json,root_preamble,1,1,0,1,1
context_257429.json,structured,35,35,0,1,1
context_257429.json,root_preamble,1,1,0,1,1
context_257442.json,structured,44,44,0,1,1
context_257442.json,root_preamble,1,1,0,1,1
context_257522.json,structured,16,16,0,1,1
context_257522.json,root_preamble,1,1,0,1,1
context_257547.json,structured,8,8,0,1,1
context_257547.json,root_preamble,1,1,0,1,1
context_257552.json,structured,13,13,0,1,1
context_257552.json,root_preamble,1,1,0,1,1
context_257591.json,structured,5,5,0,1,1
context_257591.json,root_preamble,1,1,0,1,1
context_257772.json,structured,28,28,0,1,1
context_257772.json,root_preamble,1,1,0,1,1
context_257785.json,structured,57,57,0,1,1
context_257785.json,root_preamble,1,1,0,1,1
context_257789.json,structured,9,9,0,1,1
context_257789.json,root_preamble,1,1,0,1,1
context_257792.json,structured,4,4,0,1,1
context_257792.json,root_preamble,1,1,0,1,1
context_257836.json,structured,4,4,0,1,1
context_257836.json,root_preamble,1,1,0,1,1
context_257927.json,structured,29,29,0,1,1
context_257927.json,root_preamble,1,1,0,1,1
context_257943.json,structured,61,61,0,1,1
context_257943.json,root_preamble,1,1,0,1,1
context_257974.json,structured,6,6,0,1,1
context_257974.json,root_preamble,1,1,0,1,1
context_257981.json,structured,25,25,0,1,1
context_257981.json,root_preamble,1,1,0,1,1
context_258014.json,structured,24,24,0,1,1
context_258014.json,root_preamble,1,1,0,1,1
context_258015.json,structured,14,14,0,1,1
context_258015.json,root_preamble,1,1,0,1,1
context_258024.json,structured,5,5,0,1,1
context_258024.json,root_preamble,1,1,0,1,1
context_258168.json,structured,38,38,0,1,1
context_258168.json,root_preamble,1,1,0,1,1
context_258207.json,structured,27,27,0,1,1
context_258207.json,root_preamble,1,1,0,1,1
context_258239.json,structured,4,4,0,1,1
context_258239.json,root_preamble,1,1,0,1,1
context_258264.json,structured,7,7,0,1,1
context_258264.json,root_preamble,1,1,0,1,1
context_258265.json,structured,5,5,0,1,1
context_258265.json,root_preamble,1,1,0,1,1
context_258266.json,structured,19,19,0,1,1
context_258266.json,root_preamble,1,1,0,1,1
context_258268.json,structured,5,5,0,1,1
context_258268.json,root_preamble,1,1,0,1,1
context_25829.json,structured,26,26,0,1,1
context_25829.json,root_preamble,1,1,0,1,1
context_258342.json,structured,57,57,0,1,1
context_258342.json,root_preamble,1,1,0,1,1
context_258377.json,structured,1,1,0,1,1
context_258377.json,root_preamble,1,1,0,1,1
context_258410.json,unstructured_whole,1,1,0,1,1
context_258477.json,structured,12,12,0,1,1
context_258477.json,root_preamble,1,1,0,1,1
context_258482.json,structured,19,19,0,1,1
context_258482.json,root_preamble,1,1,0,1,1
context_258509.json,structured,90,90,0,1,1
context_258509.json,root_preamble,1,1,0,1,1
context_258517.json,structured,41,41,0,1,1
context_258517.json,root_preamble,1,1,0,1,1
context_258607.json,structured,504,504,0,1,1
context_258607.json,root_preamble,1,1,0,1,1
context_258616.json,structured,44,44,0,1,1
context_258616.json,root_preamble,1,1,0,1,1
context_258682.json,structured,4,4,0,1,1
context_258682.json,root_preamble,1,1,0,1,1
context_258689.json,structured,3,3,0,1,1
context_258689.json,root_preamble,1,1,0,1,1
context_258706.json,structured,11,11,0,1,1
context_258706.json,root_preamble,1,1,0,1,1
context_258723.json,structured,22,22,0,1,1
context_258723.json,root_preamble,1,1,0,1,1
context_258855.json,structured,28,28,0,1,1
context_258855.json,root_preamble,1,1,0,1,1
context_258857.json,structured,11,11,0,1,1
context_258857.json,root_preamble,1,1,0,1,1
context_258886.json,structured,56,56,0,1,1
context_258886.json,root_preamble,1,1,0,1,1
context_258896.json,structured,7,7,0,1,1
context_258896.json,root_preamble,1,1,0,1,1
context_258917.json,structured,9,9,0,1,1
context_258917.json,root_preamble,1,1,0,1,1
context_258959.json,unstructured_whole,1,1,0,1,1
context_258967.json,structured,8,8,0,1,1
context_258967.json,root_preamble,1,1,0,1,1
context_258979.json,structured,4,4,0,1,1
context_258979.json,root_preamble,1,1,0,1,1
context_259021.json,structured,3,3,0,1,1
context_259021.json,root_preamble,1,1,0,1,1
context_259060.json,structured,17,17,0,1,1
context_259060.json,root_preamble,1,1,0,1,1
context_259129.json,structured,12,12,0,1,1
context_259129.json,root_preamble,1,1,0,1,1
context_259170.json,structured,37,37,0,1,1
context_259170.json,root_preamble,1,1,0,1,1
context_259172.json,structured,21,21,0,1,1
context_259172.json,root_preamble,1,1,0,1,1
context_259174.json,structured,42,42,0,1,1
context_259174.json,root_preamble,1,1,0,1,1
context_259195.json,structured,2,2,0,1,1
context_259195.json,root_preamble,1,1,0,1,1
context_259205.json,structured,104,104,0,1,1
context_259205.json,root_preamble,1,1,0,1,1
context_259212.json,structured,5,5,0,1,1
context_259212.json,root_preamble,1,1,0,1,1
context_259297.json,structured,27,27,0,1,1
context_259297.json,root_preamble,1,1,0,1,1
context_25936.json,structured,10,10,0,1,1
context_25936.json,root_preamble,1,1,0,1,1
context_259365.json,structured,5,5,0,1,1
context_259365.json,root_preamble,1,1,0,1,1
context_259387.json,structured,5,5,0,1,1
context_259387.json,root_preamble,1,1,0,1,1
context_2594.json,structured,33,33,0,1,1
context_2594.json,root_preamble,1,1,0,1,1
context_259432.json,structured,7,7,0,1,1
context_259432.json,root_preamble,1,1,0,1,1
context_25945.json,structured,2,2,0,1,1
context_25945.json,root_preamble,1,1,0,1,1
context_259504.json,structured,44,44,0,1,1
context_259504.json,root_preamble,1,1,0,1,1
context_259517.json,structured,8,8,0,1,1
context_259517.json,root_preamble,1,1,0,1,1
context_259542.json,structured,22,22,0,1,1
context_259542.json,root_preamble,1,1,0,1,1
context_259564.json,structured,19,19,0,1,1
context_259564.json,root_preamble,1,1,0,1,1
context_259577.json,structured,21,21,0,1,1
context_259577.json,root_preamble,1,1,0,1,1
context_259603.json,structured,33,33,0,1,1
context_259603.json,root_preamble,1,1,0,1,1
context_259656.json,structured,56,56,0,1,1
context_259656.json,root_preamble,1,1,0,1,1
context_259711.json,structured,15,15,0,1,1
context_259711.json,root_preamble,1,1,0,1,1
context_259733.json,unstructured_whole,1,1,0,1,1
context_259778.json,structured,21,21,0,1,1
context_259778.json,root_preamble,1,1,0,1,1
context_259807.json,structured,20,20,0,1,1
context_259807.json,root_preamble,1,1,0,1,1
context_259809.json,structured,13,13,0,1,1
context_259809.json,root_preamble,1,1,0,1,1
context_259892.json,structured,10,10,0,1,1
context_259892.json,root_preamble,1,1,0,1,1
context_259898.json,structured,37,37,0,1,1
context_259898.json,root_preamble,1,1,0,1,1
context_259932.json,structured,23,23,0,1,1
context_259932.json,root_preamble,1,1,0,1,1
context_259997.json,structured,37,37,0,1,1
context_259997.json,root_preamble,1,1,0,1,1
context_260.json,structured,7,7,0,1,1
context_260.json,root_preamble,1,1,0,1,1
context_260037.json,structured,10,10,0,1,1
context_260037.json,root_preamble,1,1,0,1,1
context_260046.json,structured,46,46,0,1,1
context_260046.json,root_preamble,1,1,0,1,1
context_260063.json,structured,6,6,0,1,1
context_260063.json,root_preamble,1,1,0,1,1
context_260098.json,structured,6,6,0,1,1
context_260098.json,root_preamble,1,1,0,1,1
context_260164.json,structured,26,26,0,1,1
context_260164.json,root_preamble,1,1,0,1,1
context_260230.json,structured,8,8,0,1,1
context_260230.json,root_preamble,1,1,0,1,1
context_260234.json,structured,35,35,0,1,1
context_260234.json,root_preamble,1,1,0,1,1
context_260249.json,structured,5,5,0,1,1
context_260249.json,root_preamble,1,1,0,1,1
context_260282.json,structured,6,6,0,1,1
context_260282.json,root_preamble,1,1,0,1,1
context_260328.json,structured,6,6,0,1,1
context_260328.json,root_preamble,1,1,0,1,1
context_260342.json,structured,10,10,0,1,1
context_260342.json,root_preamble,1,1,0,1,1
context_260401.json,structured,5,5,0,1,1
context_260401.json,root_preamble,1,1,0,1,1
context_260409.json,structured,7,7,0,1,1
context_260409.json,root_preamble,1,1,0,1,1
context_26042.json,structured,16,16,0,1,1
context_26042.json,root_preamble,1,1,0,1,1
context_260428.json,structured,8,8,0,1,1
context_260428.json,root_preamble,1,1,0,1,1
context_260452.json,structured,6,6,0,1,1
context_260452.json,root_preamble,1,1,0,1,1
context_260462.json,structured,16,16,0,1,1
context_260462.json,root_preamble,1,1,0,1,1
context_260491.json,structured,52,52,0,1,1
context_260491.json,root_preamble,1,1,0,1,1
context_260505.json,structured,40,40,0,1,1
context_260505.json,root_preamble,1,1,0,1,1
context_260553.json,structured,4,4,0,1,1
context_260553.json,root_preamble,1,1,0,1,1
context_260633.json,structured,23,23,0,1,1
context_260633.json,root_preamble,1,1,0,1,1
context_260683.json,structured,48,48,0,1,1
context_260683.json,root_preamble,1,1,0,1,1
context_260684.json,unstructured_whole,1,1,0,1,1
context_260712.json,structured,20,20,0,1,1
context_260712.json,root_preamble,1,1,0,1,1
context_260717.json,structured,26,26,0,1,1
context_260717.json,root_preamble,1,1,0,1,1
context_260737.json,structured,4,4,0,1,1
context_260737.json,root_preamble,1,1,0,1,1
context_260763.json,structured,37,37,0,1,1
context_260763.json,root_preamble,1,1,0,1,1
context_260777.json,structured,25,25,0,1,1
context_260777.json,root_preamble,1,1,0,1,1
context_260782.json,structured,39,39,0,1,1
context_260782.json,root_preamble,1,1,0,1,1
context_260823.json,structured,4,4,0,1,1
context_260823.json,root_preamble,1,1,0,1,1
context_260827.json,structured,4,4,0,1,1
context_260827.json,root_preamble,1,1,0,1,1
context_260889.json,structured,62,62,0,1,1
context_260889.json,root_preamble,1,1,0,1,1
context_260917.json,structured,6,6,0,1,1
context_260917.json,root_preamble,1,1,0,1,1
context_260960.json,structured,7,7,0,1,1
context_260960.json,root_preamble,1,1,0,1,1
context_261155.json,structured,7,7,0,1,1
context_261155.json,root_preamble,1,1,0,1,1
context_261164.json,unstructured_whole,1,1,0,1,1
context_261165.json,structured,101,101,0,1,1
context_261165.json,root_preamble,1,1,0,1,1
context_261171.json,structured,20,20,0,1,1
context_261171.json,root_preamble,1,1,0,1,1
context_261191.json,structured,4,4,0,1,1
context_261191.json,root_preamble,1,1,0,1,1
context_261198.json,structured,4,4,0,1,1
context_261198.json,root_preamble,1,1,0,1,1
context_261206.json,structured,24,24,0,1,1
context_261206.json,root_preamble,1,1,0,1,1
context_261241.json,structured,24,24,0,1,1
context_261241.json,root_preamble,1,1,0,1,1
context_261285.json,structured,46,46,0,1,1
context_261285.json,root_preamble,1,1,0,1,1
context_261311.json,structured,48,48,0,1,1
context_261311.json,root_preamble,1,1,0,1,1
context_261319.json,structured,1,1,0,1,1
context_261319.json,root_preamble,1,1,0,1,1
context_261381.json,structured,19,19,0,1,1
context_261381.json,root_preamble,1,1,0,1,1
context_261400.json,unstructured_whole,1,1,0,1,1
context_261403.json,structured,26,26,0,1,1
context_261403.json,root_preamble,1,1,0,1,1
context_261424.json,structured,1,1,0,1,1
context_261424.json,root_preamble,1,1,0,1,1
context_261451.json,structured,19,19,0,1,1
context_261451.json,root_preamble,1,1,0,1,1
context_261464.json,structured,187,187,0,1,1
context_261464.json,root_preamble,1,1,0,1,1
context_261499.json,structured,59,59,0,1,1
context_261499.json,root_preamble,1,1,0,1,1
context_261621.json,structured,9,9,0,1,1
context_261621.json,root_preamble,1,1,0,1,1
context_261626.json,structured,3,3,0,1,1
context_261626.json,root_preamble,1,1,0,1,1
context_261631.json,structured,15,15,0,1,1
context_261631.json,root_preamble,1,1,0,1,1
context_261677.json,structured,16,16,0,1,1
context_261677.json,root_preamble,1,1,0,1,1
context_261728.json,structured,5,5,0,1,1
context_261728.json,root_preamble,1,1,0,1,1
context_26173.json,structured,29,29,0,1,1
context_26173.json,root_preamble,1,1,0,1,1
context_261730.json,structured,31,31,0,1,1
context_261730.json,root_preamble,1,1,0,1,1
context_261770.json,structured,35,35,0,1,1
context_261770.json,root_preamble,1,1,0,1,1
context_261914.json,structured,92,92,0,1,1
context_261914.json,root_preamble,1,1,0,1,1
context_261963.json,structured,27,27,0,1,1
context_261963.json,root_preamble,1,1,0,1,1
context_261965.json,structured,30,30,0,1,1
context_261965.json,root_preamble,1,1,0,1,1
context_262009.json,structured,7,7,0,1,1
context_262009.json,root_preamble,1,1,0,1,1
context_262107.json,structured,6,6,0,1,1
context_262107.json,root_preamble,1,1,0,1,1
context_262148.json,structured,2,2,0,1,1
context_262148.json,root_preamble,1,1,0,1,1
context_262189.json,structured,5,5,0,1,1
context_262189.json,root_preamble,1,1,0,1,1
context_262254.json,structured,8,8,0,1,1
context_262254.json,root_preamble,1,1,0,1,1
context_262327.json,structured,4,4,0,1,1
context_262327.json,root_preamble,1,1,0,1,1
context_262382.json,structured,47,47,0,1,1
context_262382.json,root_preamble,1,1,0,1,1
context_262385.json,unstructured_whole,1,1,0,1,1
context_262437.json,structured,19,19,0,1,1
context_262437.json,root_preamble,1,1,0,1,1
context_262460.json,structured,2,2,0,1,1
context_262460.json,root_preamble,1,1,0,1,1
context_262587.json,structured,2,2,0,1,1
context_262587.json,root_preamble,1,1,0,1,1
context_26259.json,structured,27,27,0,1,1
context_26259.json,root_preamble,1,1,0,1,1
context_262726.json,structured,42,42,0,1,1
context_262726.json,root_preamble,1,1,0,1,1
context_262748.json,structured,19,19,0,1,1
context_262748.json,root_preamble,1,1,0,1,1
context_262758.json,structured,30,30,0,1,1
context_262758.json,root_preamble,1,1,0,1,1
context_262807.json,structured,15,15,0,1,1
context_262807.json,root_preamble,1,1,0,1,1
context_262848.json,structured,8,8,0,1,1
context_262848.json,root_preamble,1,1,0,1,1
context_26286.json,structured,41,41,0,1,1
context_26286.json,root_preamble,1,1,0,1,1
context_262884.json,structured,19,19,0,1,1
context_262884.json,root_preamble,1,1,0,1,1
context_26290.json,structured,29,29,0,1,1
context_26290.json,root_preamble,1,1,0,1,1
context_262949.json,structured,91,91,0,1,1
context_262949.json,root_preamble,1,1,0,1,1
context_262962.json,structured,35,35,0,1,1
context_262962.json,root_preamble,1,1,0,1,1
context_262972.json,structured,41,41,0,1,1
context_262972.json,root_preamble,1,1,0,1,1
context_263034.json,structured,12,12,0,1,1
context_263034.json,root_preamble,1,1,0,1,1
context_26306.json,structured,24,24,0,1,1
context_26306.json,root_preamble,1,1,0,1,1
context_263066.json,structured,47,47,0,1,1
context_263066.json,root_preamble,1,1,0,1,1
context_263085.json,structured,26,26,0,1,1
context_263085.json,root_preamble,1,1,0,1,1
context_263156.json,structured,5,5,0,1,1
context_263156.json,root_preamble,1,1,0,1,1
context_263170.json,structured,1,1,0,1,1
context_263170.json,root_preamble,1,1,0,1,1
context_263188.json,structured,125,125,0,1,1
context_263188.json,root_preamble,1,1,0,1,1
context_263207.json,structured,6,6,0,1,1
context_263207.json,root_preamble,1,1,0,1,1
context_263253.json,structured,21,21,0,1,1
context_263253.json,root_preamble,1,1,0,1,1
context_263266.json,structured,39,39,0,1,1
context_263266.json,root_preamble,1,1,0,1,1
context_263268.json,structured,4,4,0,1,1
context_263268.json,root_preamble,1,1,0,1,1
context_263293.json,structured,13,13,0,1,1
context_263293.json,root_preamble,1,1,0,1,1
context_26330.json,structured,35,35,0,1,1
context_26330.json,root_preamble,1,1,0,1,1
context_263344.json,structured,20,20,0,1,1
context_263344.json,root_preamble,1,1,0,1,1
context_263368.json,structured,35,35,0,1,1
context_263368.json,root_preamble,1,1,0,1,1
context_26337.json,structured,17,17,0,1,1
context_26337.json,root_preamble,1,1,0,1,1
context_263396.json,structured,21,21,0,1,1
context_263396.json,root_preamble,1,1,0,1,1
context_263397.json,structured,18,18,0,1,1
context_263397.json,root_preamble,1,1,0,1,1
context_263444.json,structured,1,1,0,1,1
context_263444.json,root_preamble,1,1,0,1,1
context_263488.json,unstructured_whole,1,1,0,1,1
context_26351.json,structured,8,8,0,1,1
context_26351.json,root_preamble,1,1,0,1,1
context_263518.json,structured,5,5,0,1,1
context_263518.json,root_preamble,1,1,0,1,1
context_263528.json,structured,68,68,0,1,1
context_263528.json,root_preamble,1,1,0,1,1
context_263549.json,structured,5,5,0,1,1
context_263549.json,root_preamble,1,1,0,1,1
context_263593.json,structured,17,17,0,1,1
context_263593.json,root_preamble,1,1,0,1,1
context_263594.json,structured,12,12,0,1,1
context_263594.json,root_preamble,1,1,0,1,1
context_263607.json,structured,4,4,0,1,1
context_263607.json,root_preamble,1,1,0,1,1
context_263629.json,structured,28,28,0,1,1
context_263629.json,root_preamble,1,1,0,1,1
context_263632.json,structured,47,47,0,1,1
context_263632.json,root_preamble,1,1,0,1,1
context_263667.json,structured,53,53,0,1,1
context_263667.json,root_preamble,1,1,0,1,1
context_263775.json,structured,26,26,0,1,1
context_263775.json,root_preamble,1,1,0,1,1
context_263785.json,structured,6,6,0,1,1
context_263785.json,root_preamble,1,1,0,1,1
context_263802.json,structured,40,40,0,1,1
context_263802.json,root_preamble,1,1,0,1,1
context_263804.json,structured,11,11,0,1,1
context_263804.json,root_preamble,1,1,0,1,1
context_263815.json,structured,55,55,0,1,1
context_263815.json,root_preamble,1,1,0,1,1
context_263843.json,structured,6,6,0,1,1
context_263843.json,root_preamble,1,1,0,1,1
context_263844.json,structured,2,2,0,1,1
context_263844.json,root_preamble,1,1,0,1,1
context_263880.json,structured,40,40,0,1,1
context_263880.json,root_preamble,1,1,0,1,1
context_263902.json,structured,20,20,0,1,1
context_263902.json,root_preamble,1,1,0,1,1
context_263931.json,structured,12,12,0,1,1
context_263931.json,root_preamble,1,1,0,1,1
context_263951.json,structured,63,63,0,1,1
context_263951.json,root_preamble,1,1,0,1,1
context_263991.json,structured,16,16,0,1,1
context_263991.json,root_preamble,1,1,0,1,1
context_264104.json,structured,23,23,0,1,1
context_264104.json,root_preamble,1,1,0,1,1
context_264121.json,structured,38,38,0,1,1
context_264121.json,root_preamble,1,1,0,1,1
context_264138.json,structured,22,22,0,1,1
context_264138.json,root_preamble,1,1,0,1,1
context_264155.json,structured,32,32,0,1,1
context_264155.json,root_preamble,1,1,0,1,1
context_264175.json,unstructured_whole,1,1,0,1,1
context_264177.json,unstructured_whole,1,1,0,1,1
context_264280.json,structured,21,21,0,1,1
context_264280.json,root_preamble,1,1,0,1,1
context_264382.json,structured,24,24,0,1,1
context_264382.json,root_preamble,1,1,0,1,1
context_264448.json,structured,59,59,0,1,1
context_264448.json,root_preamble,1,1,0,1,1
context_264475.json,structured,31,31,0,1,1
context_264475.json,root_preamble,1,1,0,1,1
context_264484.json,structured,5,5,0,1,1
context_264484.json,root_preamble,1,1,0,1,1
context_264527.json,structured,1,1,0,1,1
context_264527.json,root_preamble,1,1,0,1,1
context_264636.json,structured,30,30,0,1,1
context_264636.json,root_preamble,1,1,0,1,1
context_26466.json,structured,7,7,0,1,1
context_26466.json,root_preamble,1,1,0,1,1
context_264709.json,structured,45,45,0,1,1
context_264709.json,root_preamble,1,1,0,1,1
context_264753.json,structured,30,30,0,1,1
context_264753.json,root_preamble,1,1,0,1,1
context_264814.json,structured,29,29,0,1,1
context_264814.json,root_preamble,1,1,0,1,1
context_264845.json,structured,33,33,0,1,1
context_264845.json,root_preamble,1,1,0,1,1
context_264877.json,structured,2,2,0,1,1
context_264877.json,root_preamble,1,1,0,1,1
context_264947.json,structured,4,4,0,1,1
context_264947.json,root_preamble,1,1,0,1,1
context_264962.json,structured,2,2,0,1,1
context_264962.json,root_preamble,1,1,0,1,1
context_264989.json,structured,39,39,0,1,1
context_264989.json,root_preamble,1,1,0,1,1
context_265035.json,structured,61,61,0,1,1
context_265035.json,root_preamble,1,1,0,1,1
context_265040.json,structured,19,19,0,1,1
context_265040.json,root_preamble,1,1,0,1,1
context_265060.json,structured,19,19,0,1,1
context_265060.json,root_preamble,1,1,0,1,1
context_265083.json,structured,8,8,0,1,1
context_265083.json,root_preamble,1,1,0,1,1
context_265110.json,structured,23,23,0,1,1
context_265110.json,root_preamble,1,1,0,1,1
context_265193.json,structured,15,15,0,1,1
context_265193.json,root_preamble,1,1,0,1,1
context_265229.json,structured,57,57,0,1,1
context_265229.json,root_preamble,1,1,0,1,1
context_265279.json,structured,6,6,0,1,1
context_265279.json,root_preamble,1,1,0,1,1
context_265296.json,structured,8,8,0,1,1
context_265296.json,root_preamble,1,1,0,1,1
context_265397.json,structured,22,22,0,1,1
context_265397.json,root_preamble,1,1,0,1,1
context_2654.json,structured,7,7,0,1,1
context_2654.json,root_preamble,1,1,0,1,1
context_265437.json,structured,30,30,0,1,1
context_265437.json,root_preamble,1,1,0,1,1
context_265487.json,structured,2,2,0,1,1
context_265487.json,root_preamble,1,1,0,1,1
context_265508.json,structured,14,14,0,1,1
context_265508.json,root_preamble,1,1,0,1,1
context_265519.json,structured,6,6,0,1,1
context_265519.json,root_preamble,1,1,0,1,1
context_26555.json,structured,7,7,0,1,1
context_26555.json,root_preamble,1,1,0,1,1
context_265580.json,structured,10,10,0,1,1
context_265580.json,root_preamble,1,1,0,1,1
context_265582.json,structured,10,10,0,1,1
context_265582.json,root_preamble,1,1,0,1,1
context_265619.json,structured,28,28,0,1,1
context_265619.json,root_preamble,1,1,0,1,1
context_26562.json,structured,3,3,0,1,1
context_26562.json,root_preamble,1,1,0,1,1
context_265636.json,structured,6,6,0,1,1
context_265636.json,root_preamble,1,1,0,1,1
context_265667.json,structured,10,10,0,1,1
context_265667.json,root_preamble,1,1,0,1,1
context_265809.json,structured,14,14,0,1,1
context_265809.json,root_preamble,1,1,0,1,1
context_265836.json,structured,7,7,0,1,1
context_265836.json,root_preamble,1,1,0,1,1
context_265837.json,structured,2,2,0,1,1
context_265837.json,root_preamble,1,1,0,1,1
context_265884.json,structured,219,219,0,1,1
context_265884.json,root_preamble,1,1,0,1,1
context_265886.json,structured,6,6,0,1,1
context_265886.json,root_preamble,1,1,0,1,1
context_265892.json,structured,2,2,0,1,1
context_265892.json,root_preamble,1,1,0,1,1
context_2659.json,structured,5,5,0,1,1
context_2659.json,root_preamble,1,1,0,1,1
context_265910.json,structured,4,4,0,1,1
context_265910.json,root_preamble,1,1,0,1,1
context_265921.json,structured,40,40,0,1,1
context_265921.json,root_preamble,1,1,0,1,1
context_265950.json,structured,3,3,0,1,1
context_265950.json,root_preamble,1,1,0,1,1
context_265961.json,structured,2,2,0,1,1
context_265961.json,root_preamble,1,1,0,1,1
context_266100.json,structured,19,19,0,1,1
context_266100.json,root_preamble,1,1,0,1,1
context_266202.json,structured,27,27,0,1,1
context_266202.json,root_preamble,1,1,0,1,1
context_266203.json,structured,8,8,0,1,1
context_266203.json,root_preamble,1,1,0,1,1
context_266221.json,structured,8,8,0,1,1
context_266221.json,root_preamble,1,1,0,1,1
context_266253.json,structured,41,41,0,1,1
context_266253.json,root_preamble,1,1,0,1,1
context_266263.json,structured,33,33,0,1,1
context_266263.json,root_preamble,1,1,0,1,1
context_266417.json,structured,28,28,0,1,1
context_266417.json,root_preamble,1,1,0,1,1
context_266493.json,structured,38,38,0,1,1
context_266493.json,root_preamble,1,1,0,1,1
context_266514.json,structured,28,28,0,1,1
context_266514.json,root_preamble,1,1,0,1,1
context_266589.json,structured,16,16,0,1,1
context_266589.json,root_preamble,1,1,0,1,1
context_266606.json,structured,26,26,0,1,1
context_266606.json,root_preamble,1,1,0,1,1
context_26667.json,structured,174,174,0,1,1
context_26667.json,root_preamble,1,1,0,1,1
context_266697.json,structured,16,16,0,1,1
context_266697.json,root_preamble,1,1,0,1,1
context_2667.json,structured,2,2,0,1,1
context_2667.json,root_preamble,1,1,0,1,1
context_266777.json,structured,2,2,0,1,1
context_266777.json,root_preamble,1,1,0,1,1
context_266794.json,unstructured_whole,1,1,0,1,1
context_266810.json,structured,1,1,0,1,1
context_266810.json,root_preamble,1,1,0,1,1
context_266877.json,structured,12,12,0,1,1
context_266877.json,root_preamble,1,1,0,1,1
context_266901.json,structured,13,13,0,1,1
context_266901.json,root_preamble,1,1,0,1,1
context_266968.json,structured,13,13,0,1,1
context_266968.json,root_preamble,1,1,0,1,1
context_267002.json,structured,16,16,0,1,1
context_267002.json,root_preamble,1,1,0,1,1
context_267013.json,structured,4,4,0,1,1
context_267013.json,root_preamble,1,1,0,1,1
context_267036.json,structured,34,34,0,1,1
context_267036.json,root_preamble,1,1,0,1,1
context_267079.json,structured,4,4,0,1,1
context_267079.json,root_preamble,1,1,0,1,1
context_267136.json,structured,5,5,0,1,1
context_267136.json,root_preamble,1,1,0,1,1
context_267169.json,structured,3,3,0,1,1
context_267169.json,root_preamble,1,1,0,1,1
context_267180.json,structured,25,25,0,1,1
context_267180.json,root_preamble,1,1,0,1,1
context_267197.json,structured,53,53,0,1,1
context_267197.json,root_preamble,1,1,0,1,1
context_267203.json,structured,15,15,0,1,1
context_267203.json,root_preamble,1,1,0,1,1
context_267226.json,structured,6,6,0,1,1
context_267226.json,root_preamble,1,1,0,1,1
context_26724.json,structured,14,14,0,1,1
context_26724.json,root_preamble,1,1,0,1,1
context_267326.json,structured,20,20,0,1,1
context_267326.json,root_preamble,1,1,0,1,1
context_267433.json,structured,29,29,0,1,1
context_267433.json,root_preamble,1,1,0,1,1
context_267446.json,structured,5,5,0,1,1
context_267446.json,root_preamble,1,1,0,1,1
context_267450.json,structured,85,85,0,1,1
context_267450.json,root_preamble,1,1,0,1,1
context_267455.json,structured,14,14,0,1,1
context_267455.json,root_preamble,1,1,0,1,1
context_267464.json,structured,20,20,0,1,1
context_267464.json,root_preamble,1,1,0,1,1
context_267474.json,unstructured_whole,1,1,0,1,1
context_267505.json,structured,5,5,0,1,1
context_267505.json,root_preamble,1,1,0,1,1
context_267593.json,structured,6,6,0,1,1
context_267593.json,root_preamble,1,1,0,1,1
context_267609.json,structured,52,52,0,1,1
context_267609.json,root_preamble,1,1,0,1,1
context_267649.json,structured,27,27,0,1,1
context_267649.json,root_preamble,1,1,0,1,1
context_267663.json,structured,1,1,0,1,1
context_267663.json,root_preamble,1,1,0,1,1
context_267669.json,structured,14,14,0,1,1
context_267669.json,root_preamble,1,1,0,1,1
context_267704.json,structured,4,4,0,1,1
context_267704.json,root_preamble,1,1,0,1,1
context_267748.json,structured,9,9,0,1,1
context_267748.json,root_preamble,1,1,0,1,1
context_267771.json,structured,5,5,0,1,1
context_267771.json,root_preamble,1,1,0,1,1
context_267782.json,structured,7,7,0,1,1
context_267782.json,root_preamble,1,1,0,1,1
context_267785.json,structured,48,48,0,1,1
context_267785.json,root_preamble,1,1,0,1,1
context_26782.json,structured,74,74,0,1,1
context_26782.json,root_preamble,1,1,0,1,1
context_267864.json,structured,9,9,0,1,1
context_267864.json,root_preamble,1,1,0,1,1
context_267868.json,structured,11,11,0,1,1
context_267868.json,root_preamble,1,1,0,1,1
context_267880.json,structured,1,1,0,1,1
context_267880.json,root_preamble,1,1,0,1,1
context_267882.json,structured,6,6,0,1,1
context_267882.json,root_preamble,1,1,0,1,1
context_267886.json,structured,30,30,0,1,1
context_267886.json,root_preamble,1,1,0,1,1
context_268007.json,structured,44,44,0,1,1
context_268007.json,root_preamble,1,1,0,1,1
context_26802.json,structured,24,24,0,1,1
context_26802.json,root_preamble,1,1,0,1,1
context_268060.json,structured,242,242,0,1,1
context_268060.json,root_preamble,1,1,0,1,1
context_268197.json,structured,31,31,0,1,1
context_268197.json,root_preamble,1,1,0,1,1
context_268309.json,structured,42,42,0,1,1
context_268309.json,root_preamble,1,1,0,1,1
context_268311.json,structured,8,8,0,1,1
context_268311.json,root_preamble,1,1,0,1,1
context_268313.json,structured,150,150,0,1,1
context_268313.json,root_preamble,1,1,0,1,1
context_268315.json,structured,13,13,0,1,1
context_268315.json,root_preamble,1,1,0,1,1
context_26837.json,structured,14,14,0,1,1
context_26837.json,root_preamble,1,1,0,1,1
context_268375.json,structured,13,13,0,1,1
context_268375.json,root_preamble,1,1,0,1,1
context_268396.json,structured,7,7,0,1,1
context_268396.json,root_preamble,1,1,0,1,1
context_268431.json,structured,2,2,0,1,1
context_268431.json,root_preamble,1,1,0,1,1
context_268444.json,structured,25,25,0,1,1
context_268444.json,root_preamble,1,1,0,1,1
context_268486.json,structured,31,31,0,1,1
context_268486.json,root_preamble,1,1,0,1,1
context_26849.json,structured,16,16,0,1,1
context_26849.json,root_preamble,1,1,0,1,1
context_268509.json,structured,31,31,0,1,1
context_268509.json,root_preamble,1,1,0,1,1
context_268511.json,structured,5,5,0,1,1
context_268511.json,root_preamble,1,1,0,1,1
context_26854.json,structured,39,39,0,1,1
context_26854.json,root_preamble,1,1,0,1,1
context_268596.json,structured,33,33,0,1,1
context_268596.json,root_preamble,1,1,0,1,1
context_268603.json,structured,10,10,0,1,1
context_268603.json,root_preamble,1,1,0,1,1
context_268645.json,structured,1,1,0,1,1
context_268645.json,root_preamble,1,1,0,1,1
context_268656.json,structured,54,54,0,1,1
context_268656.json,root_preamble,1,1,0,1,1
context_268683.json,structured,1,1,0,1,1
context_268683.json,root_preamble,1,1,0,1,1
context_268684.json,structured,77,77,0,1,1
context_268684.json,root_preamble,1,1,0,1,1
context_268710.json,structured,14,14,0,1,1
context_268710.json,root_preamble,1,1,0,1,1
context_268711.json,structured,2,2,0,1,1
context_268711.json,root_preamble,1,1,0,1,1
context_268714.json,structured,44,44,0,1,1
context_268714.json,root_preamble,1,1,0,1,1
context_268719.json,structured,10,10,0,1,1
context_268719.json,root_preamble,1,1,0,1,1
context_268749.json,structured,5,5,0,1,1
context_268749.json,root_preamble,1,1,0,1,1
context_268757.json,structured,20,20,0,1,1
context_268757.json,root_preamble,1,1,0,1,1
context_268874.json,structured,3,3,0,1,1
context_268874.json,root_preamble,1,1,0,1,1
context_268902.json,structured,24,24,0,1,1
context_268902.json,root_preamble,1,1,0,1,1
context_268972.json,structured,12,12,0,1,1
context_268972.json,root_preamble,1,1,0,1,1
context_268979.json,structured,6,6,0,1,1
context_268979.json,root_preamble,1,1,0,1,1
context_269005.json,structured,21,21,0,1,1
context_269005.json,root_preamble,1,1,0,1,1
context_269070.json,structured,2,2,0,1,1
context_269070.json,root_preamble,1,1,0,1,1
context_26908.json,structured,19,19,0,1,1
context_26908.json,root_preamble,1,1,0,1,1
context_269094.json,structured,51,51,0,1,1
context_269094.json,root_preamble,1,1,0,1,1
context_26918.json,structured,30,30,0,1,1
context_26918.json,root_preamble,1,1,0,1,1
context_269190.json,structured,3,3,0,1,1
context_269190.json,root_preamble,1,1,0,1,1
context_269195.json,structured,16,16,0,1,1
context_269195.json,root_preamble,1,1,0,1,1
context_269197.json,structured,22,22,0,1,1
context_269197.json,root_preamble,1,1,0,1,1
context_269210.json,structured,24,24,0,1,1
context_269210.json,root_preamble,1,1,0,1,1
context_26924.json,structured,2,2,0,1,1
context_26924.json,root_preamble,1,1,0,1,1
context_269247.json,structured,52,52,0,1,1
context_269247.json,root_preamble,1,1,0,1,1
context_269304.json,structured,2,2,0,1,1
context_269304.json,root_preamble,1,1,0,1,1
context_269323.json,unstructured_whole,1,1,0,1,1
context_269334.json,unstructured_whole,1,1,0,1,1
context_269338.json,structured,46,46,0,1,1
context_269338.json,root_preamble,1,1,0,1,1
context_269381.json,structured,9,9,0,1,1
context_269381.json,root_preamble,1,1,0,1,1
context_269524.json,structured,17,17,0,1,1
context_269524.json,root_preamble,1,1,0,1,1
context_269533.json,structured,3,3,0,1,1
context_269533.json,root_preamble,1,1,0,1,1
context_269537.json,unstructured_whole,1,1,0,1,1
context_269541.json,structured,5,5,0,1,1
context_269541.json,root_preamble,1,1,0,1,1
context_269556.json,structured,33,33,0,1,1
context_269556.json,root_preamble,1,1,0,1,1
context_26956.json,structured,15,15,0,1,1
context_26956.json,root_preamble,1,1,0,1,1
context_269599.json,structured,18,18,0,1,1
context_269599.json,root_preamble,1,1,0,1,1
context_269653.json,structured,36,36,0,1,1
context_269653.json,root_preamble,1,1,0,1,1
context_269688.json,structured,32,32,0,1,1
context_269688.json,root_preamble,1,1,0,1,1
context_269697.json,structured,22,22,0,1,1
context_269697.json,root_preamble,1,1,0,1,1
context_26971.json,structured,6,6,0,1,1
context_26971.json,root_preamble,1,1,0,1,1
context_269720.json,structured,55,55,0,1,1
context_269720.json,root_preamble,1,1,0,1,1
context_269739.json,structured,2,2,0,1,1
context_269739.json,root_preamble,1,1,0,1,1
context_269762.json,structured,6,6,0,1,1
context_269762.json,root_preamble,1,1,0,1,1
context_269832.json,structured,11,11,0,1,1
context_269832.json,root_preamble,1,1,0,1,1
context_269839.json,structured,7,7,0,1,1
context_269839.json,root_preamble,1,1,0,1,1
context_269870.json,structured,55,55,0,1,1
context_269870.json,root_preamble,1,1,0,1,1
context_269904.json,structured,2,2,0,1,1
context_269904.json,root_preamble,1,1,0,1,1
context_269934.json,structured,17,17,0,1,1
context_269934.json,root_preamble,1,1,0,1,1
context_27003.json,structured,24,24,0,1,1
context_27003.json,root_preamble,1,1,0,1,1
context_270063.json,structured,14,14,0,1,1
context_270063.json,root_preamble,1,1,0,1,1
context_270075.json,structured,45,45,0,1,1
context_270075.json,root_preamble,1,1,0,1,1
context_270152.json,structured,3,3,0,1,1
context_270152.json,root_preamble,1,1,0,1,1
context_270233.json,structured,1,1,0,1,1
context_270233.json,root_preamble,1,1,0,1,1
context_270234.json,structured,26,26,0,1,1
context_270234.json,root_preamble,1,1,0,1,1
context_270255.json,unstructured_whole,1,1,0,1,1
context_27027.json,structured,1,1,0,1,1
context_27027.json,root_preamble,1,1,0,1,1
context_270334.json,structured,2,2,0,1,1
context_270334.json,root_preamble,1,1,0,1,1
context_27042.json,structured,11,11,0,1,1
context_27042.json,root_preamble,1,1,0,1,1
context_270463.json,structured,18,18,0,1,1
context_270463.json,root_preamble,1,1,0,1,1
context_27047.json,structured,30,30,0,1,1
context_27047.json,root_preamble,1,1,0,1,1
context_270525.json,structured,5,5,0,1,1
context_270525.json,root_preamble,1,1,0,1,1
context_270744.json,structured,4,4,0,1,1
context_270744.json,root_preamble,1,1,0,1,1
context_270765.json,structured,6,6,0,1,1
context_270765.json,root_preamble,1,1,0,1,1
context_270799.json,structured,73,73,0,1,1
context_270799.json,root_preamble,1,1,0,1,1
context_270830.json,structured,31,31,0,1,1
context_270830.json,root_preamble,1,1,0,1,1
context_270862.json,structured,2,2,0,1,1
context_270862.json,root_preamble,1,1,0,1,1
context_270884.json,structured,26,26,0,1,1
context_270884.json,root_preamble,1,1,0,1,1
context_270895.json,structured,11,11,0,1,1
context_270895.json,root_preamble,1,1,0,1,1
context_270912.json,structured,29,29,0,1,1
context_270912.json,root_preamble,1,1,0,1,1
context_270918.json,structured,32,32,0,1,1
context_270918.json,root_preamble,1,1,0,1,1
context_270919.json,structured,54,54,0,1,1
context_270919.json,root_preamble,1,1,0,1,1
context_270974.json,structured,11,11,0,1,1
context_270974.json,root_preamble,1,1,0,1,1
context_271003.json,structured,26,26,0,1,1
context_271003.json,root_preamble,1,1,0,1,1
context_271040.json,structured,11,11,0,1,1
context_271040.json,root_preamble,1,1,0,1,1
context_271074.json,structured,43,43,0,1,1
context_271074.json,root_preamble,1,1,0,1,1
context_271153.json,structured,23,23,0,1,1
context_271153.json,root_preamble,1,1,0,1,1
context_271154.json,structured,19,19,0,1,1
context_271154.json,root_preamble,1,1,0,1,1
context_271162.json,structured,12,12,0,1,1
context_271162.json,root_preamble,1,1,0,1,1
context_271167.json,structured,40,40,0,1,1
context_271167.json,root_preamble,1,1,0,1,1
context_271180.json,structured,4,4,0,1,1
context_271180.json,root_preamble,1,1,0,1,1
context_27125.json,structured,3,3,0,1,1
context_27125.json,root_preamble,1,1,0,1,1
context_271250.json,structured,4,4,0,1,1
context_271250.json,root_preamble,1,1,0,1,1
context_271326.json,unstructured_whole,1,1,0,1,1
context_271336.json,structured,26,26,0,1,1
context_271336.json,root_preamble,1,1,0,1,1
context_271411.json,structured,28,28,0,1,1
context_271411.json,root_preamble,1,1,0,1,1
context_271447.json,structured,14,14,0,1,1
context_271447.json,root_preamble,1,1,0,1,1
context_271466.json,unstructured_whole,1,1,0,1,1
context_271528.json,structured,29,29,0,1,1
context_271528.json,root_preamble,1,1,0,1,1
context_271580.json,structured,35,35,0,1,1
context_271580.json,root_preamble,1,1,0,1,1
context_271650.json,structured,19,19,0,1,1
context_271650.json,root_preamble,1,1,0,1,1
context_27167.json,structured,67,67,0,1,1
context_27167.json,root_preamble,1,1,0,1,1
context_271677.json,structured,48,48,0,1,1
context_271677.json,root_preamble,1,1,0,1,1
context_271809.json,structured,27,27,0,1,1
context_271809.json,root_preamble,1,1,0,1,1
context_271843.json,structured,7,7,0,1,1
context_271843.json,root_preamble,1,1,0,1,1
context_271933.json,structured,14,14,0,1,1
context_271933.json,root_preamble,1,1,0,1,1
context_272017.json,structured,40,40,0,1,1
context_272017.json,root_preamble,1,1,0,1,1
context_272087.json,structured,1,1,0,1,1
context_272087.json,root_preamble,1,1,0,1,1
context_272169.json,structured,3,3,0,1,1
context_272169.json,root_preamble,1,1,0,1,1
context_272204.json,unstructured_whole,1,1,0,1,1
context_272245.json,structured,9,9,0,1,1
context_272245.json,root_preamble,1,1,0,1,1
context_272250.json,structured,14,14,0,1,1
context_272250.json,root_preamble,1,1,0,1,1
context_272261.json,structured,18,18,0,1,1
context_272261.json,root_preamble,1,1,0,1,1
context_272317.json,structured,12,12,0,1,1
context_272317.json,root_preamble,1,1,0,1,1
context_272362.json,structured,30,30,0,1,1
context_272362.json,root_preamble,1,1,0,1,1
context_272424.json,structured,5,5,0,1,1
context_272424.json,root_preamble,1,1,0,1,1
context_272466.json,structured,9,9,0,1,1
context_272466.json,root_preamble,1,1,0,1,1
context_272489.json,structured,34,34,0,1,1
context_272489.json,root_preamble,1,1,0,1,1
context_272498.json,structured,2,2,0,1,1
context_272498.json,root_preamble,1,1,0,1,1
context_272503.json,unstructured_whole,1,1,0,1,1
context_272553.json,structured,28,28,0,1,1
context_272553.json,root_preamble,1,1,0,1,1
context_272572.json,structured,46,46,0,1,1
context_272572.json,root_preamble,1,1,0,1,1
context_27261.json,structured,4,4,0,1,1
context_27261.json,root_preamble,1,1,0,1,1
context_272614.json,structured,11,11,0,1,1
context_272614.json,root_preamble,1,1,0,1,1
context_272628.json,structured,5,5,0,1,1
context_272628.json,root_preamble,1,1,0,1,1
context_272638.json,structured,8,8,0,1,1
context_272638.json,root_preamble,1,1,0,1,1
context_27267.json,structured,23,23,0,1,1
context_27267.json,root_preamble,1,1,0,1,1
context_272756.json,structured,76,76,0,1,1
context_272756.json,root_preamble,1,1,0,1,1
context_272770.json,structured,28,28,0,1,1
context_272770.json,root_preamble,1,1,0,1,1
context_272778.json,structured,1,1,0,1,1
context_272778.json,root_preamble,1,1,0,1,1
context_272779.json,structured,8,8,0,1,1
context_272779.json,root_preamble,1,1,0,1,1
context_272812.json,structured,21,21,0,1,1
context_272812.json,root_preamble,1,1,0,1,1
context_272847.json,structured,16,16,0,1,1
context_272847.json,root_preamble,1,1,0,1,1
context_272851.json,structured,15,15,0,1,1
context_272851.json,root_preamble,1,1,0,1,1
context_272879.json,structured,43,43,0,1,1
context_272879.json,root_preamble,1,1,0,1,1
context_272883.json,structured,20,20,0,1,1
context_272883.json,root_preamble,1,1,0,1,1
context_272942.json,structured,50,50,0,1,1
context_272942.json,root_preamble,1,1,0,1,1
context_272954.json,structured,42,42,0,1,1
context_272954.json,root_preamble,1,1,0,1,1
context_272999.json,unstructured_whole,1,1,0,1,1
context_27307.json,structured,6,6,0,1,1
context_27307.json,root_preamble,1,1,0,1,1
context_273149.json,structured,2,2,0,1,1
context_273149.json,root_preamble,1,1,0,1,1
context_273190.json,structured,8,8,0,1,1
context_273190.json,root_preamble,1,1,0,1,1
context_273242.json,structured,5,5,0,1,1
context_273242.json,root_preamble,1,1,0,1,1
context_273244.json,unstructured_whole,1,1,0,1,1
context_273261.json,structured,54,54,0,1,1
context_273261.json,root_preamble,1,1,0,1,1
context_273271.json,structured,4,4,0,1,1
context_273271.json,root_preamble,1,1,0,1,1
context_273280.json,structured,5,5,0,1,1
context_273280.json,root_preamble,1,1,0,1,1
context_273315.json,structured,18,18,0,1,1
context_273315.json,root_preamble,1,1,0,1,1
context_27332.json,structured,5,5,0,1,1
context_27332.json,root_preamble,1,1,0,1,1
context_273332.json,structured,8,8,0,1,1
context_273332.json,root_preamble,1,1,0,1,1
context_273333.json,structured,2,2,0,1,1
context_273333.json,root_preamble,1,1,0,1,1
context_273384.json,structured,10,10,0,1,1
context_273384.json,root_preamble,1,1,0,1,1
context_273385.json,structured,19,19,0,1,1
context_273385.json,root_preamble,1,1,0,1,1
context_273424.json,structured,8,8,0,1,1
context_273424.json,root_preamble,1,1,0,1,1
context_273429.json,structured,5,5,0,1,1
context_273429.json,root_preamble,1,1,0,1,1
context_273469.json,structured,6,6,0,1,1
context_273469.json,root_preamble,1,1,0,1,1
context_273475.json,structured,33,33,0,1,1
context_273475.json,root_preamble,1,1,0,1,1
context_273476.json,structured,25,25,0,1,1
context_273476.json,root_preamble,1,1,0,1,1
context_273520.json,unstructured_whole,1,1,0,1,1
context_273533.json,structured,2,2,0,1,1
context_273533.json,root_preamble,1,1,0,1,1
context_273580.json,structured,34,34,0,1,1
context_273580.json,root_preamble,1,1,0,1,1
context_273622.json,structured,13,13,0,1,1
context_273622.json,root_preamble,1,1,0,1,1
context_273647.json,structured,45,45,0,1,1
context_273647.json,root_preamble,1,1,0,1,1
context_273648.json,structured,66,66,0,1,1
context_273648.json,root_preamble,1,1,0,1,1
context_273695.json,unstructured_whole,1,1,0,1,1
context_273824.json,structured,31,31,0,1,1
context_273824.json,root_preamble,1,1,0,1,1
context_273834.json,structured,15,15,0,1,1
context_273834.json,root_preamble,1,1,0,1,1
context_273878.json,structured,23,23,0,1,1
context_273878.json,root_preamble,1,1,0,1,1
context_273903.json,structured,2,2,0,1,1
context_273903.json,root_preamble,1,1,0,1,1
context_273934.json,structured,103,103,0,1,1
context_273934.json,root_preamble,1,1,0,1,1
context_273973.json,structured,2,2,0,1,1
context_273973.json,root_preamble,1,1,0,1,1
context_274028.json,structured,8,8,0,1,1
context_274028.json,root_preamble,1,1,0,1,1
context_274081.json,structured,14,14,0,1,1
context_274081.json,root_preamble,1,1,0,1,1
context_27409.json,structured,5,5,0,1,1
context_27409.json,root_preamble,1,1,0,1,1
context_274116.json,unstructured_whole,1,1,0,1,1
context_274149.json,structured,27,27,0,1,1
context_274149.json,root_preamble,1,1,0,1,1
context_274195.json,structured,15,15,0,1,1
context_274195.json,root_preamble,1,1,0,1,1
context_274243.json,structured,1,1,0,1,1
context_274243.json,root_preamble,1,1,0,1,1
context_27431.json,structured,39,39,0,1,1
context_27431.json,root_preamble,1,1,0,1,1
context_274327.json,structured,5,5,0,1,1
context_274327.json,root_preamble,1,1,0,1,1
context_274358.json,structured,37,37,0,1,1
context_274358.json,root_preamble,1,1,0,1,1
context_274362.json,structured,44,44,0,1,1
context_274362.json,root_preamble,1,1,0,1,1
context_274372.json,structured,7,7,0,1,1
context_274372.json,root_preamble,1,1,0,1,1
context_274385.json,structured,8,8,0,1,1
context_274385.json,root_preamble,1,1,0,1,1
context_274387.json,structured,4,4,0,1,1
context_274387.json,root_preamble,1,1,0,1,1
context_274388.json,structured,5,5,0,1,1
context_274388.json,root_preamble,1,1,0,1,1
context_274416.json,structured,4,4,0,1,1
context_274416.json,root_preamble,1,1,0,1,1
context_274422.json,structured,109,109,0,1,1
context_274422.json,root_preamble,1,1,0,1,1
context_274482.json,structured,21,21,0,1,1
context_274482.json,root_preamble,1,1,0,1,1
context_274494.json,structured,4,4,0,1,1
context_274494.json,root_preamble,1,1,0,1,1
context_274532.json,structured,9,9,0,1,1
context_274532.json,root_preamble,1,1,0,1,1
context_274550.json,structured,4,4,0,1,1
context_274550.json,root_preamble,1,1,0,1,1
context_274552.json,structured,17,17,0,1,1
context_274552.json,root_preamble,1,1,0,1,1
context_274560.json,structured,8,8,0,1,1
context_274560.json,root_preamble,1,1,0,1,1
context_274589.json,structured,25,25,0,1,1
context_274589.json,root_preamble,1,1,0,1,1
context_274595.json,structured,22,22,0,1,1
context_274595.json,root_preamble,1,1,0,1,1
context_274643.json,structured,2,2,0,1,1
context_274643.json,root_preamble,1,1,0,1,1
context_274675.json,structured,70,70,0,1,1
context_274675.json,root_preamble,1,1,0,1,1
context_274746.json,structured,47,47,0,1,1
context_274746.json,root_preamble,1,1,0,1,1
context_274752.json,unstructured_whole,1,1,0,1,1
context_274765.json,structured,57,57,0,1,1
context_274765.json,root_preamble,1,1,0,1,1
context_274899.json,structured,32,32,0,1,1
context_274899.json,root_preamble,1,1,0,1,1
context_274913.json,structured,5,5,0,1,1
context_274913.json,root_preamble,1,1,0,1,1
context_274967.json,structured,5,5,0,1,1
context_274967.json,root_preamble,1,1,0,1,1
context_274978.json,structured,16,16,0,1,1
context_274978.json,root_preamble,1,1,0,1,1
context_275026.json,structured,4,4,0,1,1
context_275026.json,root_preamble,1,1,0,1,1
context_275048.json,structured,6,6,0,1,1
context_275048.json,root_preamble,1,1,0,1,1
context_275049.json,structured,2,2,0,1,1
context_275049.json,root_preamble,1,1,0,1,1
context_275108.json,structured,15,15,0,1,1
context_275108.json,root_preamble,1,1,0,1,1
context_27511.json,structured,8,8,0,1,1
context_27511.json,root_preamble,1,1,0,1,1
context_275147.json,structured,16,16,0,1,1
context_275147.json,root_preamble,1,1,0,1,1
context_275170.json,structured,6,6,0,1,1
context_275170.json,root_preamble,1,1,0,1,1
context_27523.json,structured,11,11,0,1,1
context_27523.json,root_preamble,1,1,0,1,1
context_275245.json,structured,14,14,0,1,1
context_275245.json,root_preamble,1,1,0,1,1
context_275250.json,structured,3,3,0,1,1
context_275250.json,root_preamble,1,1,0,1,1
context_275323.json,structured,6,6,0,1,1
context_275323.json,root_preamble,1,1,0,1,1
context_27534.json,structured,18,18,0,1,1
context_27534.json,root_preamble,1,1,0,1,1
context_275373.json,structured,47,47,0,1,1
context_275373.json,root_preamble,1,1,0,1,1
context_275380.json,structured,8,8,0,1,1
context_275380.json,root_preamble,1,1,0,1,1
context_275401.json,structured,44,44,0,1,1
context_275401.json,root_preamble,1,1,0,1,1
context_275472.json,structured,3,3,0,1,1
context_275472.json,root_preamble,1,1,0,1,1
context_275473.json,structured,1,1,0,1,1
context_275473.json,root_preamble,1,1,0,1,1
context_275524.json,structured,5,5,0,1,1
context_275524.json,root_preamble,1,1,0,1,1
context_275675.json,structured,15,15,0,1,1
context_275675.json,root_preamble,1,1,0,1,1
context_275692.json,structured,5,5,0,1,1
context_275692.json,root_preamble,1,1,0,1,1
context_275738.json,structured,70,70,0,1,1
context_275738.json,root_preamble,1,1,0,1,1
context_275764.json,structured,23,23,0,1,1
context_275764.json,root_preamble,1,1,0,1,1
context_275818.json,structured,5,5,0,1,1
context_275818.json,root_preamble,1,1,0,1,1
context_275852.json,structured,5,5,0,1,1
context_275852.json,root_preamble,1,1,0,1,1
context_275856.json,structured,23,23,0,1,1
context_275856.json,root_preamble,1,1,0,1,1
context_275857.json,structured,9,9,0,1,1
context_275857.json,root_preamble,1,1,0,1,1
context_275898.json,unstructured_whole,1,1,0,1,1
context_275937.json,structured,30,30,0,1,1
context_275937.json,root_preamble,1,1,0,1,1
context_275940.json,structured,20,20,0,1,1
context_275940.json,root_preamble,1,1,0,1,1
context_275976.json,structured,12,12,0,1,1
context_275976.json,root_preamble,1,1,0,1,1
context_275995.json,structured,20,20,0,1,1
context_275995.json,root_preamble,1,1,0,1,1
context_276020.json,structured,1,1,0,1,1
context_276020.json,root_preamble,1,1,0,1,1
context_276040.json,structured,19,19,0,1,1
context_276040.json,root_preamble,1,1,0,1,1
context_276051.json,structured,18,18,0,1,1
context_276051.json,root_preamble,1,1,0,1,1
context_276100.json,structured,10,10,0,1,1
context_276100.json,root_preamble,1,1,0,1,1
context_276156.json,structured,39,39,0,1,1
context_276156.json,root_preamble,1,1,0,1,1
context_276160.json,structured,33,33,0,1,1
context_276160.json,root_preamble,1,1,0,1,1
context_276168.json,structured,12,12,0,1,1
context_276168.json,root_preamble,1,1,0,1,1
context_27623.json,structured,48,48,0,1,1
context_27623.json,root_preamble,1,1,0,1,1
context_276267.json,structured,23,23,0,1,1
context_276267.json,root_preamble,1,1,0,1,1
context_276299.json,structured,34,34,0,1,1
context_276299.json,root_preamble,1,1,0,1,1
context_276317.json,structured,4,4,0,1,1
context_276317.json,root_preamble,1,1,0,1,1
context_276373.json,structured,9,9,0,1,1
context_276373.json,root_preamble,1,1,0,1,1
context_276376.json,structured,4,4,0,1,1
context_276376.json,root_preamble,1,1,0,1,1
context_276380.json,structured,4,4,0,1,1
context_276380.json,root_preamble,1,1,0,1,1
context_27645.json,structured,8,8,0,1,1
context_27645.json,root_preamble,1,1,0,1,1
context_276468.json,structured,19,19,0,1,1
context_276468.json,root_preamble,1,1,0,1,1
context_276496.json,structured,5,5,0,1,1
context_276496.json,root_preamble,1,1,0,1,1
context_27650.json,structured,23,23,0,1,1
context_27650.json,root_preamble,1,1,0,1,1
context_276501.json,structured,33,33,0,1,1
context_276501.json,root_preamble,1,1,0,1,1
context_276502.json,structured,31,31,0,1,1
context_276502.json,root_preamble,1,1,0,1,1
context_276506.json,structured,8,8,0,1,1
context_276506.json,root_preamble,1,1,0,1,1
context_276539.json,structured,5,5,0,1,1
context_276539.json,root_preamble,1,1,0,1,1
context_276545.json,structured,18,18,0,1,1
context_276545.json,root_preamble,1,1,0,1,1
context_276547.json,structured,2,2,0,1,1
context_276547.json,root_preamble,1,1,0,1,1
context_27656.json,structured,38,38,0,1,1
context_27656.json,root_preamble,1,1,0,1,1
context_276613.json,structured,25,25,0,1,1
context_276613.json,root_preamble,1,1,0,1,1
context_276631.json,structured,142,142,0,1,1
context_276631.json,root_preamble,1,1,0,1,1
context_276714.json,structured,38,38,0,1,1
context_276714.json,root_preamble,1,1,0,1,1
context_276766.json,structured,34,34,0,1,1
context_276766.json,root_preamble,1,1,0,1,1
context_276777.json,structured,5,5,0,1,1
context_276777.json,root_preamble,1,1,0,1,1
context_276811.json,structured,15,15,0,1,1
context_276811.json,root_preamble,1,1,0,1,1
context_276833.json,structured,57,57,0,1,1
context_276833.json,root_preamble,1,1,0,1,1
context_276954.json,structured,22,22,0,1,1
context_276954.json,root_preamble,1,1,0,1,1
context_277076.json,structured,23,23,0,1,1
context_277076.json,root_preamble,1,1,0,1,1
context_277080.json,structured,48,48,0,1,1
context_277080.json,root_preamble,1,1,0,1,1
context_277084.json,structured,37,37,0,1,1
context_277084.json,root_preamble,1,1,0,1,1
context_277089.json,structured,4,4,0,1,1
context_277089.json,root_preamble,1,1,0,1,1
context_277164.json,structured,19,19,0,1,1
context_277164.json,root_preamble,1,1,0,1,1
context_277171.json,structured,5,5,0,1,1
context_277171.json,root_preamble,1,1,0,1,1
context_277174.json,structured,13,13,0,1,1
context_277174.json,root_preamble,1,1,0,1,1
context_277210.json,structured,6,6,0,1,1
context_277210.json,root_preamble,1,1,0,1,1
context_277229.json,structured,41,41,0,1,1
context_277229.json,root_preamble,1,1,0,1,1
context_277320.json,structured,9,9,0,1,1
context_277320.json,root_preamble,1,1,0,1,1
context_277326.json,structured,14,14,0,1,1
context_277326.json,root_preamble,1,1,0,1,1
context_277391.json,structured,108,108,0,1,1
context_277391.json,root_preamble,1,1,0,1,1
context_27740.json,structured,21,21,0,1,1
context_27740.json,root_preamble,1,1,0,1,1
context_277425.json,structured,6,6,0,1,1
context_277425.json,root_preamble,1,1,0,1,1
context_277464.json,structured,27,27,0,1,1
context_277464.json,root_preamble,1,1,0,1,1
context_277476.json,structured,10,10,0,1,1
context_277476.json,root_preamble,1,1,0,1,1
context_277600.json,structured,31,31,0,1,1
context_277600.json,root_preamble,1,1,0,1,1
context_277648.json,structured,8,8,0,1,1
context_277648.json,root_preamble,1,1,0,1,1
context_277655.json,structured,5,5,0,1,1
context_277655.json,root_preamble,1,1,0,1,1
context_277700.json,structured,16,16,0,1,1
context_277700.json,root_preamble,1,1,0,1,1
context_277743.json,structured,1,1,0,1,1
context_277743.json,root_preamble,1,1,0,1,1
context_277767.json,structured,38,38,0,1,1
context_277767.json,root_preamble,1,1,0,1,1
context_277786.json,structured,24,24,0,1,1
context_277786.json,root_preamble,1,1,0,1,1
context_277895.json,structured,3,3,0,1,1
context_277895.json,root_preamble,1,1,0,1,1
context_277920.json,structured,19,19,0,1,1
context_277920.json,root_preamble,1,1,0,1,1
context_278069.json,structured,17,17,0,1,1
context_278069.json,root_preamble,1,1,0,1,1
context_27809.json,structured,29,29,0,1,1
context_27809.json,root_preamble,1,1,0,1,1
context_278114.json,structured,5,5,0,1,1
context_278114.json,root_preamble,1,1,0,1,1
context_278115.json,structured,69,69,0,1,1
context_278115.json,root_preamble,1,1,0,1,1
context_278160.json,structured,25,25,0,1,1
context_278160.json,root_preamble,1,1,0,1,1
context_278187.json,structured,22,22,0,1,1
context_278187.json,root_preamble,1,1,0,1,1
context_27820.json,structured,1,1,0,1,1
context_27820.json,root_preamble,1,1,0,1,1
context_278236.json,structured,32,32,0,1,1
context_278236.json,root_preamble,1,1,0,1,1
context_27825.json,structured,29,29,0,1,1
context_27825.json,root_preamble,1,1,0,1,1
context_278310.json,structured,4,4,0,1,1
context_278310.json,root_preamble,1,1,0,1,1
context_278322.json,structured,33,33,0,1,1
context_278322.json,root_preamble,1,1,0,1,1
context_278332.json,structured,43,43,0,1,1
context_278332.json,root_preamble,1,1,0,1,1
context_278353.json,structured,12,12,0,1,1
context_278353.json,root_preamble,1,1,0,1,1
context_278372.json,structured,14,14,0,1,1
context_278372.json,root_preamble,1,1,0,1,1
context_278383.json,structured,6,6,0,1,1
context_278383.json,root_preamble,1,1,0,1,1
context_278401.json,structured,13,13,0,1,1
context_278401.json,root_preamble,1,1,0,1,1
context_278441.json,structured,16,16,0,1,1
context_278441.json,root_preamble,1,1,0,1,1
context_27850.json,structured,14,14,0,1,1
context_27850.json,root_preamble,1,1,0,1,1
context_278521.json,unstructured_whole,1,1,0,1,1
context_278529.json,structured,18,18,0,1,1
context_278529.json,root_preamble,1,1,0,1,1
context_278593.json,structured,16,16,0,1,1
context_278593.json,root_preamble,1,1,0,1,1
context_278599.json,structured,5,5,0,1,1
context_278599.json,root_preamble,1,1,0,1,1
context_278692.json,structured,2,2,0,1,1
context_278692.json,root_preamble,1,1,0,1,1
context_278751.json,structured,44,44,0,1,1
context_278751.json,root_preamble,1,1,0,1,1
context_27877.json,structured,8,8,0,1,1
context_27877.json,root_preamble,1,1,0,1,1
context_278794.json,structured,4,4,0,1,1
context_278794.json,root_preamble,1,1,0,1,1
context_27880.json,structured,38,38,0,1,1
context_27880.json,root_preamble,1,1,0,1,1
context_278801.json,structured,3,3,0,1,1
context_278801.json,root_preamble,1,1,0,1,1
context_278847.json,structured,36,36,0,1,1
context_278847.json,root_preamble,1,1,0,1,1
context_278852.json,structured,27,27,0,1,1
context_278852.json,root_preamble,1,1,0,1,1
context_278875.json,structured,49,49,0,1,1
context_278875.json,root_preamble,1,1,0,1,1
context_278880.json,structured,8,8,0,1,1
context_278880.json,root_preamble,1,1,0,1,1
context_278890.json,structured,5,5,0,1,1
context_278890.json,root_preamble,1,1,0,1,1
context_278909.json,structured,50,50,0,1,1
context_278909.json,root_preamble,1,1,0,1,1
context_278944.json,structured,53,53,0,1,1
context_278944.json,root_preamble,1,1,0,1,1
context_27904.json,structured,27,27,0,1,1
context_27904.json,root_preamble,1,1,0,1,1
context_279056.json,structured,42,42,0,1,1
context_279056.json,root_preamble,1,1,0,1,1
context_279098.json,structured,16,16,0,1,1
context_279098.json,root_preamble,1,1,0,1,1
context_279109.json,structured,2,2,0,1,1
context_279109.json,root_preamble,1,1,0,1,1
context_279204.json,structured,5,5,0,1,1
context_279204.json,root_preamble,1,1,0,1,1
context_279226.json,structured,13,13,0,1,1
context_279226.json,root_preamble,1,1,0,1,1
context_279276.json,unstructured_whole,1,1,0,1,1
context_279358.json,structured,5,5,0,1,1
context_279358.json,root_preamble,1,1,0,1,1
context_279373.json,structured,18,18,0,1,1
context_279373.json,root_preamble,1,1,0,1,1
context_279388.json,structured,29,29,0,1,1
context_279388.json,root_preamble,1,1,0,1,1
context_279412.json,unstructured_whole,1,1,0,1,1
context_279443.json,structured,8,8,0,1,1
context_279443.json,root_preamble,1,1,0,1,1
context_279457.json,structured,10,10,0,1,1
context_279457.json,root_preamble,1,1,0,1,1
context_279475.json,structured,86,86,0,1,1
context_279475.json,root_preamble,1,1,0,1,1
context_279492.json,structured,57,57,0,1,1
context_279492.json,root_preamble,1,1,0,1,1
context_279595.json,structured,2,2,0,1,1
context_279595.json,root_preamble,1,1,0,1,1
context_279596.json,unstructured_whole,1,1,0,1,1
context_279608.json,structured,3,3,0,1,1
context_279608.json,root_preamble,1,1,0,1,1
context_279610.json,structured,14,14,0,1,1
context_279610.json,root_preamble,1,1,0,1,1
context_279628.json,structured,15,15,0,1,1
context_279628.json,root_preamble,1,1,0,1,1
context_27964.json,structured,21,21,0,1,1
context_27964.json,root_preamble,1,1,0,1,1
context_279667.json,structured,111,111,0,1,1
context_279667.json,root_preamble,1,1,0,1,1
context_27971.json,structured,21,21,0,1,1
context_27971.json,root_preamble,1,1,0,1,1
context_27980.json,structured,39,39,0,1,1
context_27980.json,root_preamble,1,1,0,1,1
context_279850.json,structured,4,4,0,1,1
context_279850.json,root_preamble,1,1,0,1,1
context_279861.json,structured,26,26,0,1,1
context_279861.json,root_preamble,1,1,0,1,1
context_279913.json,structured,15,15,0,1,1
context_279913.json,root_preamble,1,1,0,1,1
context_279938.json,structured,9,9,0,1,1
context_279938.json,root_preamble,1,1,0,1,1
context_279972.json,structured,11,11,0,1,1
context_279972.json,root_preamble,1,1,0,1,1
context_279981.json,structured,71,71,0,1,1
context_279981.json,root_preamble,1,1,0,1,1
context_280014.json,structured,14,14,0,1,1
context_280014.json,root_preamble,1,1,0,1,1
context_280022.json,structured,7,7,0,1,1
context_280022.json,root_preamble,1,1,0,1,1
context_280033.json,structured,16,16,0,1,1
context_280033.json,root_preamble,1,1,0,1,1
context_280041.json,structured,1,1,0,1,1
context_280041.json,root_preamble,1,1,0,1,1
context_280042.json,structured,28,28,0,1,1
context_280042.json,root_preamble,1,1,0,1,1
context_280049.json,structured,5,5,0,1,1
context_280049.json,root_preamble,1,1,0,1,1
context_280164.json,structured,42,42,0,1,1
context_280164.json,root_preamble,1,1,0,1,1
context_280171.json,structured,1,1,0,1,1
context_280171.json,root_preamble,1,1,0,1,1
context_280179.json,structured,6,6,0,1,1
context_280179.json,root_preamble,1,1,0,1,1
context_280182.json,structured,16,16,0,1,1
context_280182.json,root_preamble,1,1,0,1,1
context_280196.json,structured,3,3,0,1,1
context_280196.json,root_preamble,1,1,0,1,1
context_280203.json,structured,21,21,0,1,1
context_280203.json,root_preamble,1,1,0,1,1
context_280226.json,structured,109,109,0,1,1
context_280226.json,root_preamble,1,1,0,1,1
context_280282.json,structured,41,41,0,1,1
context_280282.json,root_preamble,1,1,0,1,1
context_280284.json,structured,11,11,0,1,1
context_280284.json,root_preamble,1,1,0,1,1
context_280335.json,structured,28,28,0,1,1
context_280335.json,root_preamble,1,1,0,1,1
context_280367.json,structured,46,46,0,1,1
context_280367.json,root_preamble,1,1,0,1,1
context_28041.json,structured,4,4,0,1,1
context_28041.json,root_preamble,1,1,0,1,1
context_280410.json,structured,2,2,0,1,1
context_280410.json,root_preamble,1,1,0,1,1
context_280416.json,structured,12,12,0,1,1
context_280416.json,root_preamble,1,1,0,1,1
context_280430.json,structured,5,5,0,1,1
context_280430.json,root_preamble,1,1,0,1,1
context_280456.json,structured,41,41,0,1,1
context_280456.json,root_preamble,1,1,0,1,1
context_28047.json,structured,2,2,0,1,1
context_28047.json,root_preamble,1,1,0,1,1
context_280485.json,structured,69,69,0,1,1
context_280485.json,root_preamble,1,1,0,1,1
context_28054.json,structured,18,18,0,1,1
context_28054.json,root_preamble,1,1,0,1,1
context_280717.json,structured,28,28,0,1,1
context_280717.json,root_preamble,1,1,0,1,1
context_280764.json,structured,20,20,0,1,1
context_280764.json,root_preamble,1,1,0,1,1
context_280768.json,structured,4,4,0,1,1
context_280768.json,root_preamble,1,1,0,1,1
context_280787.json,structured,8,8,0,1,1
context_280787.json,root_preamble,1,1,0,1,1
context_280796.json,structured,4,4,0,1,1
context_280796.json,root_preamble,1,1,0,1,1
context_280819.json,structured,21,21,0,1,1
context_280819.json,root_preamble,1,1,0,1,1
context_280879.json,structured,40,40,0,1,1
context_280879.json,root_preamble,1,1,0,1,1
context_280907.json,structured,45,45,0,1,1
context_280907.json,root_preamble,1,1,0,1,1
context_280909.json,structured,62,62,0,1,1
context_280909.json,root_preamble,1,1,0,1,1
context_281004.json,structured,8,8,0,1,1
context_281004.json,root_preamble,1,1,0,1,1
context_281013.json,structured,72,72,0,1,1
context_281013.json,root_preamble,1,1,0,1,1
context_281059.json,structured,50,50,0,1,1
context_281059.json,root_preamble,1,1,0,1,1
context_281112.json,structured,15,15,0,1,1
context_281112.json,root_preamble,1,1,0,1,1
context_281150.json,structured,25,25,0,1,1
context_281150.json,root_preamble,1,1,0,1,1
context_281173.json,structured,3,3,0,1,1
context_281173.json,root_preamble,1,1,0,1,1
context_281174.json,structured,15,15,0,1,1
context_281174.json,root_preamble,1,1,0,1,1
context_281204.json,structured,25,25,0,1,1
context_281204.json,root_preamble,1,1,0,1,1
context_281235.json,structured,20,20,0,1,1
context_281235.json,root_preamble,1,1,0,1,1
context_281238.json,structured,117,117,0,1,1
context_281238.json,root_preamble,1,1,0,1,1
context_281247.json,structured,93,93,0,1,1
context_281247.json,root_preamble,1,1,0,1,1
context_281249.json,structured,37,37,0,1,1
context_281249.json,root_preamble,1,1,0,1,1
context_281347.json,structured,4,4,0,1,1
context_281347.json,root_preamble,1,1,0,1,1
context_281376.json,structured,6,6,0,1,1
context_281376.json,root_preamble,1,1,0,1,1
context_281409.json,structured,15,15,0,1,1
context_281409.json,root_preamble,1,1,0,1,1
context_281453.json,structured,19,19,0,1,1
context_281453.json,root_preamble,1,1,0,1,1
context_281469.json,structured,5,5,0,1,1
context_281469.json,root_preamble,1,1,0,1,1
context_281560.json,structured,14,14,0,1,1
context_281560.json,root_preamble,1,1,0,1,1
context_281613.json,structured,32,32,0,1,1
context_281613.json,root_preamble,1,1,0,1,1
context_281703.json,structured,34,34,0,1,1
context_281703.json,root_preamble,1,1,0,1,1
context_281712.json,structured,3,3,0,1,1
context_281712.json,root_preamble,1,1,0,1,1
context_281726.json,structured,14,14,0,1,1
context_281726.json,root_preamble,1,1,0,1,1
context_281758.json,structured,28,28,0,1,1
context_281758.json,root_preamble,1,1,0,1,1
context_281802.json,structured,14,14,0,1,1
context_281802.json,root_preamble,1,1,0,1,1
context_281912.json,structured,7,7,0,1,1
context_281912.json,root_preamble,1,1,0,1,1
context_281930.json,structured,77,77,0,1,1
context_281930.json,root_preamble,1,1,0,1,1
context_281957.json,structured,59,59,0,1,1
context_281957.json,root_preamble,1,1,0,1,1
context_281992.json,structured,7,7,0,1,1
context_281992.json,root_preamble,1,1,0,1,1
context_282052.json,structured,12,12,0,1,1
context_282052.json,root_preamble,1,1,0,1,1
context_282076.json,structured,8,8,0,1,1
context_282076.json,root_preamble,1,1,0,1,1
context_282102.json,structured,9,9,0,1,1
context_282102.json,root_preamble,1,1,0,1,1
context_28213.json,structured,24,24,0,1,1
context_28213.json,root_preamble,1,1,0,1,1
context_282156.json,structured,65,65,0,1,1
context_282156.json,root_preamble,1,1,0,1,1
context_282215.json,structured,47,47,0,1,1
context_282215.json,root_preamble,1,1,0,1,1
context_282223.json,structured,68,68,0,1,1
context_282223.json,root_preamble,1,1,0,1,1
context_282258.json,structured,22,22,0,1,1
context_282258.json,root_preamble,1,1,0,1,1
context_282261.json,structured,6,6,0,1,1
context_282261.json,root_preamble,1,1,0,1,1
context_282278.json,structured,7,7,0,1,1
context_282278.json,root_preamble,1,1,0,1,1
context_282279.json,structured,61,61,0,1,1
context_282279.json,root_preamble,1,1,0,1,1
context_282285.json,structured,5,5,0,1,1
context_282285.json,root_preamble,1,1,0,1,1
context_282293.json,structured,30,30,0,1,1
context_282293.json,root_preamble,1,1,0,1,1
context_282320.json,structured,21,21,0,1,1
context_282320.json,root_preamble,1,1,0,1,1
context_282336.json,structured,27,27,0,1,1
context_282336.json,root_preamble,1,1,0,1,1
context_282380.json,unstructured_whole,1,1,0,1,1
context_282514.json,structured,43,43,0,1,1
context_282514.json,root_preamble,1,1,0,1,1
context_282548.json,structured,27,27,0,1,1
context_282548.json,root_preamble,1,1,0,1,1
context_282579.json,structured,6,6,0,1,1
context_282579.json,root_preamble,1,1,0,1,1
context_282607.json,structured,9,9,0,1,1
context_282607.json,root_preamble,1,1,0,1,1
context_282608.json,structured,6,6,0,1,1
context_282608.json,root_preamble,1,1,0,1,1
context_282629.json,structured,23,23,0,1,1
context_282629.json,root_preamble,1,1,0,1,1
context_282674.json,structured,11,11,0,1,1
context_282674.json,root_preamble,1,1,0,1,1
context_282823.json,structured,35,35,0,1,1
context_282823.json,root_preamble,1,1,0,1,1
context_282836.json,structured,14,14,0,1,1
context_282836.json,root_preamble,1,1,0,1,1
context_282842.json,structured,8,8,0,1,1
context_282842.json,root_preamble,1,1,0,1,1
context_282872.json,unstructured_whole,1,1,0,1,1
context_28288.json,structured,37,37,0,1,1
context_28288.json,root_preamble,1,1,0,1,1
context_282917.json,structured,31,31,0,1,1
context_282917.json,root_preamble,1,1,0,1,1
context_282948.json,structured,35,35,0,1,1
context_282948.json,root_preamble,1,1,0,1,1
context_282952.json,structured,56,56,0,1,1
context_282952.json,root_preamble,1,1,0,1,1
context_283045.json,structured,41,41,0,1,1
context_283045.json,root_preamble,1,1,0,1,1
context_283074.json,structured,75,75,0,1,1
context_283074.json,root_preamble,1,1,0,1,1
context_283095.json,structured,20,20,0,1,1
context_283095.json,root_preamble,1,1,0,1,1
context_283113.json,structured,6,6,0,1,1
context_283113.json,root_preamble,1,1,0,1,1
context_283166.json,structured,9,9,0,1,1
context_283166.json,root_preamble,1,1,0,1,1
context_283175.json,structured,6,6,0,1,1
context_283175.json,root_preamble,1,1,0,1,1
context_283203.json,structured,11,11,0,1,1
context_283203.json,root_preamble,1,1,0,1,1
context_283211.json,structured,26,26,0,1,1
context_283211.json,root_preamble,1,1,0,1,1
context_283212.json,structured,10,10,0,1,1
context_283212.json,root_preamble,1,1,0,1,1
context_283257.json,structured,18,18,0,1,1
context_283257.json,root_preamble,1,1,0,1,1
context_283304.json,structured,8,8,0,1,1
context_283304.json,root_preamble,1,1,0,1,1
context_283316.json,unstructured_whole,1,1,0,1,1
context_283324.json,structured,1,1,0,1,1
context_283324.json,root_preamble,1,1,0,1,1
context_283380.json,structured,33,33,0,1,1
context_283380.json,root_preamble,1,1,0,1,1
context_283384.json,structured,8,8,0,1,1
context_283384.json,root_preamble,1,1,0,1,1
context_28340.json,structured,41,41,0,1,1
context_28340.json,root_preamble,1,1,0,1,1
context_283426.json,structured,41,41,0,1,1
context_283426.json,root_preamble,1,1,0,1,1
context_283435.json,structured,3,3,0,1,1
context_283435.json,root_preamble,1,1,0,1,1
context_283457.json,structured,53,53,0,1,1
context_283457.json,root_preamble,1,1,0,1,1
context_283509.json,unstructured_whole,1,1,0,1,1
context_283590.json,structured,76,76,0,1,1
context_283590.json,root_preamble,1,1,0,1,1
context_283591.json,structured,9,9,0,1,1
context_283591.json,root_preamble,1,1,0,1,1
context_283650.json,structured,23,23,0,1,1
context_283650.json,root_preamble,1,1,0,1,1
context_283663.json,structured,15,15,0,1,1
context_283663.json,root_preamble,1,1,0,1,1
context_283680.json,structured,7,7,0,1,1
context_283680.json,root_preamble,1,1,0,1,1
context_283744.json,structured,10,10,0,1,1
context_283744.json,root_preamble,1,1,0,1,1
context_283751.json,structured,48,48,0,1,1
context_283751.json,root_preamble,1,1,0,1,1
context_283789.json,structured,5,5,0,1,1
context_283789.json,root_preamble,1,1,0,1,1
context_2838.json,structured,5,5,0,1,1
context_2838.json,root_preamble,1,1,0,1,1
context_283857.json,structured,28,28,0,1,1
context_283857.json,root_preamble,1,1,0,1,1
context_283906.json,structured,1,1,0,1,1
context_283906.json,root_preamble,1,1,0,1,1
context_283918.json,structured,50,50,0,1,1
context_283918.json,root_preamble,1,1,0,1,1
context_283938.json,structured,3,3,0,1,1
context_283938.json,root_preamble,1,1,0,1,1
context_283963.json,structured,7,7,0,1,1
context_283963.json,root_preamble,1,1,0,1,1
context_283987.json,structured,32,32,0,1,1
context_283987.json,root_preamble,1,1,0,1,1
context_284005.json,structured,4,4,0,1,1
context_284005.json,root_preamble,1,1,0,1,1
context_284042.json,structured,5,5,0,1,1
context_284042.json,root_preamble,1,1,0,1,1
context_284054.json,structured,14,14,0,1,1
context_284054.json,root_preamble,1,1,0,1,1
context_284092.json,structured,16,16,0,1,1
context_284092.json,root_preamble,1,1,0,1,1
context_284102.json,unstructured_whole,1,1,0,1,1
context_284128.json,structured,16,16,0,1,1
context_284128.json,root_preamble,1,1,0,1,1
context_284140.json,unstructured_whole,1,1,0,1,1
context_284156.json,structured,27,27,0,1,1
context_284156.json,root_preamble,1,1,0,1,1
context_284172.json,structured,18,18,0,1,1
context_284172.json,root_preamble,1,1,0,1,1
context_284178.json,structured,27,27,0,1,1
context_284178.json,root_preamble,1,1,0,1,1
context_284202.json,structured,5,5,0,1,1
context_284202.json,root_preamble,1,1,0,1,1
context_284327.json,structured,21,21,0,1,1
context_284327.json,root_preamble,1,1,0,1,1
context_284333.json,structured,4,4,0,1,1
context_284333.json,root_preamble,1,1,0,1,1
context_284334.json,structured,3,3,0,1,1
context_284334.json,root_preamble,1,1,0,1,1
context_28436.json,structured,5,5,0,1,1
context_28436.json,root_preamble,1,1,0,1,1
context_284475.json,structured,9,9,0,1,1
context_284475.json,root_preamble,1,1,0,1,1
context_284532.json,structured,10,10,0,1,1
context_284532.json,root_preamble,1,1,0,1,1
context_284539.json,structured,5,5,0,1,1
context_284539.json,root_preamble,1,1,0,1,1
context_284601.json,structured,20,20,0,1,1
context_284601.json,root_preamble,1,1,0,1,1
context_28464.json,unstructured_whole,1,1,0,1,1
context_284657.json,structured,16,16,0,1,1
context_284657.json,root_preamble,1,1,0,1,1
context_284664.json,structured,98,98,0,1,1
context_284664.json,root_preamble,1,1,0,1,1
context_284674.json,unstructured_whole,1,1,0,1,1
context_284685.json,structured,23,23,0,1,1
context_284685.json,root_preamble,1,1,0,1,1
context_284691.json,structured,12,12,0,1,1
context_284691.json,root_preamble,1,1,0,1,1
context_284732.json,structured,2,2,0,1,1
context_284732.json,root_preamble,1,1,0,1,1
context_284733.json,structured,38,38,0,1,1
context_284733.json,root_preamble,1,1,0,1,1
context_284782.json,structured,20,20,0,1,1
context_284782.json,root_preamble,1,1,0,1,1
context_284793.json,structured,6,6,0,1,1
context_284793.json,root_preamble,1,1,0,1,1
context_284811.json,structured,24,24,0,1,1
context_284811.json,root_preamble,1,1,0,1,1
context_284829.json,structured,26,26,0,1,1
context_284829.json,root_preamble,1,1,0,1,1
context_284854.json,structured,4,4,0,1,1
context_284854.json,root_preamble,1,1,0,1,1
context_284856.json,structured,5,5,0,1,1
context_284856.json,root_preamble,1,1,0,1,1
context_284882.json,structured,7,7,0,1,1
context_284882.json,root_preamble,1,1,0,1,1
context_284889.json,structured,26,26,0,1,1
context_284889.json,root_preamble,1,1,0,1,1
context_284927.json,structured,2,2,0,1,1
context_284927.json,root_preamble,1,1,0,1,1
context_284972.json,structured,2,2,0,1,1
context_284972.json,root_preamble,1,1,0,1,1
context_284988.json,structured,31,31,0,1,1
context_284988.json,root_preamble,1,1,0,1,1
context_284995.json,structured,100,100,0,1,1
context_284995.json,root_preamble,1,1,0,1,1
context_285016.json,structured,5,5,0,1,1
context_285016.json,root_preamble,1,1,0,1,1
context_285024.json,structured,16,16,0,1,1
context_285024.json,root_preamble,1,1,0,1,1
context_285033.json,structured,4,4,0,1,1
context_285033.json,root_preamble,1,1,0,1,1
context_285041.json,structured,130,130,0,1,1
context_285041.json,root_preamble,1,1,0,1,1
context_285048.json,structured,34,34,0,1,1
context_285048.json,root_preamble,1,1,0,1,1
context_285107.json,structured,8,8,0,1,1
context_285107.json,root_preamble,1,1,0,1,1
context_285136.json,structured,20,20,0,1,1
context_285136.json,root_preamble,1,1,0,1,1
context_285216.json,structured,5,5,0,1,1
context_285216.json,root_preamble,1,1,0,1,1
context_285246.json,structured,44,44,0,1,1
context_285246.json,root_preamble,1,1,0,1,1
context_285285.json,structured,6,6,0,1,1
context_285285.json,root_preamble,1,1,0,1,1
context_285315.json,structured,4,4,0,1,1
context_285315.json,root_preamble,1,1,0,1,1
context_285367.json,structured,6,6,0,1,1
context_285367.json,root_preamble,1,1,0,1,1
context_285369.json,structured,35,35,0,1,1
context_285369.json,root_preamble,1,1,0,1,1
context_285375.json,structured,13,13,0,1,1
context_285375.json,root_preamble,1,1,0,1,1
context_28544.json,structured,9,9,0,1,1
context_28544.json,root_preamble,1,1,0,1,1
context_285452.json,structured,6,6,0,1,1
context_285452.json,root_preamble,1,1,0,1,1
context_285454.json,structured,2,2,0,1,1
context_285454.json,root_preamble,1,1,0,1,1
context_285460.json,structured,13,13,0,1,1
context_285460.json,root_preamble,1,1,0,1,1
context_285475.json,structured,50,50,0,1,1
context_285475.json,root_preamble,1,1,0,1,1
context_285490.json,structured,18,18,0,1,1
context_285490.json,root_preamble,1,1,0,1,1
context_285503.json,unstructured_whole,1,1,0,1,1
context_285504.json,structured,9,9,0,1,1
context_285504.json,root_preamble,1,1,0,1,1
context_285558.json,unstructured_whole,1,1,0,1,1
context_285576.json,structured,6,6,0,1,1
context_285576.json,root_preamble,1,1,0,1,1
context_285622.json,structured,5,5,0,1,1
context_285622.json,root_preamble,1,1,0,1,1
context_285636.json,structured,58,58,0,1,1
context_285636.json,root_preamble,1,1,0,1,1
context_285728.json,structured,18,18,0,1,1
context_285728.json,root_preamble,1,1,0,1,1
context_285734.json,structured,14,14,0,1,1
context_285734.json,root_preamble,1,1,0,1,1
context_285741.json,structured,19,19,0,1,1
context_285741.json,root_preamble,1,1,0,1,1
context_285760.json,structured,8,8,0,1,1
context_285760.json,root_preamble,1,1,0,1,1
context_285773.json,structured,7,7,0,1,1
context_285773.json,root_preamble,1,1,0,1,1
context_28580.json,unstructured_whole,1,1,0,1,1
context_28583.json,structured,7,7,0,1,1
context_28583.json,root_preamble,1,1,0,1,1
context_285895.json,structured,9,9,0,1,1
context_285895.json,root_preamble,1,1,0,1,1
context_285980.json,structured,10,10,0,1,1
context_285980.json,root_preamble,1,1,0,1,1
context_285984.json,structured,19,19,0,1,1
context_285984.json,root_preamble,1,1,0,1,1
context_285986.json,unstructured_whole,1,1,0,1,1
context_285994.json,structured,20,20,0,1,1
context_285994.json,root_preamble,1,1,0,1,1
context_286014.json,structured,3,3,0,1,1
context_286014.json,root_preamble,1,1,0,1,1
context_286060.json,structured,8,8,0,1,1
context_286060.json,root_preamble,1,1,0,1,1
context_286106.json,structured,5,5,0,1,1
context_286106.json,root_preamble,1,1,0,1,1
context_286146.json,structured,15,15,0,1,1
context_286146.json,root_preamble,1,1,0,1,1
context_2862.json,structured,5,5,0,1,1
context_2862.json,root_preamble,1,1,0,1,1
context_286303.json,structured,13,13,0,1,1
context_286303.json,root_preamble,1,1,0,1,1
context_28635.json,structured,32,32,0,1,1
context_28635.json,root_preamble,1,1,0,1,1
context_28636.json,structured,11,11,0,1,1
context_28636.json,root_preamble,1,1,0,1,1
context_286362.json,structured,48,48,0,1,1
context_286362.json,root_preamble,1,1,0,1,1
context_286384.json,structured,89,89,0,1,1
context_286384.json,root_preamble,1,1,0,1,1
context_286417.json,structured,3,3,0,1,1
context_286417.json,root_preamble,1,1,0,1,1
context_286506.json,structured,5,5,0,1,1
context_286506.json,root_preamble,1,1,0,1,1
context_286507.json,structured,2,2,0,1,1
context_286507.json,root_preamble,1,1,0,1,1
context_286534.json,structured,4,4,0,1,1
context_286534.json,root_preamble,1,1,0,1,1
context_286539.json,structured,10,10,0,1,1
context_286539.json,root_preamble,1,1,0,1,1
context_28654.json,structured,2,2,0,1,1
context_28654.json,root_preamble,1,1,0,1,1
context_286540.json,structured,37,37,0,1,1
context_286540.json,root_preamble,1,1,0,1,1
context_286575.json,structured,28,28,0,1,1
context_286575.json,root_preamble,1,1,0,1,1
context_286624.json,structured,39,39,0,1,1
context_286624.json,root_preamble,1,1,0,1,1
context_28671.json,structured,3,3,0,1,1
context_28671.json,root_preamble,1,1,0,1,1
context_286710.json,structured,45,45,0,1,1
context_286710.json,root_preamble,1,1,0,1,1
context_286745.json,structured,30,30,0,1,1
context_286745.json,root_preamble,1,1,0,1,1
context_28679.json,structured,7,7,0,1,1
context_28679.json,root_preamble,1,1,0,1,1
context_28683.json,structured,4,4,0,1,1
context_28683.json,root_preamble,1,1,0,1,1
context_286836.json,structured,9,9,0,1,1
context_286836.json,root_preamble,1,1,0,1,1
context_286857.json,structured,8,8,0,1,1
context_286857.json,root_preamble,1,1,0,1,1
context_286872.json,structured,35,35,0,1,1
context_286872.json,root_preamble,1,1,0,1,1
context_28688.json,structured,5,5,0,1,1
context_28688.json,root_preamble,1,1,0,1,1
context_286885.json,structured,14,14,0,1,1
context_286885.json,root_preamble,1,1,0,1,1
context_286917.json,structured,3,3,0,1,1
context_286917.json,root_preamble,1,1,0,1,1
context_286921.json,structured,6,6,0,1,1
context_286921.json,root_preamble,1,1,0,1,1
context_286936.json,structured,23,23,0,1,1
context_286936.json,root_preamble,1,1,0,1,1
context_286958.json,structured,16,16,0,1,1
context_286958.json,root_preamble,1,1,0,1,1
context_286963.json,structured,34,34,0,1,1
context_286963.json,root_preamble,1,1,0,1,1
context_287006.json,unstructured_whole,1,1,0,1,1
context_287045.json,structured,75,75,0,1,1
context_287045.json,root_preamble,1,1,0,1,1
context_28706.json,structured,8,8,0,1,1
context_28706.json,root_preamble,1,1,0,1,1
context_287116.json,structured,35,35,0,1,1
context_287116.json,root_preamble,1,1,0,1,1
context_287120.json,structured,4,4,0,1,1
context_287120.json,root_preamble,1,1,0,1,1
context_287151.json,structured,30,30,0,1,1
context_287151.json,root_preamble,1,1,0,1,1
context_28722.json,structured,19,19,0,1,1
context_28722.json,root_preamble,1,1,0,1,1
context_287243.json,structured,45,45,0,1,1
context_287243.json,root_preamble,1,1,0,1,1
context_287259.json,structured,37,37,0,1,1
context_287259.json,root_preamble,1,1,0,1,1
context_287282.json,unstructured_whole,1,1,0,1,1
context_287381.json,structured,26,26,0,1,1
context_287381.json,root_preamble,1,1,0,1,1
context_287437.json,structured,7,7,0,1,1
context_287437.json,root_preamble,1,1,0,1,1
context_287466.json,structured,55,55,0,1,1
context_287466.json,root_preamble,1,1,0,1,1
context_28752.json,structured,22,22,0,1,1
context_28752.json,root_preamble,1,1,0,1,1
context_287549.json,structured,13,13,0,1,1
context_287549.json,root_preamble,1,1,0,1,1
context_287560.json,structured,105,105,0,1,1
context_287560.json,root_preamble,1,1,0,1,1
context_28758.json,unstructured_whole,1,1,0,1,1
context_287587.json,structured,1,1,0,1,1
context_287587.json,root_preamble,1,1,0,1,1
context_287601.json,structured,13,13,0,1,1
context_287601.json,root_preamble,1,1,0,1,1
context_287605.json,structured,6,6,0,1,1
context_287605.json,root_preamble,1,1,0,1,1
context_287703.json,structured,7,7,0,1,1
context_287703.json,root_preamble,1,1,0,1,1
context_287753.json,unstructured_whole,1,1,0,1,1
context_287780.json,structured,6,6,0,1,1
context_287780.json,root_preamble,1,1,0,1,1
context_287787.json,structured,48,48,0,1,1
context_287787.json,root_preamble,1,1,0,1,1
context_287897.json,structured,32,32,0,1,1
context_287897.json,root_preamble,1,1,0,1,1
context_287946.json,structured,34,34,0,1,1
context_287946.json,root_preamble,1,1,0,1,1
context_288036.json,structured,21,21,0,1,1
context_288036.json,root_preamble,1,1,0,1,1
context_288060.json,structured,1,1,0,1,1
context_288060.json,root_preamble,1,1,0,1,1
context_288065.json,structured,56,56,0,1,1
context_288065.json,root_preamble,1,1,0,1,1
context_288086.json,structured,5,5,0,1,1
context_288086.json,root_preamble,1,1,0,1,1
context_288109.json,structured,195,195,0,1,1
context_288109.json,root_preamble,1,1,0,1,1
context_288236.json,structured,26,26,0,1,1
context_288236.json,root_preamble,1,1,0,1,1
context_288241.json,structured,5,5,0,1,1
context_288241.json,root_preamble,1,1,0,1,1
context_288267.json,structured,1,1,0,1,1
context_288267.json,root_preamble,1,1,0,1,1
context_28830.json,structured,29,29,0,1,1
context_28830.json,root_preamble,1,1,0,1,1
context_288307.json,structured,14,14,0,1,1
context_288307.json,root_preamble,1,1,0,1,1
context_288360.json,structured,11,11,0,1,1
context_288360.json,root_preamble,1,1,0,1,1
context_288364.json,structured,5,5,0,1,1
context_288364.json,root_preamble,1,1,0,1,1
context_288406.json,structured,24,24,0,1,1
context_288406.json,root_preamble,1,1,0,1,1
context_288415.json,structured,24,24,0,1,1
context_288415.json,root_preamble,1,1,0,1,1
context_288426.json,structured,11,11,0,1,1
context_288426.json,root_preamble,1,1,0,1,1
context_288451.json,structured,9,9,0,1,1
context_288451.json,root_preamble,1,1,0,1,1
context_288452.json,unstructured_whole,1,1,0,1,1
context_288490.json,structured,8,8,0,1,1
context_288490.json,root_preamble,1,1,0,1,1
context_288520.json,structured,13,13,0,1,1
context_288520.json,root_preamble,1,1,0,1,1
context_288545.json,structured,7,7,0,1,1
context_288545.json,root_preamble,1,1,0,1,1
context_288584.json,unstructured_whole,1,1,0,1,1
context_288591.json,structured,5,5,0,1,1
context_288591.json,root_preamble,1,1,0,1,1
context_288597.json,structured,9,9,0,1,1
context_288597.json,root_preamble,1,1,0,1,1
context_288611.json,structured,42,42,0,1,1
context_288611.json,root_preamble,1,1,0,1,1
context_288700.json,structured,14,14,0,1,1
context_288700.json,root_preamble,1,1,0,1,1
context_288736.json,structured,87,87,0,1,1
context_288736.json,root_preamble,1,1,0,1,1
context_288811.json,structured,33,33,0,1,1
context_288811.json,root_preamble,1,1,0,1,1
context_288827.json,unstructured_whole,1,1,0,1,1
context_288833.json,structured,1,1,0,1,1
context_288833.json,root_preamble,1,1,0,1,1
context_288898.json,structured,30,30,0,1,1
context_288898.json,root_preamble,1,1,0,1,1
context_288902.json,structured,35,35,0,1,1
context_288902.json,root_preamble,1,1,0,1,1
context_288960.json,structured,2,2,0,1,1
context_288960.json,root_preamble,1,1,0,1,1
context_288980.json,structured,5,5,0,1,1
context_288980.json,root_preamble,1,1,0,1,1
context_289017.json,structured,27,27,0,1,1
context_289017.json,root_preamble,1,1,0,1,1
context_289103.json,structured,16,16,0,1,1
context_289103.json,root_preamble,1,1,0,1,1
context_289217.json,structured,24,24,0,1,1
context_289217.json,root_preamble,1,1,0,1,1
context_289228.json,structured,15,15,0,1,1
context_289228.json,root_preamble,1,1,0,1,1
context_289264.json,unstructured_whole,1,1,0,1,1
context_289312.json,structured,3,3,0,1,1
context_289312.json,root_preamble,1,1,0,1,1
context_289326.json,structured,17,17,0,1,1
context_289326.json,root_preamble,1,1,0,1,1
context_289349.json,structured,24,24,0,1,1
context_289349.json,root_preamble,1,1,0,1,1
context_28935.json,structured,55,55,0,1,1
context_28935.json,root_preamble,1,1,0,1,1
context_289353.json,structured,11,11,0,1,1
context_289353.json,root_preamble,1,1,0,1,1
context_289354.json,structured,48,48,0,1,1
context_289354.json,root_preamble,1,1,0,1,1
context_289397.json,structured,25,25,0,1,1
context_289397.json,root_preamble,1,1,0,1,1
context_2894.json,structured,22,22,0,1,1
context_2894.json,root_preamble,1,1,0,1,1
context_28941.json,structured,13,13,0,1,1
context_28941.json,root_preamble,1,1,0,1,1
context_289457.json,structured,6,6,0,1,1
context_289457.json,root_preamble,1,1,0,1,1
context_289519.json,structured,7,7,0,1,1
context_289519.json,root_preamble,1,1,0,1,1
context_289546.json,structured,36,36,0,1,1
context_289546.json,root_preamble,1,1,0,1,1
context_289548.json,structured,61,61,0,1,1
context_289548.json,root_preamble,1,1,0,1,1
context_289560.json,structured,21,21,0,1,1
context_289560.json,root_preamble,1,1,0,1,1
context_289575.json,structured,5,5,0,1,1
context_289575.json,root_preamble,1,1,0,1,1
context_289580.json,structured,32,32,0,1,1
context_289580.json,root_preamble,1,1,0,1,1
context_289619.json,structured,10,10,0,1,1
context_289619.json,root_preamble,1,1,0,1,1
context_289621.json,structured,4,4,0,1,1
context_289621.json,root_preamble,1,1,0,1,1
context_289664.json,structured,7,7,0,1,1
context_289664.json,root_preamble,1,1,0,1,1
context_289701.json,structured,5,5,0,1,1
context_289701.json,root_preamble,1,1,0,1,1
context_289726.json,structured,10,10,0,1,1
context_289726.json,root_preamble,1,1,0,1,1
context_289738.json,structured,10,10,0,1,1
context_289738.json,root_preamble,1,1,0,1,1
context_289767.json,structured,4,4,0,1,1
context_289767.json,root_preamble,1,1,0,1,1
context_289792.json,structured,18,18,0,1,1
context_289792.json,root_preamble,1,1,0,1,1
context_289842.json,structured,39,39,0,1,1
context_289842.json,root_preamble,1,1,0,1,1
context_289848.json,structured,11,11,0,1,1
context_289848.json,root_preamble,1,1,0,1,1
context_289932.json,structured,1,1,0,1,1
context_289932.json,root_preamble,1,1,0,1,1
context_289957.json,structured,26,26,0,1,1
context_289957.json,root_preamble,1,1,0,1,1
context_290002.json,structured,5,5,0,1,1
context_290002.json,root_preamble,1,1,0,1,1
context_290074.json,structured,23,23,0,1,1
context_290074.json,root_preamble,1,1,0,1,1
context_290077.json,structured,16,16,0,1,1
context_290077.json,root_preamble,1,1,0,1,1
context_290149.json,structured,72,72,0,1,1
context_290149.json,root_preamble,1,1,0,1,1
context_290167.json,structured,37,37,0,1,1
context_290167.json,root_preamble,1,1,0,1,1
context_290221.json,structured,13,13,0,1,1
context_290221.json,root_preamble,1,1,0,1,1
context_290294.json,structured,25,25,0,1,1
context_290294.json,root_preamble,1,1,0,1,1
context_290329.json,structured,23,23,0,1,1
context_290329.json,root_preamble,1,1,0,1,1
context_290354.json,structured,4,4,0,1,1
context_290354.json,root_preamble,1,1,0,1,1
context_290366.json,structured,21,21,0,1,1
context_290366.json,root_preamble,1,1,0,1,1
context_29039.json,structured,2,2,0,1,1
context_29039.json,root_preamble,1,1,0,1,1
context_290394.json,structured,12,12,0,1,1
context_290394.json,root_preamble,1,1,0,1,1
context_290432.json,structured,18,18,0,1,1
context_290432.json,root_preamble,1,1,0,1,1
context_290457.json,structured,4,4,0,1,1
context_290457.json,root_preamble,1,1,0,1,1
context_290469.json,structured,1,1,0,1,1
context_290469.json,root_preamble,1,1,0,1,1
context_290514.json,structured,22,22,0,1,1
context_290514.json,root_preamble,1,1,0,1,1
context_29054.json,structured,4,4,0,1,1
context_29054.json,root_preamble,1,1,0,1,1
context_290546.json,unstructured_whole,1,1,0,1,1
context_290592.json,structured,48,48,0,1,1
context_290592.json,root_preamble,1,1,0,1,1
context_290610.json,structured,39,39,0,1,1
context_290610.json,root_preamble,1,1,0,1,1
context_290673.json,structured,14,14,0,1,1
context_290673.json,root_preamble,1,1,0,1,1
context_290723.json,structured,7,7,0,1,1
context_290723.json,root_preamble,1,1,0,1,1
context_290774.json,structured,10,10,0,1,1
context_290774.json,root_preamble,1,1,0,1,1
context_29078.json,structured,5,5,0,1,1
context_29078.json,root_preamble,1,1,0,1,1
context_290911.json,structured,22,22,0,1,1
context_290911.json,root_preamble,1,1,0,1,1
context_290938.json,structured,33,33,0,1,1
context_290938.json,root_preamble,1,1,0,1,1
context_290952.json,unstructured_whole,1,1,0,1,1
context_290988.json,structured,127,127,0,1,1
context_290988.json,root_preamble,1,1,0,1,1
context_290989.json,structured,49,49,0,1,1
context_290989.json,root_preamble,1,1,0,1,1
context_29103.json,structured,26,26,0,1,1
context_29103.json,root_preamble,1,1,0,1,1
context_291053.json,structured,15,15,0,1,1
context_291053.json,root_preamble,1,1,0,1,1
context_291066.json,structured,4,4,0,1,1
context_291066.json,root_preamble,1,1,0,1,1
context_291140.json,structured,28,28,0,1,1
context_291140.json,root_preamble,1,1,0,1,1
context_291144.json,structured,29,29,0,1,1
context_291144.json,root_preamble,1,1,0,1,1
context_291209.json,structured,8,8,0,1,1
context_291209.json,root_preamble,1,1,0,1,1
context_291212.json,structured,14,14,0,1,1
context_291212.json,root_preamble,1,1,0,1,1
context_291217.json,structured,9,9,0,1,1
context_291217.json,root_preamble,1,1,0,1,1
context_291272.json,structured,2,2,0,1,1
context_291272.json,root_preamble,1,1,0,1,1
context_291283.json,structured,44,44,0,1,1
context_291283.json,root_preamble,1,1,0,1,1
context_291335.json,structured,7,7,0,1,1
context_291335.json,root_preamble,1,1,0,1,1
context_291393.json,structured,8,8,0,1,1
context_291393.json,root_preamble,1,1,0,1,1
context_291407.json,structured,3,3,0,1,1
context_291407.json,root_preamble,1,1,0,1,1
context_29142.json,unstructured_whole,1,1,0,1,1
context_291449.json,structured,4,4,0,1,1
context_291449.json,root_preamble,1,1,0,1,1
context_291479.json,structured,2,2,0,1,1
context_291479.json,root_preamble,1,1,0,1,1
context_291497.json,structured,9,9,0,1,1
context_291497.json,root_preamble,1,1,0,1,1
context_291541.json,structured,19,19,0,1,1
context_291541.json,root_preamble,1,1,0,1,1
context_291564.json,structured,38,38,0,1,1
context_291564.json,root_preamble,1,1,0,1,1
context_291608.json,structured,14,14,0,1,1
context_291608.json,root_preamble,1,1,0,1,1
context_291662.json,structured,42,42,0,1,1
context_291662.json,root_preamble,1,1,0,1,1
context_291676.json,structured,7,7,0,1,1
context_291676.json,root_preamble,1,1,0,1,1
context_291733.json,structured,14,14,0,1,1
context_291733.json,root_preamble,1,1,0,1,1
context_291748.json,structured,12,12,0,1,1
context_291748.json,root_preamble,1,1,0,1,1
context_291767.json,structured,3,3,0,1,1
context_291767.json,root_preamble,1,1,0,1,1
context_291769.json,structured,3,3,0,1,1
context_291769.json,root_preamble,1,1,0,1,1
context_291854.json,structured,29,29,0,1,1
context_291854.json,root_preamble,1,1,0,1,1
context_292043.json,structured,55,55,0,1,1
context_292043.json,root_preamble,1,1,0,1,1
context_292078.json,structured,29,29,0,1,1
context_292078.json,root_preamble,1,1,0,1,1
context_292141.json,structured,23,23,0,1,1
context_292141.json,root_preamble,1,1,0,1,1
context_292190.json,structured,24,24,0,1,1
context_292190.json,root_preamble,1,1,0,1,1
context_292336.json,structured,19,19,0,1,1
context_292336.json,root_preamble,1,1,0,1,1
context_292385.json,structured,9,9,0,1,1
context_292385.json,root_preamble,1,1,0,1,1
context_292418.json,unstructured_whole,1,1,0,1,1
context_292468.json,structured,4,4,0,1,1
context_292468.json,root_preamble,1,1,0,1,1
context_292497.json,unstructured_whole,1,1,0,1,1
context_292549.json,structured,9,9,0,1,1
context_292549.json,root_preamble,1,1,0,1,1
context_292600.json,structured,12,12,0,1,1
context_292600.json,root_preamble,1,1,0,1,1
context_292602.json,structured,19,19,0,1,1
context_292602.json,root_preamble,1,1,0,1,1
context_29261.json,structured,128,128,0,1,1
context_29261.json,root_preamble,1,1,0,1,1
context_292631.json,structured,123,123,0,1,1
context_292631.json,root_preamble,1,1,0,1,1
context_292688.json,structured,37,37,0,1,1
context_292688.json,root_preamble,1,1,0,1,1
context_29269.json,structured,26,26,0,1,1
context_29269.json,root_preamble,1,1,0,1,1
context_292700.json,structured,19,19,0,1,1
context_292700.json,root_preamble,1,1,0,1,1
context_292706.json,structured,5,5,0,1,1
context_292706.json,root_preamble,1,1,0,1,1
context_292745.json,structured,16,16,0,1,1
context_292745.json,root_preamble,1,1,0,1,1
context_292761.json,structured,37,37,0,1,1
context_292761.json,root_preamble,1,1,0,1,1
context_29277.json,structured,20,20,0,1,1
context_29277.json,root_preamble,1,1,0,1,1
context_292772.json,structured,19,19,0,1,1
context_292772.json,root_preamble,1,1,0,1,1
context_292790.json,structured,32,32,0,1,1
context_292790.json,root_preamble,1,1,0,1,1
context_292794.json,structured,40,40,0,1,1
context_292794.json,root_preamble,1,1,0,1,1
context_292831.json,structured,24,24,0,1,1
context_292831.json,root_preamble,1,1,0,1,1
context_292842.json,structured,40,40,0,1,1
context_292842.json,root_preamble,1,1,0,1,1
context_292870.json,structured,10,10,0,1,1
context_292870.json,root_preamble,1,1,0,1,1
context_292871.json,structured,9,9,0,1,1
context_292871.json,root_preamble,1,1,0,1,1
context_292875.json,structured,17,17,0,1,1
context_292875.json,root_preamble,1,1,0,1,1
context_292897.json,structured,5,5,0,1,1
context_292897.json,root_preamble,1,1,0,1,1
context_292920.json,structured,3,3,0,1,1
context_292920.json,root_preamble,1,1,0,1,1
context_292923.json,structured,36,36,0,1,1
context_292923.json,root_preamble,1,1,0,1,1
context_292949.json,structured,24,24,0,1,1
context_292949.json,root_preamble,1,1,0,1,1
context_293021.json,structured,3,3,0,1,1
context_293021.json,root_preamble,1,1,0,1,1
context_293039.json,structured,21,21,0,1,1
context_293039.json,root_preamble,1,1,0,1,1
context_293073.json,structured,16,16,0,1,1
context_293073.json,root_preamble,1,1,0,1,1
context_29308.json,unstructured_whole,1,1,0,1,1
context_293084.json,structured,59,59,0,1,1
context_293084.json,root_preamble,1,1,0,1,1
context_293093.json,structured,4,4,0,1,1
context_293093.json,root_preamble,1,1,0,1,1
context_293243.json,structured,33,33,0,1,1
context_293243.json,root_preamble,1,1,0,1,1
context_293244.json,structured,49,49,0,1,1
context_293244.json,root_preamble,1,1,0,1,1
context_293254.json,structured,60,60,0,1,1
context_293254.json,root_preamble,1,1,0,1,1
context_293261.json,structured,29,29,0,1,1
context_293261.json,root_preamble,1,1,0,1,1
context_293289.json,structured,54,54,0,1,1
context_293289.json,root_preamble,1,1,0,1,1
context_2933.json,structured,6,6,0,1,1
context_2933.json,root_preamble,1,1,0,1,1
context_293326.json,structured,11,11,0,1,1
context_293326.json,root_preamble,1,1,0,1,1
context_293400.json,structured,2,2,0,1,1
context_293400.json,root_preamble,1,1,0,1,1
context_293433.json,structured,7,7,0,1,1
context_293433.json,root_preamble,1,1,0,1,1
context_293518.json,structured,31,31,0,1,1
context_293518.json,root_preamble,1,1,0,1,1
context_293530.json,structured,29,29,0,1,1
context_293530.json,root_preamble,1,1,0,1,1
context_293533.json,structured,6,6,0,1,1
context_293533.json,root_preamble,1,1,0,1,1
context_293590.json,structured,2,2,0,1,1
context_293590.json,root_preamble,1,1,0,1,1
context_293593.json,structured,90,90,0,1,1
context_293593.json,root_preamble,1,1,0,1,1
context_293594.json,structured,23,23,0,1,1
context_293594.json,root_preamble,1,1,0,1,1
context_293601.json,structured,26,26,0,1,1
context_293601.json,root_preamble,1,1,0,1,1
context_293696.json,structured,33,33,0,1,1
context_293696.json,root_preamble,1,1,0,1,1
context_293705.json,structured,101,101,0,1,1
context_293705.json,root_preamble,1,1,0,1,1
context_293727.json,structured,51,51,0,1,1
context_293727.json,root_preamble,1,1,0,1,1
context_293728.json,structured,15,15,0,1,1
context_293728.json,root_preamble,1,1,0,1,1
context_293737.json,structured,2,2,0,1,1
context_293737.json,root_preamble,1,1,0,1,1
context_293760.json,structured,28,28,0,1,1
context_293760.json,root_preamble,1,1,0,1,1
context_293761.json,structured,9,9,0,1,1
context_293761.json,root_preamble,1,1,0,1,1
context_293796.json,structured,9,9,0,1,1
context_293796.json,root_preamble,1,1,0,1,1
context_293874.json,structured,40,40,0,1,1
context_293874.json,root_preamble,1,1,0,1,1
context_293879.json,structured,37,37,0,1,1
context_293879.json,root_preamble,1,1,0,1,1
context_293882.json,structured,8,8,0,1,1
context_293882.json,root_preamble,1,1,0,1,1
context_2939.json,unstructured_whole,1,1,0,1,1
context_293912.json,structured,7,7,0,1,1
context_293912.json,root_preamble,1,1,0,1,1
context_29394.json,structured,28,28,0,1,1
context_29394.json,root_preamble,1,1,0,1,1
context_293957.json,structured,68,68,0,1,1
context_293957.json,root_preamble,1,1,0,1,1
context_293986.json,unstructured_whole,1,1,0,1,1
context_294033.json,structured,12,12,0,1,1
context_294033.json,root_preamble,1,1,0,1,1
context_294072.json,structured,18,18,0,1,1
context_294072.json,root_preamble,1,1,0,1,1
context_294074.json,structured,22,22,0,1,1
context_294074.json,root_preamble,1,1,0,1,1
context_294093.json,structured,15,15,0,1,1
context_294093.json,root_preamble,1,1,0,1,1
context_294120.json,structured,10,10,0,1,1
context_294120.json,root_preamble,1,1,0,1,1
context_294152.json,structured,90,90,0,1,1
context_294152.json,root_preamble,1,1,0,1,1
context_294171.json,structured,16,16,0,1,1
context_294171.json,root_preamble,1,1,0,1,1
context_294187.json,structured,27,27,0,1,1
context_294187.json,root_preamble,1,1,0,1,1
context_294191.json,structured,10,10,0,1,1
context_294191.json,root_preamble,1,1,0,1,1
context_294201.json,structured,2,2,0,1,1
context_294201.json,root_preamble,1,1,0,1,1
context_294241.json,structured,51,51,0,1,1
context_294241.json,root_preamble,1,1,0,1,1
context_294255.json,unstructured_whole,1,1,0,1,1
context_294260.json,structured,55,55,0,1,1
context_294260.json,root_preamble,1,1,0,1,1
context_294294.json,structured,13,13,0,1,1
context_294294.json,root_preamble,1,1,0,1,1
context_2943.json,structured,10,10,0,1,1
context_2943.json,root_preamble,1,1,0,1,1
context_294307.json,structured,4,4,0,1,1
context_294307.json,root_preamble,1,1,0,1,1
context_294380.json,structured,18,18,0,1,1
context_294380.json,root_preamble,1,1,0,1,1
context_294382.json,structured,22,22,0,1,1
context_294382.json,root_preamble,1,1,0,1,1
context_294399.json,structured,18,18,0,1,1
context_294399.json,root_preamble,1,1,0,1,1
context_294463.json,structured,38,38,0,1,1
context_294463.json,root_preamble,1,1,0,1,1
context_294481.json,structured,22,22,0,1,1
context_294481.json,root_preamble,1,1,0,1,1
context_294490.json,structured,22,22,0,1,1
context_294490.json,root_preamble,1,1,0,1,1
context_294517.json,structured,3,3,0,1,1
context_294517.json,root_preamble,1,1,0,1,1
context_294628.json,structured,10,10,0,1,1
context_294628.json,root_preamble,1,1,0,1,1
context_294726.json,structured,10,10,0,1,1
context_294726.json,root_preamble,1,1,0,1,1
context_294757.json,structured,8,8,0,1,1
context_294757.json,root_preamble,1,1,0,1,1
context_294760.json,structured,10,10,0,1,1
context_294760.json,root_preamble,1,1,0,1,1
context_294796.json,structured,4,4,0,1,1
context_294796.json,root_preamble,1,1,0,1,1
context_2948.json,structured,14,14,0,1,1
context_2948.json,root_preamble,1,1,0,1,1
context_294817.json,unstructured_whole,1,1,0,1,1
context_294820.json,structured,12,12,0,1,1
context_294820.json,root_preamble,1,1,0,1,1
context_294824.json,structured,27,27,0,1,1
context_294824.json,root_preamble,1,1,0,1,1
context_294885.json,structured,27,27,0,1,1
context_294885.json,root_preamble,1,1,0,1,1
context_294910.json,structured,5,5,0,1,1
context_294910.json,root_preamble,1,1,0,1,1
context_29501.json,structured,5,5,0,1,1
context_29501.json,root_preamble,1,1,0,1,1
context_295041.json,structured,45,45,0,1,1
context_295041.json,root_preamble,1,1,0,1,1
context_295057.json,structured,41,41,0,1,1
context_295057.json,root_preamble,1,1,0,1,1
context_295059.json,structured,16,16,0,1,1
context_295059.json,root_preamble,1,1,0,1,1
context_295123.json,structured,8,8,0,1,1
context_295123.json,root_preamble,1,1,0,1,1
context_29513.json,structured,5,5,0,1,1
context_29513.json,root_preamble,1,1,0,1,1
context_295151.json,structured,39,39,0,1,1
context_295151.json,root_preamble,1,1,0,1,1
context_295156.json,structured,15,15,0,1,1
context_295156.json,root_preamble,1,1,0,1,1
context_29516.json,structured,14,14,0,1,1
context_29516.json,root_preamble,1,1,0,1,1
context_295237.json,structured,24,24,0,1,1
context_295237.json,root_preamble,1,1,0,1,1
context_295240.json,structured,16,16,0,1,1
context_295240.json,root_preamble,1,1,0,1,1
context_295248.json,structured,4,4,0,1,1
context_295248.json,root_preamble,1,1,0,1,1
context_295364.json,structured,4,4,0,1,1
context_295364.json,root_preamble,1,1,0,1,1
context_295377.json,structured,14,14,0,1,1
context_295377.json,root_preamble,1,1,0,1,1
context_295381.json,structured,54,54,0,1,1
context_295381.json,root_preamble,1,1,0,1,1
context_295382.json,structured,23,23,0,1,1
context_295382.json,root_preamble,1,1,0,1,1
context_295388.json,structured,10,10,0,1,1
context_295388.json,root_preamble,1,1,0,1,1
context_295410.json,structured,8,8,0,1,1
context_295410.json,root_preamble,1,1,0,1,1
context_295431.json,structured,2,2,0,1,1
context_295431.json,root_preamble,1,1,0,1,1
context_295455.json,structured,6,6,0,1,1
context_295455.json,root_preamble,1,1,0,1,1
context_295493.json,structured,3,3,0,1,1
context_295493.json,root_preamble,1,1,0,1,1
context_295505.json,structured,22,22,0,1,1
context_295505.json,root_preamble,1,1,0,1,1
context_295542.json,structured,43,43,0,1,1
context_295542.json,root_preamble,1,1,0,1,1
context_295545.json,structured,30,30,0,1,1
context_295545.json,root_preamble,1,1,0,1,1
context_29561.json,structured,1,1,0,1,1
context_29561.json,root_preamble,1,1,0,1,1
context_295631.json,structured,34,34,0,1,1
context_295631.json,root_preamble,1,1,0,1,1
context_295644.json,structured,36,36,0,1,1
context_295644.json,root_preamble,1,1,0,1,1
context_295664.json,unstructured_whole,1,1,0,1,1
context_295762.json,structured,15,15,0,1,1
context_295762.json,root_preamble,1,1,0,1,1
context_295779.json,structured,112,112,0,1,1
context_295779.json,root_preamble,1,1,0,1,1
context_295782.json,structured,6,6,0,1,1
context_295782.json,root_preamble,1,1,0,1,1
context_295912.json,structured,23,23,0,1,1
context_295912.json,root_preamble,1,1,0,1,1
context_29592.json,unstructured_whole,1,1,0,1,1
context_295999.json,structured,13,13,0,1,1
context_295999.json,root_preamble,1,1,0,1,1
context_296098.json,structured,1,1,0,1,1
context_296098.json,root_preamble,1,1,0,1,1
context_296124.json,unstructured_whole,1,1,0,1,1
context_296155.json,structured,34,34,0,1,1
context_296155.json,root_preamble,1,1,0,1,1
context_296169.json,structured,27,27,0,1,1
context_296169.json,root_preamble,1,1,0,1,1
context_296173.json,structured,34,34,0,1,1
context_296173.json,root_preamble,1,1,0,1,1
context_296194.json,structured,28,28,0,1,1
context_296194.json,root_preamble,1,1,0,1,1
context_296204.json,structured,5,5,0,1,1
context_296204.json,root_preamble,1,1,0,1,1
context_296213.json,structured,13,13,0,1,1
context_296213.json,root_preamble,1,1,0,1,1
context_296309.json,structured,4,4,0,1,1
context_296309.json,root_preamble,1,1,0,1,1
context_296375.json,structured,6,6,0,1,1
context_296375.json,root_preamble,1,1,0,1,1
context_296376.json,structured,32,32,0,1,1
context_296376.json,root_preamble,1,1,0,1,1
context_296471.json,structured,5,5,0,1,1
context_296471.json,root_preamble,1,1,0,1,1
context_29653.json,structured,7,7,0,1,1
context_29653.json,root_preamble,1,1,0,1,1
context_296536.json,structured,13,13,0,1,1
context_296536.json,root_preamble,1,1,0,1,1
context_296545.json,unstructured_whole,1,1,0,1,1
context_296568.json,structured,29,29,0,1,1
context_296568.json,root_preamble,1,1,0,1,1
context_296582.json,structured,5,5,0,1,1
context_296582.json,root_preamble,1,1,0,1,1
context_296611.json,structured,38,38,0,1,1
context_296611.json,root_preamble,1,1,0,1,1
context_296613.json,structured,10,10,0,1,1
context_296613.json,root_preamble,1,1,0,1,1
context_296620.json,structured,12,12,0,1,1
context_296620.json,root_preamble,1,1,0,1,1
context_296632.json,structured,5,5,0,1,1
context_296632.json,root_preamble,1,1,0,1,1
context_296646.json,structured,7,7,0,1,1
context_296646.json,root_preamble,1,1,0,1,1
context_296672.json,structured,3,3,0,1,1
context_296672.json,root_preamble,1,1,0,1,1
context_296685.json,structured,23,23,0,1,1
context_296685.json,root_preamble,1,1,0,1,1
context_296686.json,structured,13,13,0,1,1
context_296686.json,root_preamble,1,1,0,1,1
context_29670.json,structured,19,19,0,1,1
context_29670.json,root_preamble,1,1,0,1,1
context_296707.json,structured,43,43,0,1,1
context_296707.json,root_preamble,1,1,0,1,1
context_296719.json,structured,9,9,0,1,1
context_296719.json,root_preamble,1,1,0,1,1
context_296737.json,structured,12,12,0,1,1
context_296737.json,root_preamble,1,1,0,1,1
context_296798.json,structured,7,7,0,1,1
context_296798.json,root_preamble,1,1,0,1,1
context_296876.json,structured,28,28,0,1,1
context_296876.json,root_preamble,1,1,0,1,1
context_296890.json,structured,76,76,0,1,1
context_296890.json,root_preamble,1,1,0,1,1
context_296894.json,structured,52,52,0,1,1
context_296894.json,root_preamble,1,1,0,1,1
context_296904.json,unstructured_whole,1,1,0,1,1
context_296905.json,structured,2,2,0,1,1
context_296905.json,root_preamble,1,1,0,1,1
context_2970.json,structured,10,10,0,1,1
context_2970.json,root_preamble,1,1,0,1,1
context_297059.json,structured,61,61,0,1,1
context_297059.json,root_preamble,1,1,0,1,1
context_297117.json,structured,6,6,0,1,1
context_297117.json,root_preamble,1,1,0,1,1
context_297118.json,structured,6,6,0,1,1
context_297118.json,root_preamble,1,1,0,1,1
context_29716.json,structured,1,1,0,1,1
context_29716.json,root_preamble,1,1,0,1,1
context_297161.json,structured,45,45,0,1,1
context_297161.json,root_preamble,1,1,0,1,1
context_297226.json,structured,4,4,0,1,1
context_297226.json,root_preamble,1,1,0,1,1
context_297240.json,structured,15,15,0,1,1
context_297240.json,root_preamble,1,1,0,1,1
context_297268.json,structured,7,7,0,1,1
context_297268.json,root_preamble,1,1,0,1,1
context_297316.json,structured,5,5,0,1,1
context_297316.json,root_preamble,1,1,0,1,1
context_297318.json,structured,2,2,0,1,1
context_297318.json,root_preamble,1,1,0,1,1
context_297334.json,structured,12,12,0,1,1
context_297334.json,root_preamble,1,1,0,1,1
context_297366.json,structured,15,15,0,1,1
context_297366.json,root_preamble,1,1,0,1,1
context_297369.json,structured,21,21,0,1,1
context_297369.json,root_preamble,1,1,0,1,1
context_297388.json,structured,9,9,0,1,1
context_297388.json,root_preamble,1,1,0,1,1
context_297437.json,structured,3,3,0,1,1
context_297437.json,root_preamble,1,1,0,1,1
context_297442.json,structured,10,10,0,1,1
context_297442.json,root_preamble,1,1,0,1,1
context_297470.json,structured,9,9,0,1,1
context_297470.json,root_preamble,1,1,0,1,1
context_2975.json,structured,14,14,0,1,1
context_2975.json,root_preamble,1,1,0,1,1
context_297501.json,structured,38,38,0,1,1
context_297501.json,root_preamble,1,1,0,1,1
context_297531.json,structured,7,7,0,1,1
context_297531.json,root_preamble,1,1,0,1,1
context_29754.json,structured,7,7,0,1,1
context_29754.json,root_preamble,1,1,0,1,1
context_297565.json,structured,24,24,0,1,1
context_297565.json,root_preamble,1,1,0,1,1
context_297637.json,structured,8,8,0,1,1
context_297637.json,root_preamble,1,1,0,1,1
context_297677.json,structured,17,17,0,1,1
context_297677.json,root_preamble,1,1,0,1,1
context_297690.json,structured,4,4,0,1,1
context_297690.json,root_preamble,1,1,0,1,1
context_297695.json,structured,12,12,0,1,1
context_297695.json,root_preamble,1,1,0,1,1
context_297709.json,structured,13,13,0,1,1
context_297709.json,root_preamble,1,1,0,1,1
context_297738.json,structured,1,1,0,1,1
context_297738.json,root_preamble,1,1,0,1,1
context_297790.json,structured,44,44,0,1,1
context_297790.json,root_preamble,1,1,0,1,1
context_29783.json,structured,8,8,0,1,1
context_29783.json,root_preamble,1,1,0,1,1
context_297876.json,structured,34,34,0,1,1
context_297876.json,root_preamble,1,1,0,1,1
context_297904.json,structured,5,5,0,1,1
context_297904.json,root_preamble,1,1,0,1,1
context_297924.json,structured,35,35,0,1,1
context_297924.json,root_preamble,1,1,0,1,1
context_297981.json,structured,47,47,0,1,1
context_297981.json,root_preamble,1,1,0,1,1
context_298027.json,structured,6,6,0,1,1
context_298027.json,root_preamble,1,1,0,1,1
context_29805.json,structured,4,4,0,1,1
context_29805.json,root_preamble,1,1,0,1,1
context_298070.json,structured,5,5,0,1,1
context_298070.json,root_preamble,1,1,0,1,1
context_298075.json,structured,26,26,0,1,1
context_298075.json,root_preamble,1,1,0,1,1
context_298078.json,structured,36,36,0,1,1
context_298078.json,root_preamble,1,1,0,1,1
context_298091.json,structured,10,10,0,1,1
context_298091.json,root_preamble,1,1,0,1,1
context_298100.json,structured,17,17,0,1,1
context_298100.json,root_preamble,1,1,0,1,1
context_298140.json,structured,12,12,0,1,1
context_298140.json,root_preamble,1,1,0,1,1
context_298187.json,structured,10,10,0,1,1
context_298187.json,root_preamble,1,1,0,1,1
context_298212.json,structured,7,7,0,1,1
context_298212.json,root_preamble,1,1,0,1,1
context_298301.json,structured,3,3,0,1,1
context_298301.json,root_preamble,1,1,0,1,1
context_298315.json,structured,10,10,0,1,1
context_298315.json,root_preamble,1,1,0,1,1
context_298336.json,structured,50,50,0,1,1
context_298336.json,root_preamble,1,1,0,1,1
context_298413.json,structured,32,32,0,1,1
context_298413.json,root_preamble,1,1,0,1,1
context_298415.json,structured,1,1,0,1,1
context_298415.json,root_preamble,1,1,0,1,1
context_298428.json,structured,12,12,0,1,1
context_298428.json,root_preamble,1,1,0,1,1
context_298457.json,structured,17,17,0,1,1
context_298457.json,root_preamble,1,1,0,1,1
context_298496.json,structured,49,49,0,1,1
context_298496.json,root_preamble,1,1,0,1,1
context_298533.json,structured,23,23,0,1,1
context_298533.json,root_preamble,1,1,0,1,1
context_298614.json,structured,11,11,0,1,1
context_298614.json,root_preamble,1,1,0,1,1
context_298625.json,structured,22,22,0,1,1
context_298625.json,root_preamble,1,1,0,1,1
context_298627.json,structured,45,45,0,1,1
context_298627.json,root_preamble,1,1,0,1,1
context_298665.json,structured,38,38,0,1,1
context_298665.json,root_preamble,1,1,0,1,1
context_29871.json,structured,2,2,0,1,1
context_29871.json,root_preamble,1,1,0,1,1
context_298729.json,structured,20,20,0,1,1
context_298729.json,root_preamble,1,1,0,1,1
context_298789.json,structured,3,3,0,1,1
context_298789.json,root_preamble,1,1,0,1,1
context_298795.json,unstructured_whole,1,1,0,1,1
context_298816.json,structured,1,1,0,1,1
context_298816.json,root_preamble,1,1,0,1,1
context_298847.json,structured,5,5,0,1,1
context_298847.json,root_preamble,1,1,0,1,1
context_298856.json,structured,4,4,0,1,1
context_298856.json,root_preamble,1,1,0,1,1
context_298859.json,structured,28,28,0,1,1
context_298859.json,root_preamble,1,1,0,1,1
context_298893.json,structured,6,6,0,1,1
context_298893.json,root_preamble,1,1,0,1,1
context_298928.json,structured,16,16,0,1,1
context_298928.json,root_preamble,1,1,0,1,1
context_298932.json,structured,16,16,0,1,1
context_298932.json,root_preamble,1,1,0,1,1
context_298960.json,structured,20,20,0,1,1
context_298960.json,root_preamble,1,1,0,1,1
context_298992.json,structured,2,2,0,1,1
context_298992.json,root_preamble,1,1,0,1,1
context_299023.json,structured,5,5,0,1,1
context_299023.json,root_preamble,1,1,0,1,1
context_299044.json,structured,40,40,0,1,1
context_299044.json,root_preamble,1,1,0,1,1
context_299073.json,structured,21,21,0,1,1
context_299073.json,root_preamble,1,1,0,1,1
context_299084.json,structured,29,29,0,1,1
context_299084.json,root_preamble,1,1,0,1,1
context_299093.json,structured,30,30,0,1,1
context_299093.json,root_preamble,1,1,0,1,1
context_299097.json,structured,26,26,0,1,1
context_299097.json,root_preamble,1,1,0,1,1
context_299205.json,structured,14,14,0,1,1
context_299205.json,root_preamble,1,1,0,1,1
context_299215.json,unstructured_whole,1,1,0,1,1
context_299287.json,structured,32,32,0,1,1
context_299287.json,root_preamble,1,1,0,1,1
context_299326.json,structured,6,6,0,1,1
context_299326.json,root_preamble,1,1,0,1,1
context_299351.json,structured,35,35,0,1,1
context_299351.json,root_preamble,1,1,0,1,1
context_299372.json,structured,79,79,0,1,1
context_299372.json,root_preamble,1,1,0,1,1
context_299389.json,structured,5,5,0,1,1
context_299389.json,root_preamble,1,1,0,1,1
context_299406.json,structured,39,39,0,1,1
context_299406.json,root_preamble,1,1,0,1,1
context_299436.json,structured,5,5,0,1,1
context_299436.json,root_preamble,1,1,0,1,1
context_299454.json,structured,4,4,0,1,1
context_299454.json,root_preamble,1,1,0,1,1
context_29950.json,unstructured_whole,1,1,0,1,1
context_299512.json,structured,20,20,0,1,1
context_299512.json,root_preamble,1,1,0,1,1
context_299550.json,structured,32,32,0,1,1
context_299550.json,root_preamble,1,1,0,1,1
context_299563.json,structured,2,2,0,1,1
context_299563.json,root_preamble,1,1,0,1,1
context_299574.json,structured,64,64,0,1,1
context_299574.json,root_preamble,1,1,0,1,1
context_299600.json,structured,19,19,0,1,1
context_299600.json,root_preamble,1,1,0,1,1
context_299631.json,structured,2,2,0,1,1
context_299631.json,root_preamble,1,1,0,1,1
context_299653.json,structured,58,58,0,1,1
context_299653.json,root_preamble,1,1,0,1,1
context_299668.json,structured,27,27,0,1,1
context_299668.json,root_preamble,1,1,0,1,1
context_29968.json,structured,6,6,0,1,1
context_29968.json,root_preamble,1,1,0,1,1
context_299694.json,structured,193,193,0,1,1
context_299694.json,root_preamble,1,1,0,1,1
context_299704.json,structured,3,3,0,1,1
context_299704.json,root_preamble,1,1,0,1,1
context_29972.json,structured,24,24,0,1,1
context_29972.json,root_preamble,1,1,0,1,1
context_299764.json,structured,29,29,0,1,1
context_299764.json,root_preamble,1,1,0,1,1
context_299812.json,structured,7,7,0,1,1
context_299812.json,root_preamble,1,1,0,1,1
context_299871.json,structured,24,24,0,1,1
context_299871.json,root_preamble,1,1,0,1,1
context_299883.json,structured,30,30,0,1,1
context_299883.json,root_preamble,1,1,0,1,1
context_29989.json,structured,19,19,0,1,1
context_29989.json,root_preamble,1,1,0,1,1
context_299925.json,structured,71,71,0,1,1
context_299925.json,root_preamble,1,1,0,1,1
context_29997.json,structured,13,13,0,1,1
context_29997.json,root_preamble,1,1,0,1,1
context_299985.json,structured,58,58,0,1,1
context_299985.json,root_preamble,1,1,0,1,1
context_300021.json,structured,23,23,0,1,1
context_300021.json,root_preamble,1,1,0,1,1
context_300123.json,structured,7,7,0,1,1
context_300123.json,root_preamble,1,1,0,1,1
context_300141.json,structured,50,50,0,1,1
context_300141.json,root_preamble,1,1,0,1,1
context_300261.json,structured,13,13,0,1,1
context_300261.json,root_preamble,1,1,0,1,1
context_30029.json,unstructured_whole,1,1,0,1,1
context_300301.json,structured,7,7,0,1,1
context_300301.json,root_preamble,1,1,0,1,1
context_300330.json,structured,15,15,0,1,1
context_300330.json,root_preamble,1,1,0,1,1
context_300341.json,structured,17,17,0,1,1
context_300341.json,root_preamble,1,1,0,1,1
context_300362.json,structured,64,64,0,1,1
context_300362.json,root_preamble,1,1,0,1,1
context_300400.json,structured,11,11,0,1,1
context_300400.json,root_preamble,1,1,0,1,1
context_300434.json,structured,30,30,0,1,1
context_300434.json,root_preamble,1,1,0,1,1
context_300461.json,structured,5,5,0,1,1
context_300461.json,root_preamble,1,1,0,1,1
context_300486.json,unstructured_whole,1,1,0,1,1
context_300532.json,unstructured_whole,1,1,0,1,1
context_300544.json,structured,36,36,0,1,1
context_300544.json,root_preamble,1,1,0,1,1
context_300623.json,structured,19,19,0,1,1
context_300623.json,root_preamble,1,1,0,1,1
context_300634.json,structured,34,34,0,1,1
context_300634.json,root_preamble,1,1,0,1,1
context_300723.json,structured,26,26,0,1,1
context_300723.json,root_preamble,1,1,0,1,1
context_300748.json,structured,57,57,0,1,1
context_300748.json,root_preamble,1,1,0,1,1
context_300749.json,structured,234,234,0,1,1
context_300749.json,root_preamble,1,1,0,1,1
context_300772.json,structured,5,5,0,1,1
context_300772.json,root_preamble,1,1,0,1,1
context_300856.json,structured,32,32,0,1,1
context_300856.json,root_preamble,1,1,0,1,1
context_300864.json,structured,14,14,0,1,1
context_300864.json,root_preamble,1,1,0,1,1
context_300946.json,structured,6,6,0,1,1
context_300946.json,root_preamble,1,1,0,1,1
context_300949.json,structured,34,34,0,1,1
context_300949.json,root_preamble,1,1,0,1,1
context_300970.json,structured,33,33,0,1,1
context_300970.json,root_preamble,1,1,0,1,1
context_3010.json,structured,57,57,0,1,1
context_3010.json,root_preamble,1,1,0,1,1
context_301007.json,structured,3,3,0,1,1
context_301007.json,root_preamble,1,1,0,1,1
context_301023.json,structured,3,3,0,1,1
context_301023.json,root_preamble,1,1,0,1,1
context_3011.json,structured,26,26,0,1,1
context_3011.json,root_preamble,1,1,0,1,1
context_301128.json,structured,2,2,0,1,1
context_301128.json,root_preamble,1,1,0,1,1
context_301177.json,structured,2,2,0,1,1
context_301177.json,root_preamble,1,1,0,1,1
context_30127.json,structured,190,190,0,1,1
context_30127.json,root_preamble,1,1,0,1,1
context_301290.json,structured,1,1,0,1,1
context_301290.json,root_preamble,1,1,0,1,1
context_301393.json,structured,56,56,0,1,1
context_301393.json,root_preamble,1,1,0,1,1
context_301430.json,structured,25,25,0,1,1
context_301430.json,root_preamble,1,1,0,1,1
context_301477.json,structured,21,21,0,1,1
context_301477.json,root_preamble,1,1,0,1,1
context_301495.json,structured,16,16,0,1,1
context_301495.json,root_preamble,1,1,0,1,1
context_301501.json,structured,28,28,0,1,1
context_301501.json,root_preamble,1,1,0,1,1
context_30156.json,structured,4,4,0,1,1
context_30156.json,root_preamble,1,1,0,1,1
context_30157.json,structured,63,63,0,1,1
context_30157.json,root_preamble,1,1,0,1,1
context_301570.json,structured,52,52,0,1,1
context_301570.json,root_preamble,1,1,0,1,1
context_301607.json,structured,13,13,0,1,1
context_301607.json,root_preamble,1,1,0,1,1
context_301632.json,structured,16,16,0,1,1
context_301632.json,root_preamble,1,1,0,1,1
context_301729.json,structured,3,3,0,1,1
context_301729.json,root_preamble,1,1,0,1,1
context_301757.json,structured,5,5,0,1,1
context_301757.json,root_preamble,1,1,0,1,1
context_301758.json,structured,32,32,0,1,1
context_301758.json,root_preamble,1,1,0,1,1
context_301774.json,structured,62,62,0,1,1
context_301774.json,root_preamble,1,1,0,1,1
context_301843.json,structured,4,4,0,1,1
context_301843.json,root_preamble,1,1,0,1,1
context_302031.json,structured,53,53,0,1,1
context_302031.json,root_preamble,1,1,0,1,1
context_302040.json,structured,27,27,0,1,1
context_302040.json,root_preamble,1,1,0,1,1
context_302089.json,structured,7,7,0,1,1
context_302089.json,root_preamble,1,1,0,1,1
context_302115.json,structured,77,77,0,1,1
context_302115.json,root_preamble,1,1,0,1,1
context_302127.json,structured,7,7,0,1,1
context_302127.json,root_preamble,1,1,0,1,1
context_302136.json,structured,7,7,0,1,1
context_302136.json,root_preamble,1,1,0,1,1
context_302138.json,structured,12,12,0,1,1
context_302138.json,root_preamble,1,1,0,1,1
context_302149.json,structured,59,59,0,1,1
context_302149.json,root_preamble,1,1,0,1,1
context_302177.json,structured,6,6,0,1,1
context_302177.json,root_preamble,1,1,0,1,1
context_30220.json,structured,21,21,0,1,1
context_30220.json,root_preamble,1,1,0,1,1
context_302205.json,structured,1,1,0,1,1
context_302205.json,root_preamble,1,1,0,1,1
context_30221.json,structured,77,77,0,1,1
context_30221.json,root_preamble,1,1,0,1,1
context_302215.json,structured,4,4,0,1,1
context_302215.json,root_preamble,1,1,0,1,1
context_302239.json,structured,25,25,0,1,1
context_302239.json,root_preamble,1,1,0,1,1
context_30233.json,structured,48,48,0,1,1
context_30233.json,root_preamble,1,1,0,1,1
context_302404.json,structured,15,15,0,1,1
context_302404.json,root_preamble,1,1,0,1,1
context_302420.json,structured,3,3,0,1,1
context_302420.json,root_preamble,1,1,0,1,1
context_302430.json,structured,10,10,0,1,1
context_302430.json,root_preamble,1,1,0,1,1
context_302442.json,structured,36,36,0,1,1
context_302442.json,root_preamble,1,1,0,1,1
context_302481.json,structured,6,6,0,1,1
context_302481.json,root_preamble,1,1,0,1,1
context_302504.json,structured,16,16,0,1,1
context_302504.json,root_preamble,1,1,0,1,1
context_302521.json,structured,16,16,0,1,1
context_302521.json,root_preamble,1,1,0,1,1
context_302526.json,structured,7,7,0,1,1
context_302526.json,root_preamble,1,1,0,1,1
context_302631.json,structured,37,37,0,1,1
context_302631.json,root_preamble,1,1,0,1,1
context_30267.json,structured,11,11,0,1,1
context_30267.json,root_preamble,1,1,0,1,1
context_302755.json,structured,2,2,0,1,1
context_302755.json,root_preamble,1,1,0,1,1
context_302793.json,structured,5,5,0,1,1
context_302793.json,root_preamble,1,1,0,1,1
context_302804.json,structured,62,62,0,1,1
context_302804.json,root_preamble,1,1,0,1,1
context_302805.json,structured,17,17,0,1,1
context_302805.json,root_preamble,1,1,0,1,1
context_30283.json,structured,2,2,0,1,1
context_30283.json,root_preamble,1,1,0,1,1
context_302841.json,structured,11,11,0,1,1
context_302841.json,root_preamble,1,1,0,1,1
context_302860.json,unstructured_whole,1,1,0,1,1
context_30288.json,structured,20,20,0,1,1
context_30288.json,root_preamble,1,1,0,1,1
context_302894.json,structured,8,8,0,1,1
context_302894.json,root_preamble,1,1,0,1,1
context_302996.json,structured,52,52,0,1,1
context_302996.json,root_preamble,1,1,0,1,1
context_303035.json,structured,5,5,0,1,1
context_303035.json,root_preamble,1,1,0,1,1
context_303096.json,structured,11,11,0,1,1
context_303096.json,root_preamble,1,1,0,1,1
context_303168.json,structured,3,3,0,1,1
context_303168.json,root_preamble,1,1,0,1,1
context_303197.json,structured,9,9,0,1,1
context_303197.json,root_preamble,1,1,0,1,1
context_303201.json,structured,18,18,0,1,1
context_303201.json,root_preamble,1,1,0,1,1
context_303264.json,structured,41,41,0,1,1
context_303264.json,root_preamble,1,1,0,1,1
context_303333.json,structured,18,18,0,1,1
context_303333.json,root_preamble,1,1,0,1,1
context_303337.json,unstructured_whole,1,1,0,1,1
context_303360.json,structured,20,20,0,1,1
context_303360.json,root_preamble,1,1,0,1,1
context_30342.json,structured,19,19,0,1,1
context_30342.json,root_preamble,1,1,0,1,1
context_303429.json,structured,11,11,0,1,1
context_303429.json,root_preamble,1,1,0,1,1
context_303435.json,structured,6,6,0,1,1
context_303435.json,root_preamble,1,1,0,1,1
context_303447.json,unstructured_whole,1,1,0,1,1
context_303466.json,structured,5,5,0,1,1
context_303466.json,root_preamble,1,1,0,1,1
context_303485.json,structured,4,4,0,1,1
context_303485.json,root_preamble,1,1,0,1,1
context_303489.json,structured,23,23,0,1,1
context_303489.json,root_preamble,1,1,0,1,1
context_303491.json,unstructured_whole,1,1,0,1,1
context_30359.json,unstructured_whole,1,1,0,1,1
context_303613.json,structured,37,37,0,1,1
context_303613.json,root_preamble,1,1,0,1,1
context_303615.json,structured,39,39,0,1,1
context_303615.json,root_preamble,1,1,0,1,1
context_303623.json,structured,50,50,0,1,1
context_303623.json,root_preamble,1,1,0,1,1
context_303712.json,structured,23,23,0,1,1
context_303712.json,root_preamble,1,1,0,1,1
context_303738.json,structured,19,19,0,1,1
context_303738.json,root_preamble,1,1,0,1,1
context_30374.json,structured,45,45,0,1,1
context_30374.json,root_preamble,1,1,0,1,1
context_303748.json,structured,7,7,0,1,1
context_303748.json,root_preamble,1,1,0,1,1
context_303818.json,unstructured_whole,1,1,0,1,1
context_303863.json,structured,40,40,0,1,1
context_303863.json,root_preamble,1,1,0,1,1
context_303882.json,structured,13,13,0,1,1
context_303882.json,root_preamble,1,1,0,1,1
context_303889.json,unstructured_whole,1,1,0,1,1
context_303917.json,structured,51,51,0,1,1
context_303917.json,root_preamble,1,1,0,1,1
context_303955.json,structured,51,51,0,1,1
context_303955.json,root_preamble,1,1,0,1,1
context_303974.json,structured,27,27,0,1,1
context_303974.json,root_preamble,1,1,0,1,1
context_303988.json,structured,15,15,0,1,1
context_303988.json,root_preamble,1,1,0,1,1
context_303999.json,structured,5,5,0,1,1
context_303999.json,root_preamble,1,1,0,1,1
context_304059.json,structured,6,6,0,1,1
context_304059.json,root_preamble,1,1,0,1,1
context_304113.json,structured,35,35,0,1,1
context_304113.json,root_preamble,1,1,0,1,1
context_304167.json,structured,6,6,0,1,1
context_304167.json,root_preamble,1,1,0,1,1
context_3042.json,structured,4,4,0,1,1
context_3042.json,root_preamble,1,1,0,1,1
context_304203.json,structured,32,32,0,1,1
context_304203.json,root_preamble,1,1,0,1,1
context_304246.json,structured,10,10,0,1,1
context_304246.json,root_preamble,1,1,0,1,1
context_304248.json,structured,2,2,0,1,1
context_304248.json,root_preamble,1,1,0,1,1
context_304262.json,structured,50,50,0,1,1
context_304262.json,root_preamble,1,1,0,1,1
context_304265.json,structured,15,15,0,1,1
context_304265.json,root_preamble,1,1,0,1,1
context_30429.json,structured,3,3,0,1,1
context_30429.json,root_preamble,1,1,0,1,1
context_30430.json,structured,33,33,0,1,1
context_30430.json,root_preamble,1,1,0,1,1
context_304336.json,structured,4,4,0,1,1
context_304336.json,root_preamble,1,1,0,1,1
context_30449.json,structured,10,10,0,1,1
context_30449.json,root_preamble,1,1,0,1,1
context_304544.json,structured,1,1,0,1,1
context_304544.json,root_preamble,1,1,0,1,1
context_304623.json,structured,5,5,0,1,1
context_304623.json,root_preamble,1,1,0,1,1
context_304635.json,structured,20,20,0,1,1
context_304635.json,root_preamble,1,1,0,1,1
context_304663.json,structured,6,6,0,1,1
context_304663.json,root_preamble,1,1,0,1,1
context_30469.json,structured,26,26,0,1,1
context_30469.json,root_preamble,1,1,0,1,1
context_304701.json,structured,16,16,0,1,1
context_304701.json,root_preamble,1,1,0,1,1
context_304711.json,structured,22,22,0,1,1
context_304711.json,root_preamble,1,1,0,1,1
context_304775.json,unstructured_whole,1,1,0,1,1
context_30483.json,structured,16,16,0,1,1
context_30483.json,root_preamble,1,1,0,1,1
context_304855.json,structured,49,49,0,1,1
context_304855.json,root_preamble,1,1,0,1,1
context_304889.json,structured,36,36,0,1,1
context_304889.json,root_preamble,1,1,0,1,1
context_30492.json,structured,11,11,0,1,1
context_30492.json,root_preamble,1,1,0,1,1
context_304934.json,structured,68,68,0,1,1
context_304934.json,root_preamble,1,1,0,1,1
context_30495.json,structured,17,17,0,1,1
context_30495.json,root_preamble,1,1,0,1,1
context_305026.json,structured,30,30,0,1,1
context_305026.json,root_preamble,1,1,0,1,1
context_305134.json,structured,30,30,0,1,1
context_305134.json,root_preamble,1,1,0,1,1
context_305167.json,structured,16,16,0,1,1
context_305167.json,root_preamble,1,1,0,1,1
context_30527.json,structured,8,8,0,1,1
context_30527.json,root_preamble,1,1,0,1,1
context_305339.json,structured,36,36,0,1,1
context_305339.json,root_preamble,1,1,0,1,1
context_305350.json,structured,17,17,0,1,1
context_305350.json,root_preamble,1,1,0,1,1
context_305408.json,structured,9,9,0,1,1
context_305408.json,root_preamble,1,1,0,1,1
context_305455.json,structured,236,236,0,1,1
context_305455.json,root_preamble,1,1,0,1,1
context_305483.json,structured,8,8,0,1,1
context_305483.json,root_preamble,1,1,0,1,1
context_305522.json,structured,22,22,0,1,1
context_305522.json,root_preamble,1,1,0,1,1
context_305561.json,structured,15,15,0,1,1
context_305561.json,root_preamble,1,1,0,1,1
context_305588.json,structured,9,9,0,1,1
context_305588.json,root_preamble,1,1,0,1,1
context_305725.json,structured,27,27,0,1,1
context_305725.json,root_preamble,1,1,0,1,1
context_305788.json,structured,15,15,0,1,1
context_305788.json,root_preamble,1,1,0,1,1
context_305827.json,structured,102,102,0,1,1
context_305827.json,root_preamble,1,1,0,1,1
context_305828.json,structured,80,80,0,1,1
context_305828.json,root_preamble,1,1,0,1,1
context_305885.json,structured,16,16,0,1,1
context_305885.json,root_preamble,1,1,0,1,1
context_305948.json,structured,27,27,0,1,1
context_305948.json,root_preamble,1,1,0,1,1
context_305953.json,structured,15,15,0,1,1
context_305953.json,root_preamble,1,1,0,1,1
context_30599.json,structured,3,3,0,1,1
context_30599.json,root_preamble,1,1,0,1,1
context_306.json,structured,24,24,0,1,1
context_306.json,root_preamble,1,1,0,1,1
context_306022.json,structured,12,12,0,1,1
context_306022.json,root_preamble,1,1,0,1,1
context_306050.json,structured,82,82,0,1,1
context_306050.json,root_preamble,1,1,0,1,1
context_306081.json,structured,18,18,0,1,1
context_306081.json,root_preamble,1,1,0,1,1
context_306091.json,structured,5,5,0,1,1
context_306091.json,root_preamble,1,1,0,1,1
context_306107.json,structured,3,3,0,1,1
context_306107.json,root_preamble,1,1,0,1,1
context_306139.json,structured,32,32,0,1,1
context_306139.json,root_preamble,1,1,0,1,1
context_306240.json,structured,7,7,0,1,1
context_306240.json,root_preamble,1,1,0,1,1
context_306314.json,unstructured_whole,1,1,0,1,1
context_30639.json,structured,21,21,0,1,1
context_30639.json,root_preamble,1,1,0,1,1
context_30681.json,structured,7,7,0,1,1
context_30681.json,root_preamble,1,1,0,1,1
context_30685.json,structured,4,4,0,1,1
context_30685.json,root_preamble,1,1,0,1,1
context_30707.json,structured,7,7,0,1,1
context_30707.json,root_preamble,1,1,0,1,1
context_30717.json,structured,4,4,0,1,1
context_30717.json,root_preamble,1,1,0,1,1
context_30744.json,structured,17,17,0,1,1
context_30744.json,root_preamble,1,1,0,1,1
context_30761.json,unstructured_whole,1,1,0,1,1
context_30854.json,structured,9,9,0,1,1
context_30854.json,root_preamble,1,1,0,1,1
context_30987.json,structured,6,6,0,1,1
context_30987.json,root_preamble,1,1,0,1,1
context_31031.json,structured,7,7,0,1,1
context_31031.json,root_preamble,1,1,0,1,1
context_3111.json,structured,5,5,0,1,1
context_3111.json,root_preamble,1,1,0,1,1
context_31145.json,structured,14,14,0,1,1
context_31145.json,root_preamble,1,1,0,1,1
context_31146.json,structured,39,39,0,1,1
context_31146.json,root_preamble,1,1,0,1,1
context_31179.json,structured,29,29,0,1,1
context_31179.json,root_preamble,1,1,0,1,1
context_31239.json,structured,7,7,0,1,1
context_31239.json,root_preamble,1,1,0,1,1
context_31283.json,structured,24,24,0,1,1
context_31283.json,root_preamble,1,1,0,1,1
context_31301.json,structured,70,70,0,1,1
context_31301.json,root_preamble,1,1,0,1,1
context_31322.json,structured,26,26,0,1,1
context_31322.json,root_preamble,1,1,0,1,1
context_31349.json,structured,24,24,0,1,1
context_31349.json,root_preamble,1,1,0,1,1
context_31387.json,unstructured_whole,1,1,0,1,1
context_31422.json,structured,19,19,0,1,1
context_31422.json,root_preamble,1,1,0,1,1
context_31434.json,structured,27,27,0,1,1
context_31434.json,root_preamble,1,1,0,1,1
context_31435.json,structured,4,4,0,1,1
context_31435.json,root_preamble,1,1,0,1,1
context_31531.json,structured,48,48,0,1,1
context_31531.json,root_preamble,1,1,0,1,1
context_31556.json,structured,3,3,0,1,1
context_31556.json,root_preamble,1,1,0,1,1
context_31594.json,structured,6,6,0,1,1
context_31594.json,root_preamble,1,1,0,1,1
context_31618.json,structured,26,26,0,1,1
context_31618.json,root_preamble,1,1,0,1,1
context_31629.json,structured,9,9,0,1,1
context_31629.json,root_preamble,1,1,0,1,1
context_31662.json,structured,17,17,0,1,1
context_31662.json,root_preamble,1,1,0,1,1
context_31678.json,structured,22,22,0,1,1
context_31678.json,root_preamble,1,1,0,1,1
context_31689.json,structured,33,33,0,1,1
context_31689.json,root_preamble,1,1,0,1,1
context_31768.json,structured,62,62,0,1,1
context_31768.json,root_preamble,1,1,0,1,1
context_31804.json,structured,3,3,0,1,1
context_31804.json,root_preamble,1,1,0,1,1
context_31811.json,structured,15,15,0,1,1
context_31811.json,root_preamble,1,1,0,1,1
context_31813.json,structured,73,73,0,1,1
context_31813.json,root_preamble,1,1,0,1,1
context_31825.json,unstructured_whole,1,1,0,1,1
context_31839.json,structured,41,41,0,1,1
context_31839.json,root_preamble,1,1,0,1,1
context_31848.json,structured,21,21,0,1,1
context_31848.json,root_preamble,1,1,0,1,1
context_31873.json,unstructured_whole,1,1,0,1,1
context_31877.json,structured,42,42,0,1,1
context_31877.json,root_preamble,1,1,0,1,1
context_31896.json,structured,21,21,0,1,1
context_31896.json,root_preamble,1,1,0,1,1
context_31897.json,structured,26,26,0,1,1
context_31897.json,root_preamble,1,1,0,1,1
context_31911.json,structured,11,11,0,1,1
context_31911.json,root_preamble,1,1,0,1,1
context_32051.json,structured,3,3,0,1,1
context_32051.json,root_preamble,1,1,0,1,1
context_32078.json,structured,18,18,0,1,1
context_32078.json,root_preamble,1,1,0,1,1
context_3209.json,structured,3,3,0,1,1
context_3209.json,root_preamble,1,1,0,1,1
context_32123.json,structured,18,18,0,1,1
context_32123.json,root_preamble,1,1,0,1,1
context_32132.json,structured,10,10,0,1,1
context_32132.json,root_preamble,1,1,0,1,1
context_32167.json,structured,39,39,0,1,1
context_32167.json,root_preamble,1,1,0,1,1
context_32197.json,unstructured_whole,1,1,0,1,1
context_3221.json,structured,10,10,0,1,1
context_3221.json,root_preamble,1,1,0,1,1
context_32278.json,unstructured_whole,1,1,0,1,1
context_32293.json,structured,21,21,0,1,1
context_32293.json,root_preamble,1,1,0,1,1
context_32338.json,structured,37,37,0,1,1
context_32338.json,root_preamble,1,1,0,1,1
context_32340.json,structured,19,19,0,1,1
context_32340.json,root_preamble,1,1,0,1,1
context_32347.json,structured,5,5,0,1,1
context_32347.json,root_preamble,1,1,0,1,1
context_32398.json,structured,1,1,0,1,1
context_32398.json,root_preamble,1,1,0,1,1
context_3241.json,structured,50,50,0,1,1
context_3241.json,root_preamble,1,1,0,1,1
context_32456.json,structured,7,7,0,1,1
context_32456.json,root_preamble,1,1,0,1,1
context_32475.json,structured,28,28,0,1,1
context_32475.json,root_preamble,1,1,0,1,1
context_32621.json,structured,19,19,0,1,1
context_32621.json,root_preamble,1,1,0,1,1
context_32643.json,structured,33,33,0,1,1
context_32643.json,root_preamble,1,1,0,1,1
context_32650.json,structured,1,1,0,1,1
context_32650.json,root_preamble,1,1,0,1,1
context_32678.json,unstructured_whole,1,1,0,1,1
context_32726.json,structured,23,23,0,1,1
context_32726.json,root_preamble,1,1,0,1,1
context_32778.json,structured,43,43,0,1,1
context_32778.json,root_preamble,1,1,0,1,1
context_32807.json,structured,5,5,0,1,1
context_32807.json,root_preamble,1,1,0,1,1
context_32812.json,structured,74,74,0,1,1
context_32812.json,root_preamble,1,1,0,1,1
context_3288.json,unstructured_whole,1,1,0,1,1
context_32881.json,structured,22,22,0,1,1
context_32881.json,root_preamble,1,1,0,1,1
context_32925.json,structured,55,55,0,1,1
context_32925.json,root_preamble,1,1,0,1,1
context_32928.json,structured,22,22,0,1,1
context_32928.json,root_preamble,1,1,0,1,1
context_32966.json,structured,24,24,0,1,1
context_32966.json,root_preamble,1,1,0,1,1
context_3298.json,structured,13,13,0,1,1
context_3298.json,root_preamble,1,1,0,1,1
context_32994.json,structured,17,17,0,1,1
context_32994.json,root_preamble,1,1,0,1,1
context_32997.json,structured,14,14,0,1,1
context_32997.json,root_preamble,1,1,0,1,1
context_33004.json,structured,46,46,0,1,1
context_33004.json,root_preamble,1,1,0,1,1
context_33078.json,structured,167,167,0,1,1
context_33078.json,root_preamble,1,1,0,1,1
context_33079.json,structured,115,115,0,1,1
context_33079.json,root_preamble,1,1,0,1,1
context_33093.json,structured,36,36,0,1,1
context_33093.json,root_preamble,1,1,0,1,1
context_33132.json,structured,3,3,0,1,1
context_33132.json,root_preamble,1,1,0,1,1
context_332.json,structured,32,32,0,1,1
context_332.json,root_preamble,1,1,0,1,1
context_33200.json,structured,11,11,0,1,1
context_33200.json,root_preamble,1,1,0,1,1
context_33244.json,structured,22,22,0,1,1
context_33244.json,root_preamble,1,1,0,1,1
context_3327.json,structured,26,26,0,1,1
context_3327.json,root_preamble,1,1,0,1,1
context_33313.json,structured,53,53,0,1,1
context_33313.json,root_preamble,1,1,0,1,1
context_33330.json,structured,5,5,0,1,1
context_33330.json,root_preamble,1,1,0,1,1
context_33365.json,structured,22,22,0,1,1
context_33365.json,root_preamble,1,1,0,1,1
context_33410.json,structured,39,39,0,1,1
context_33410.json,root_preamble,1,1,0,1,1
context_33422.json,structured,6,6,0,1,1
context_33422.json,root_preamble,1,1,0,1,1
context_33438.json,structured,5,5,0,1,1
context_33438.json,root_preamble,1,1,0,1,1
context_33443.json,structured,9,9,0,1,1
context_33443.json,root_preamble,1,1,0,1,1
context_33450.json,structured,41,41,0,1,1
context_33450.json,root_preamble,1,1,0,1,1
context_33567.json,structured,35,35,0,1,1
context_33567.json,root_preamble,1,1,0,1,1
context_33638.json,structured,6,6,0,1,1
context_33638.json,root_preamble,1,1,0,1,1
context_33669.json,structured,40,40,0,1,1
context_33669.json,root_preamble,1,1,0,1,1
context_33687.json,structured,18,18,0,1,1
context_33687.json,root_preamble,1,1,0,1,1
context_33872.json,structured,40,40,0,1,1
context_33872.json,root_preamble,1,1,0,1,1
context_33887.json,structured,3,3,0,1,1
context_33887.json,root_preamble,1,1,0,1,1
context_33891.json,structured,11,11,0,1,1
context_33891.json,root_preamble,1,1,0,1,1
context_33979.json,structured,9,9,0,1,1
context_33979.json,root_preamble,1,1,0,1,1
context_33989.json,structured,17,17,0,1,1
context_33989.json,root_preamble,1,1,0,1,1
context_34041.json,structured,7,7,0,1,1
context_34041.json,root_preamble,1,1,0,1,1
context_34093.json,structured,20,20,0,1,1
context_34093.json,root_preamble,1,1,0,1,1
context_34111.json,structured,5,5,0,1,1
context_34111.json,root_preamble,1,1,0,1,1
context_34136.json,unstructured_whole,1,1,0,1,1
context_34178.json,structured,2,2,0,1,1
context_34178.json,root_preamble,1,1,0,1,1
context_34179.json,structured,7,7,0,1,1
context_34179.json,root_preamble,1,1,0,1,1
context_34202.json,structured,29,29,0,1,1
context_34202.json,root_preamble,1,1,0,1,1
context_34243.json,structured,29,29,0,1,1
context_34243.json,root_preamble,1,1,0,1,1
context_34306.json,structured,41,41,0,1,1
context_34306.json,root_preamble,1,1,0,1,1
context_3433.json,structured,3,3,0,1,1
context_3433.json,root_preamble,1,1,0,1,1
context_34340.json,structured,15,15,0,1,1
context_34340.json,root_preamble,1,1,0,1,1
context_34341.json,structured,5,5,0,1,1
context_34341.json,root_preamble,1,1,0,1,1
context_34350.json,structured,23,23,0,1,1
context_34350.json,root_preamble,1,1,0,1,1
context_34366.json,structured,13,13,0,1,1
context_34366.json,root_preamble,1,1,0,1,1
context_34391.json,structured,25,25,0,1,1
context_34391.json,root_preamble,1,1,0,1,1
context_34444.json,structured,30,30,0,1,1
context_34444.json,root_preamble,1,1,0,1,1
context_3449.json,structured,32,32,0,1,1
context_3449.json,root_preamble,1,1,0,1,1
context_3451.json,structured,13,13,0,1,1
context_3451.json,root_preamble,1,1,0,1,1
context_34520.json,structured,26,26,0,1,1
context_34520.json,root_preamble,1,1,0,1,1
context_34535.json,structured,38,38,0,1,1
context_34535.json,root_preamble,1,1,0,1,1
context_34537.json,structured,40,40,0,1,1
context_34537.json,root_preamble,1,1,0,1,1
context_34557.json,structured,5,5,0,1,1
context_34557.json,root_preamble,1,1,0,1,1
context_34742.json,structured,30,30,0,1,1
context_34742.json,root_preamble,1,1,0,1,1
context_34777.json,structured,32,32,0,1,1
context_34777.json,root_preamble,1,1,0,1,1
context_3480.json,structured,20,20,0,1,1
context_3480.json,root_preamble,1,1,0,1,1
context_3486.json,structured,38,38,0,1,1
context_3486.json,root_preamble,1,1,0,1,1
context_34866.json,structured,32,32,0,1,1
context_34866.json,root_preamble,1,1,0,1,1
context_34869.json,structured,8,8,0,1,1
context_34869.json,root_preamble,1,1,0,1,1
context_34884.json,structured,22,22,0,1,1
context_34884.json,root_preamble,1,1,0,1,1
context_34976.json,structured,7,7,0,1,1
context_34976.json,root_preamble,1,1,0,1,1
context_34987.json,structured,1,1,0,1,1
context_34987.json,root_preamble,1,1,0,1,1
context_34988.json,structured,8,8,0,1,1
context_34988.json,root_preamble,1,1,0,1,1
context_35004.json,structured,70,70,0,1,1
context_35004.json,root_preamble,1,1,0,1,1
context_35176.json,unstructured_whole,1,1,0,1,1
context_35186.json,structured,16,16,0,1,1
context_35186.json,root_preamble,1,1,0,1,1
context_35225.json,structured,3,3,0,1,1
context_35225.json,root_preamble,1,1,0,1,1
context_35262.json,structured,2,2,0,1,1
context_35262.json,root_preamble,1,1,0,1,1
context_35296.json,structured,170,170,0,1,1
context_35296.json,root_preamble,1,1,0,1,1
context_35337.json,structured,1,1,0,1,1
context_35337.json,root_preamble,1,1,0,1,1
context_3534.json,structured,23,23,0,1,1
context_3534.json,root_preamble,1,1,0,1,1
context_35378.json,structured,83,83,0,1,1
context_35378.json,root_preamble,1,1,0,1,1
context_35408.json,structured,44,44,0,1,1
context_35408.json,root_preamble,1,1,0,1,1
context_35438.json,structured,10,10,0,1,1
context_35438.json,root_preamble,1,1,0,1,1
context_35448.json,structured,22,22,0,1,1
context_35448.json,root_preamble,1,1,0,1,1
context_35496.json,structured,5,5,0,1,1
context_35496.json,root_preamble,1,1,0,1,1
context_3551.json,structured,50,50,0,1,1
context_3551.json,root_preamble,1,1,0,1,1
context_35514.json,structured,5,5,0,1,1
context_35514.json,root_preamble,1,1,0,1,1
context_35531.json,structured,64,64,0,1,1
context_35531.json,root_preamble,1,1,0,1,1
context_35641.json,structured,17,17,0,1,1
context_35641.json,root_preamble,1,1,0,1,1
context_35655.json,structured,19,19,0,1,1
context_35655.json,root_preamble,1,1,0,1,1
context_35661.json,structured,4,4,0,1,1
context_35661.json,root_preamble,1,1,0,1,1
context_35675.json,structured,29,29,0,1,1
context_35675.json,root_preamble,1,1,0,1,1
context_35699.json,structured,21,21,0,1,1
context_35699.json,root_preamble,1,1,0,1,1
context_35726.json,structured,2,2,0,1,1
context_35726.json,root_preamble,1,1,0,1,1
context_35750.json,structured,42,42,0,1,1
context_35750.json,root_preamble,1,1,0,1,1
context_35798.json,structured,26,26,0,1,1
context_35798.json,root_preamble,1,1,0,1,1
context_35893.json,unstructured_whole,1,1,0,1,1
context_35902.json,structured,18,18,0,1,1
context_35902.json,root_preamble,1,1,0,1,1
context_35953.json,structured,3,3,0,1,1
context_35953.json,root_preamble,1,1,0,1,1
context_36009.json,structured,80,80,0,1,1
context_36009.json,root_preamble,1,1,0,1,1
context_36122.json,structured,3,3,0,1,1
context_36122.json,root_preamble,1,1,0,1,1
context_3613.json,structured,27,27,0,1,1
context_3613.json,root_preamble,1,1,0,1,1
context_36157.json,structured,28,28,0,1,1
context_36157.json,root_preamble,1,1,0,1,1
context_3620.json,structured,8,8,0,1,1
context_3620.json,root_preamble,1,1,0,1,1
context_3622.json,structured,11,11,0,1,1
context_3622.json,root_preamble,1,1,0,1,1
context_36256.json,structured,3,3,0,1,1
context_36256.json,root_preamble,1,1,0,1,1
context_36300.json,structured,4,4,0,1,1
context_36300.json,root_preamble,1,1,0,1,1
context_36328.json,structured,52,52,0,1,1
context_36328.json,root_preamble,1,1,0,1,1
context_36340.json,structured,45,45,0,1,1
context_36340.json,root_preamble,1,1,0,1,1
context_36358.json,structured,3,3,0,1,1
context_36358.json,root_preamble,1,1,0,1,1
context_36415.json,structured,21,21,0,1,1
context_36415.json,root_preamble,1,1,0,1,1
context_36459.json,structured,28,28,0,1,1
context_36459.json,root_preamble,1,1,0,1,1
context_36650.json,structured,7,7,0,1,1
context_36650.json,root_preamble,1,1,0,1,1
context_36677.json,structured,44,44,0,1,1
context_36677.json,root_preamble,1,1,0,1,1
context_36757.json,unstructured_whole,1,1,0,1,1
context_36825.json,structured,35,35,0,1,1
context_36825.json,root_preamble,1,1,0,1,1
context_36839.json,structured,17,17,0,1,1
context_36839.json,root_preamble,1,1,0,1,1
context_36873.json,structured,80,80,0,1,1
context_36873.json,root_preamble,1,1,0,1,1
context_36878.json,structured,2,2,0,1,1
context_36878.json,root_preamble,1,1,0,1,1
context_3689.json,structured,15,15,0,1,1
context_3689.json,root_preamble,1,1,0,1,1
context_36967.json,structured,46,46,0,1,1
context_36967.json,root_preamble,1,1,0,1,1
context_36978.json,structured,1,1,0,1,1
context_36978.json,root_preamble,1,1,0,1,1
context_37014.json,structured,27,27,0,1,1
context_37014.json,root_preamble,1,1,0,1,1
context_37052.json,structured,5,5,0,1,1
context_37052.json,root_preamble,1,1,0,1,1
context_37091.json,structured,46,46,0,1,1
context_37091.json,root_preamble,1,1,0,1,1
context_3710.json,structured,9,9,0,1,1
context_3710.json,root_preamble,1,1,0,1,1
context_37130.json,structured,39,39,0,1,1
context_37130.json,root_preamble,1,1,0,1,1
context_37163.json,structured,69,69,0,1,1
context_37163.json,root_preamble,1,1,0,1,1
context_37253.json,structured,7,7,0,1,1
context_37253.json,root_preamble,1,1,0,1,1
context_37271.json,structured,6,6,0,1,1
context_37271.json,root_preamble,1,1,0,1,1
context_3728.json,structured,7,7,0,1,1
context_3728.json,root_preamble,1,1,0,1,1
context_37281.json,structured,25,25,0,1,1
context_37281.json,root_preamble,1,1,0,1,1
context_37294.json,structured,4,4,0,1,1
context_37294.json,root_preamble,1,1,0,1,1
context_37372.json,structured,16,16,0,1,1
context_37372.json,root_preamble,1,1,0,1,1
context_37407.json,structured,15,15,0,1,1
context_37407.json,root_preamble,1,1,0,1,1
context_37476.json,structured,30,30,0,1,1
context_37476.json,root_preamble,1,1,0,1,1
context_37580.json,structured,9,9,0,1,1
context_37580.json,root_preamble,1,1,0,1,1
context_37588.json,structured,21,21,0,1,1
context_37588.json,root_preamble,1,1,0,1,1
context_3759.json,structured,13,13,0,1,1
context_3759.json,root_preamble,1,1,0,1,1
context_37658.json,structured,8,8,0,1,1
context_37658.json,root_preamble,1,1,0,1,1
context_37682.json,structured,1,1,0,1,1
context_37682.json,root_preamble,1,1,0,1,1
context_37688.json,unstructured_whole,1,1,0,1,1
context_37755.json,structured,3,3,0,1,1
context_37755.json,root_preamble,1,1,0,1,1
context_37767.json,structured,7,7,0,1,1
context_37767.json,root_preamble,1,1,0,1,1
context_37876.json,structured,8,8,0,1,1
context_37876.json,root_preamble,1,1,0,1,1
context_37894.json,structured,2,2,0,1,1
context_37894.json,root_preamble,1,1,0,1,1
context_37921.json,structured,36,36,0,1,1
context_37921.json,root_preamble,1,1,0,1,1
context_38063.json,structured,8,8,0,1,1
context_38063.json,root_preamble,1,1,0,1,1
context_3810.json,structured,24,24,0,1,1
context_3810.json,root_preamble,1,1,0,1,1
context_38132.json,structured,13,13,0,1,1
context_38132.json,root_preamble,1,1,0,1,1
context_38281.json,structured,20,20,0,1,1
context_38281.json,root_preamble,1,1,0,1,1
context_38386.json,structured,20,20,0,1,1
context_38386.json,root_preamble,1,1,0,1,1
context_38655.json,structured,41,41,0,1,1
context_38655.json,root_preamble,1,1,0,1,1
context_38715.json,structured,31,31,0,1,1
context_38715.json,root_preamble,1,1,0,1,1
context_38730.json,structured,10,10,0,1,1
context_38730.json,root_preamble,1,1,0,1,1
context_38733.json,structured,25,25,0,1,1
context_38733.json,root_preamble,1,1,0,1,1
context_38738.json,structured,10,10,0,1,1
context_38738.json,root_preamble,1,1,0,1,1
context_38741.json,structured,4,4,0,1,1
context_38741.json,root_preamble,1,1,0,1,1
context_38754.json,structured,20,20,0,1,1
context_38754.json,root_preamble,1,1,0,1,1
context_38795.json,structured,26,26,0,1,1
context_38795.json,root_preamble,1,1,0,1,1
context_38928.json,structured,3,3,0,1,1
context_38928.json,root_preamble,1,1,0,1,1
context_38938.json,structured,35,35,0,1,1
context_38938.json,root_preamble,1,1,0,1,1
context_38977.json,structured,9,9,0,1,1
context_38977.json,root_preamble,1,1,0,1,1
context_39019.json,structured,9,9,0,1,1
context_39019.json,root_preamble,1,1,0,1,1
context_39031.json,structured,68,68,0,1,1
context_39031.json,root_preamble,1,1,0,1,1
context_39095.json,structured,2,2,0,1,1
context_39095.json,root_preamble,1,1,0,1,1
context_39140.json,structured,3,3,0,1,1
context_39140.json,root_preamble,1,1,0,1,1
context_39160.json,unstructured_whole,1,1,0,1,1
context_39186.json,structured,5,5,0,1,1
context_39186.json,root_preamble,1,1,0,1,1
context_392.json,structured,54,54,0,1,1
context_392.json,root_preamble,1,1,0,1,1
context_39274.json,structured,50,50,0,1,1
context_39274.json,root_preamble,1,1,0,1,1
context_39278.json,structured,64,64,0,1,1
context_39278.json,root_preamble,1,1,0,1,1
context_39331.json,structured,19,19,0,1,1
context_39331.json,root_preamble,1,1,0,1,1
context_39345.json,structured,7,7,0,1,1
context_39345.json,root_preamble,1,1,0,1,1
context_39362.json,unstructured_whole,1,1,0,1,1
context_39522.json,structured,16,16,0,1,1
context_39522.json,root_preamble,1,1,0,1,1
context_39597.json,unstructured_whole,1,1,0,1,1
context_396.json,structured,9,9,0,1,1
context_396.json,root_preamble,1,1,0,1,1
context_39639.json,structured,21,21,0,1,1
context_39639.json,root_preamble,1,1,0,1,1
context_39648.json,structured,38,38,0,1,1
context_39648.json,root_preamble,1,1,0,1,1
context_39679.json,structured,4,4,0,1,1
context_39679.json,root_preamble,1,1,0,1,1
context_39758.json,unstructured_whole,1,1,0,1,1
context_39829.json,structured,3,3,0,1,1
context_39829.json,root_preamble,1,1,0,1,1
context_39845.json,structured,59,59,0,1,1
context_39845.json,root_preamble,1,1,0,1,1
context_39859.json,structured,15,15,0,1,1
context_39859.json,root_preamble,1,1,0,1,1
context_39873.json,structured,63,63,0,1,1
context_39873.json,root_preamble,1,1,0,1,1
context_39896.json,structured,24,24,0,1,1
context_39896.json,root_preamble,1,1,0,1,1
context_39897.json,structured,39,39,0,1,1
context_39897.json,root_preamble,1,1,0,1,1
context_39898.json,structured,6,6,0,1,1
context_39898.json,root_preamble,1,1,0,1,1
context_39918.json,structured,2,2,0,1,1
context_39918.json,root_preamble,1,1,0,1,1
context_39920.json,structured,22,22,0,1,1
context_39920.json,root_preamble,1,1,0,1,1
context_3993.json,structured,35,35,0,1,1
context_3993.json,root_preamble,1,1,0,1,1
context_39975.json,structured,21,21,0,1,1
context_39975.json,root_preamble,1,1,0,1,1
context_40039.json,structured,19,19,0,1,1
context_40039.json,root_preamble,1,1,0,1,1
context_40070.json,structured,5,5,0,1,1
context_40070.json,root_preamble,1,1,0,1,1
context_40248.json,structured,32,32,0,1,1
context_40248.json,root_preamble,1,1,0,1,1
context_40273.json,structured,24,24,0,1,1
context_40273.json,root_preamble,1,1,0,1,1
context_40366.json,structured,13,13,0,1,1
context_40366.json,root_preamble,1,1,0,1,1
context_40445.json,structured,6,6,0,1,1
context_40445.json,root_preamble,1,1,0,1,1
context_40481.json,structured,8,8,0,1,1
context_40481.json,root_preamble,1,1,0,1,1
context_40528.json,structured,36,36,0,1,1
context_40528.json,root_preamble,1,1,0,1,1
context_40539.json,structured,54,54,0,1,1
context_40539.json,root_preamble,1,1,0,1,1
context_40560.json,structured,7,7,0,1,1
context_40560.json,root_preamble,1,1,0,1,1
context_40569.json,structured,39,39,0,1,1
context_40569.json,root_preamble,1,1,0,1,1
context_40635.json,structured,17,17,0,1,1
context_40635.json,root_preamble,1,1,0,1,1
context_40643.json,structured,52,52,0,1,1
context_40643.json,root_preamble,1,1,0,1,1
context_40652.json,structured,7,7,0,1,1
context_40652.json,root_preamble,1,1,0,1,1
context_40688.json,structured,18,18,0,1,1
context_40688.json,root_preamble,1,1,0,1,1
context_40715.json,structured,3,3,0,1,1
context_40715.json,root_preamble,1,1,0,1,1
context_40762.json,structured,16,16,0,1,1
context_40762.json,root_preamble,1,1,0,1,1
context_40776.json,structured,19,19,0,1,1
context_40776.json,root_preamble,1,1,0,1,1
context_40795.json,unstructured_whole,1,1,0,1,1
context_40801.json,structured,18,18,0,1,1
context_40801.json,root_preamble,1,1,0,1,1
context_40836.json,structured,47,47,0,1,1
context_40836.json,root_preamble,1,1,0,1,1
context_4085.json,structured,15,15,0,1,1
context_4085.json,root_preamble,1,1,0,1,1
context_40881.json,structured,16,16,0,1,1
context_40881.json,root_preamble,1,1,0,1,1
context_40965.json,unstructured_whole,1,1,0,1,1
context_41036.json,structured,5,5,0,1,1
context_41036.json,root_preamble,1,1,0,1,1
context_41144.json,structured,1,1,0,1,1
context_41144.json,root_preamble,1,1,0,1,1
context_4123.json,structured,17,17,0,1,1
context_4123.json,root_preamble,1,1,0,1,1
context_41350.json,structured,22,22,0,1,1
context_41350.json,root_preamble,1,1,0,1,1
context_41372.json,structured,21,21,0,1,1
context_41372.json,root_preamble,1,1,0,1,1
context_41384.json,structured,19,19,0,1,1
context_41384.json,root_preamble,1,1,0,1,1
context_41395.json,structured,6,6,0,1,1
context_41395.json,root_preamble,1,1,0,1,1
context_41412.json,structured,17,17,0,1,1
context_41412.json,root_preamble,1,1,0,1,1
context_41417.json,structured,5,5,0,1,1
context_41417.json,root_preamble,1,1,0,1,1
context_4146.json,structured,22,22,0,1,1
context_4146.json,root_preamble,1,1,0,1,1
context_41460.json,structured,38,38,0,1,1
context_41460.json,root_preamble,1,1,0,1,1
context_41472.json,structured,32,32,0,1,1
context_41472.json,root_preamble,1,1,0,1,1
context_41657.json,structured,43,43,0,1,1
context_41657.json,root_preamble,1,1,0,1,1
context_4172.json,structured,41,41,0,1,1
context_4172.json,root_preamble,1,1,0,1,1
context_41773.json,structured,30,30,0,1,1
context_41773.json,root_preamble,1,1,0,1,1
context_41776.json,structured,12,12,0,1,1
context_41776.json,root_preamble,1,1,0,1,1
context_41846.json,structured,16,16,0,1,1
context_41846.json,root_preamble,1,1,0,1,1
context_41858.json,structured,87,87,0,1,1
context_41858.json,root_preamble,1,1,0,1,1
context_41861.json,structured,21,21,0,1,1
context_41861.json,root_preamble,1,1,0,1,1
context_41890.json,structured,7,7,0,1,1
context_41890.json,root_preamble,1,1,0,1,1
context_41897.json,unstructured_whole,1,1,0,1,1
context_42044.json,structured,17,17,0,1,1
context_42044.json,root_preamble,1,1,0,1,1
context_42079.json,unstructured_whole,1,1,0,1,1
context_42121.json,structured,8,8,0,1,1
context_42121.json,root_preamble,1,1,0,1,1
context_42184.json,unstructured_whole,1,1,0,1,1
context_42208.json,structured,57,57,0,1,1
context_42208.json,root_preamble,1,1,0,1,1
context_42223.json,structured,186,186,0,1,1
context_42223.json,root_preamble,1,1,0,1,1
context_42224.json,structured,47,47,0,1,1
context_42224.json,root_preamble,1,1,0,1,1
context_42229.json,structured,8,8,0,1,1
context_42229.json,root_preamble,1,1,0,1,1
context_42236.json,structured,2,2,0,1,1
context_42236.json,root_preamble,1,1,0,1,1
context_4226.json,structured,2,2,0,1,1
context_4226.json,root_preamble,1,1,0,1,1
context_42262.json,structured,120,120,0,1,1
context_42262.json,root_preamble,1,1,0,1,1
context_42309.json,structured,9,9,0,1,1
context_42309.json,root_preamble,1,1,0,1,1
context_42327.json,structured,13,13,0,1,1
context_42327.json,root_preamble,1,1,0,1,1
context_42329.json,structured,17,17,0,1,1
context_42329.json,root_preamble,1,1,0,1,1
context_42342.json,structured,40,40,0,1,1
context_42342.json,root_preamble,1,1,0,1,1
context_42355.json,structured,22,22,0,1,1
context_42355.json,root_preamble,1,1,0,1,1
context_42370.json,structured,30,30,0,1,1
context_42370.json,root_preamble,1,1,0,1,1
context_42379.json,structured,13,13,0,1,1
context_42379.json,root_preamble,1,1,0,1,1
context_42440.json,structured,17,17,0,1,1
context_42440.json,root_preamble,1,1,0,1,1
context_42448.json,structured,18,18,0,1,1
context_42448.json,root_preamble,1,1,0,1,1
context_42493.json,structured,6,6,0,1,1
context_42493.json,root_preamble,1,1,0,1,1
context_42494.json,unstructured_whole,1,1,0,1,1
context_42498.json,structured,47,47,0,1,1
context_42498.json,root_preamble,1,1,0,1,1
context_42509.json,structured,5,5,0,1,1
context_42509.json,root_preamble,1,1,0,1,1
context_42530.json,structured,38,38,0,1,1
context_42530.json,root_preamble,1,1,0,1,1
context_42541.json,structured,80,80,0,1,1
context_42541.json,root_preamble,1,1,0,1,1
context_42547.json,unstructured_whole,1,1,0,1,1
context_4255.json,structured,37,37,0,1,1
context_4255.json,root_preamble,1,1,0,1,1
context_42562.json,structured,5,5,0,1,1
context_42562.json,root_preamble,1,1,0,1,1
context_42583.json,structured,5,5,0,1,1
context_42583.json,root_preamble,1,1,0,1,1
context_42598.json,structured,10,10,0,1,1
context_42598.json,root_preamble,1,1,0,1,1
context_42614.json,structured,2,2,0,1,1
context_42614.json,root_preamble,1,1,0,1,1
context_42627.json,structured,3,3,0,1,1
context_42627.json,root_preamble,1,1,0,1,1
context_42663.json,unstructured_whole,1,1,0,1,1
context_42671.json,unstructured_whole,1,1,0,1,1
context_42692.json,structured,42,42,0,1,1
context_42692.json,root_preamble,1,1,0,1,1
context_42700.json,unstructured_whole,1,1,0,1,1
context_42706.json,structured,27,27,0,1,1
context_42706.json,root_preamble,1,1,0,1,1
context_42767.json,structured,19,19,0,1,1
context_42767.json,root_preamble,1,1,0,1,1
context_42793.json,structured,15,15,0,1,1
context_42793.json,root_preamble,1,1,0,1,1
context_42863.json,structured,14,14,0,1,1
context_42863.json,root_preamble,1,1,0,1,1
context_42870.json,structured,9,9,0,1,1
context_42870.json,root_preamble,1,1,0,1,1
context_42905.json,structured,23,23,0,1,1
context_42905.json,root_preamble,1,1,0,1,1
context_42910.json,structured,12,12,0,1,1
context_42910.json,root_preamble,1,1,0,1,1
context_42916.json,structured,22,22,0,1,1
context_42916.json,root_preamble,1,1,0,1,1
context_42929.json,structured,3,3,0,1,1
context_42929.json,root_preamble,1,1,0,1,1
context_42942.json,structured,16,16,0,1,1
context_42942.json,root_preamble,1,1,0,1,1
context_42991.json,structured,27,27,0,1,1
context_42991.json,root_preamble,1,1,0,1,1
context_43013.json,structured,15,15,0,1,1
context_43013.json,root_preamble,1,1,0,1,1
context_43018.json,structured,54,54,0,1,1
context_43018.json,root_preamble,1,1,0,1,1
context_43044.json,structured,36,36,0,1,1
context_43044.json,root_preamble,1,1,0,1,1
context_43057.json,structured,17,17,0,1,1
context_43057.json,root_preamble,1,1,0,1,1
context_43096.json,structured,14,14,0,1,1
context_43096.json,root_preamble,1,1,0,1,1
context_4314.json,structured,4,4,0,1,1
context_4314.json,root_preamble,1,1,0,1,1
context_4319.json,structured,2,2,0,1,1
context_4319.json,root_preamble,1,1,0,1,1
context_43345.json,structured,6,6,0,1,1
context_43345.json,root_preamble,1,1,0,1,1
context_43396.json,unstructured_whole,1,1,0,1,1
context_43413.json,structured,8,8,0,1,1
context_43413.json,root_preamble,1,1,0,1,1
context_43443.json,structured,6,6,0,1,1
context_43443.json,root_preamble,1,1,0,1,1
context_43474.json,structured,10,10,0,1,1
context_43474.json,root_preamble,1,1,0,1,1
context_43481.json,structured,31,31,0,1,1
context_43481.json,root_preamble,1,1,0,1,1
context_43535.json,structured,4,4,0,1,1
context_43535.json,root_preamble,1,1,0,1,1
context_4355.json,structured,50,50,0,1,1
context_4355.json,root_preamble,1,1,0,1,1
context_43592.json,structured,57,57,0,1,1
context_43592.json,root_preamble,1,1,0,1,1
context_43611.json,structured,17,17,0,1,1
context_43611.json,root_preamble,1,1,0,1,1
context_43622.json,structured,5,5,0,1,1
context_43622.json,root_preamble,1,1,0,1,1
context_43627.json,structured,5,5,0,1,1
context_43627.json,root_preamble,1,1,0,1,1
context_43681.json,structured,31,31,0,1,1
context_43681.json,root_preamble,1,1,0,1,1
context_43699.json,structured,5,5,0,1,1
context_43699.json,root_preamble,1,1,0,1,1
context_43744.json,structured,12,12,0,1,1
context_43744.json,root_preamble,1,1,0,1,1
context_43761.json,structured,18,18,0,1,1
context_43761.json,root_preamble,1,1,0,1,1
context_43779.json,structured,27,27,0,1,1
context_43779.json,root_preamble,1,1,0,1,1
context_43814.json,structured,5,5,0,1,1
context_43814.json,root_preamble,1,1,0,1,1
context_43837.json,structured,8,8,0,1,1
context_43837.json,root_preamble,1,1,0,1,1
context_43840.json,structured,129,129,0,1,1
context_43840.json,root_preamble,1,1,0,1,1
context_43848.json,structured,24,24,0,1,1
context_43848.json,root_preamble,1,1,0,1,1
context_43858.json,structured,33,33,0,1,1
context_43858.json,root_preamble,1,1,0,1,1
context_43866.json,structured,11,11,0,1,1
context_43866.json,root_preamble,1,1,0,1,1
context_43906.json,unstructured_whole,1,1,0,1,1
context_43909.json,structured,47,47,0,1,1
context_43909.json,root_preamble,1,1,0,1,1
context_43940.json,structured,2,2,0,1,1
context_43940.json,root_preamble,1,1,0,1,1
context_43963.json,structured,6,6,0,1,1
context_43963.json,root_preamble,1,1,0,1,1
context_43981.json,structured,29,29,0,1,1
context_43981.json,root_preamble,1,1,0,1,1
context_44007.json,structured,23,23,0,1,1
context_44007.json,root_preamble,1,1,0,1,1
context_44009.json,structured,14,14,0,1,1
context_44009.json,root_preamble,1,1,0,1,1
context_44082.json,structured,88,88,0,1,1
context_44082.json,root_preamble,1,1,0,1,1
context_44086.json,structured,15,15,0,1,1
context_44086.json,root_preamble,1,1,0,1,1
context_44127.json,structured,6,6,0,1,1
context_44127.json,root_preamble,1,1,0,1,1
context_44135.json,unstructured_whole,1,1,0,1,1
context_44200.json,structured,40,40,0,1,1
context_44200.json,root_preamble,1,1,0,1,1
context_4423.json,structured,2,2,0,1,1
context_4423.json,root_preamble,1,1,0,1,1
context_44233.json,structured,22,22,0,1,1
context_44233.json,root_preamble,1,1,0,1,1
context_44264.json,structured,24,24,0,1,1
context_44264.json,root_preamble,1,1,0,1,1
context_44377.json,structured,24,24,0,1,1
context_44377.json,root_preamble,1,1,0,1,1
context_44425.json,structured,8,8,0,1,1
context_44425.json,root_preamble,1,1,0,1,1
context_44430.json,structured,47,47,0,1,1
context_44430.json,root_preamble,1,1,0,1,1
context_44451.json,structured,12,12,0,1,1
context_44451.json,root_preamble,1,1,0,1,1
context_44466.json,structured,16,16,0,1,1
context_44466.json,root_preamble,1,1,0,1,1
context_44529.json,structured,8,8,0,1,1
context_44529.json,root_preamble,1,1,0,1,1
context_44531.json,structured,8,8,0,1,1
context_44531.json,root_preamble,1,1,0,1,1
context_44580.json,structured,89,89,0,1,1
context_44580.json,root_preamble,1,1,0,1,1
context_44592.json,structured,17,17,0,1,1
context_44592.json,root_preamble,1,1,0,1,1
context_44647.json,structured,38,38,0,1,1
context_44647.json,root_preamble,1,1,0,1,1
context_44653.json,structured,4,4,0,1,1
context_44653.json,root_preamble,1,1,0,1,1
context_44701.json,structured,29,29,0,1,1
context_44701.json,root_preamble,1,1,0,1,1
context_44702.json,structured,38,38,0,1,1
context_44702.json,root_preamble,1,1,0,1,1
context_44706.json,structured,4,4,0,1,1
context_44706.json,root_preamble,1,1,0,1,1
context_44724.json,structured,19,19,0,1,1
context_44724.json,root_preamble,1,1,0,1,1
context_44775.json,structured,92,92,0,1,1
context_44775.json,root_preamble,1,1,0,1,1
context_44800.json,structured,12,12,0,1,1
context_44800.json,root_preamble,1,1,0,1,1
context_44802.json,structured,80,80,0,1,1
context_44802.json,root_preamble,1,1,0,1,1
context_44878.json,structured,37,37,0,1,1
context_44878.json,root_preamble,1,1,0,1,1
context_44891.json,structured,6,6,0,1,1
context_44891.json,root_preamble,1,1,0,1,1
context_44900.json,structured,9,9,0,1,1
context_44900.json,root_preamble,1,1,0,1,1
context_44959.json,structured,33,33,0,1,1
context_44959.json,root_preamble,1,1,0,1,1
context_44995.json,structured,17,17,0,1,1
context_44995.json,root_preamble,1,1,0,1,1
context_45001.json,structured,7,7,0,1,1
context_45001.json,root_preamble,1,1,0,1,1
context_45003.json,unstructured_whole,1,1,0,1,1
context_45080.json,structured,7,7,0,1,1
context_45080.json,root_preamble,1,1,0,1,1
context_45160.json,structured,20,20,0,1,1
context_45160.json,root_preamble,1,1,0,1,1
context_45216.json,structured,14,14,0,1,1
context_45216.json,root_preamble,1,1,0,1,1
context_45230.json,structured,12,12,0,1,1
context_45230.json,root_preamble,1,1,0,1,1
context_45275.json,structured,18,18,0,1,1
context_45275.json,root_preamble,1,1,0,1,1
context_45352.json,structured,21,21,0,1,1
context_45352.json,root_preamble,1,1,0,1,1
context_45360.json,structured,30,30,0,1,1
context_45360.json,root_preamble,1,1,0,1,1
context_45394.json,unstructured_whole,1,1,0,1,1
context_45451.json,structured,12,12,0,1,1
context_45451.json,root_preamble,1,1,0,1,1
context_45464.json,structured,1,1,0,1,1
context_45464.json,root_preamble,1,1,0,1,1
context_45498.json,structured,21,21,0,1,1
context_45498.json,root_preamble,1,1,0,1,1
context_45524.json,structured,24,24,0,1,1
context_45524.json,root_preamble,1,1,0,1,1
context_45591.json,structured,7,7,0,1,1
context_45591.json,root_preamble,1,1,0,1,1
context_45604.json,structured,5,5,0,1,1
context_45604.json,root_preamble,1,1,0,1,1
context_45606.json,structured,5,5,0,1,1
context_45606.json,root_preamble,1,1,0,1,1
context_45655.json,structured,14,14,0,1,1
context_45655.json,root_preamble,1,1,0,1,1
context_45727.json,structured,28,28,0,1,1
context_45727.json,root_preamble,1,1,0,1,1
context_45790.json,structured,36,36,0,1,1
context_45790.json,root_preamble,1,1,0,1,1
context_45794.json,structured,9,9,0,1,1
context_45794.json,root_preamble,1,1,0,1,1
context_45805.json,structured,2,2,0,1,1
context_45805.json,root_preamble,1,1,0,1,1
context_4583.json,structured,21,21,0,1,1
context_4583.json,root_preamble,1,1,0,1,1
context_45835.json,structured,6,6,0,1,1
context_45835.json,root_preamble,1,1,0,1,1
context_45843.json,unstructured_whole,1,1,0,1,1
context_45948.json,structured,5,5,0,1,1
context_45948.json,root_preamble,1,1,0,1,1
context_45962.json,structured,38,38,0,1,1
context_45962.json,root_preamble,1,1,0,1,1
context_46018.json,structured,36,36,0,1,1
context_46018.json,root_preamble,1,1,0,1,1
context_46025.json,structured,40,40,0,1,1
context_46025.json,root_preamble,1,1,0,1,1
context_46035.json,structured,1,1,0,1,1
context_46035.json,root_preamble,1,1,0,1,1
context_46039.json,structured,26,26,0,1,1
context_46039.json,root_preamble,1,1,0,1,1
context_46045.json,structured,18,18,0,1,1
context_46045.json,root_preamble,1,1,0,1,1
context_46123.json,structured,24,24,0,1,1
context_46123.json,root_preamble,1,1,0,1,1
context_46155.json,structured,15,15,0,1,1
context_46155.json,root_preamble,1,1,0,1,1
context_46209.json,structured,2,2,0,1,1
context_46209.json,root_preamble,1,1,0,1,1
context_46232.json,structured,1,1,0,1,1
context_46232.json,root_preamble,1,1,0,1,1
context_46289.json,structured,26,26,0,1,1
context_46289.json,root_preamble,1,1,0,1,1
context_46291.json,structured,2,2,0,1,1
context_46291.json,root_preamble,1,1,0,1,1
context_46335.json,structured,4,4,0,1,1
context_46335.json,root_preamble,1,1,0,1,1
context_4634.json,structured,18,18,0,1,1
context_4634.json,root_preamble,1,1,0,1,1
context_46360.json,structured,3,3,0,1,1
context_46360.json,root_preamble,1,1,0,1,1
context_46426.json,structured,8,8,0,1,1
context_46426.json,root_preamble,1,1,0,1,1
context_46428.json,unstructured_whole,1,1,0,1,1
context_4644.json,structured,22,22,0,1,1
context_4644.json,root_preamble,1,1,0,1,1
context_46472.json,structured,7,7,0,1,1
context_46472.json,root_preamble,1,1,0,1,1
context_46486.json,structured,6,6,0,1,1
context_46486.json,root_preamble,1,1,0,1,1
context_46499.json,structured,12,12,0,1,1
context_46499.json,root_preamble,1,1,0,1,1
context_46615.json,structured,6,6,0,1,1
context_46615.json,root_preamble,1,1,0,1,1
context_46691.json,structured,20,20,0,1,1
context_46691.json,root_preamble,1,1,0,1,1
context_46790.json,structured,50,50,0,1,1
context_46790.json,root_preamble,1,1,0,1,1
context_46797.json,structured,3,3,0,1,1
context_46797.json,root_preamble,1,1,0,1,1
context_46801.json,structured,40,40,0,1,1
context_46801.json,root_preamble,1,1,0,1,1
context_46833.json,structured,6,6,0,1,1
context_46833.json,root_preamble,1,1,0,1,1
context_46851.json,structured,5,5,0,1,1
context_46851.json,root_preamble,1,1,0,1,1
context_46856.json,structured,17,17,0,1,1
context_46856.json,root_preamble,1,1,0,1,1
context_46886.json,structured,5,5,0,1,1
context_46886.json,root_preamble,1,1,0,1,1
context_4690.json,structured,19,19,0,1,1
context_4690.json,root_preamble,1,1,0,1,1
context_46918.json,structured,342,342,0,1,1
context_46918.json,root_preamble,1,1,0,1,1
context_46944.json,unstructured_whole,1,1,0,1,1
context_46970.json,structured,64,64,0,1,1
context_46970.json,root_preamble,1,1,0,1,1
context_46976.json,structured,20,20,0,1,1
context_46976.json,root_preamble,1,1,0,1,1
context_47006.json,structured,28,28,0,1,1
context_47006.json,root_preamble,1,1,0,1,1
context_47011.json,structured,3,3,0,1,1
context_47011.json,root_preamble,1,1,0,1,1
context_47020.json,unstructured_whole,1,1,0,1,1
context_47050.json,structured,41,41,0,1,1
context_47050.json,root_preamble,1,1,0,1,1
context_47078.json,structured,49,49,0,1,1
context_47078.json,root_preamble,1,1,0,1,1
context_47138.json,structured,19,19,0,1,1
context_47138.json,root_preamble,1,1,0,1,1
context_47212.json,structured,5,5,0,1,1
context_47212.json,root_preamble,1,1,0,1,1
context_47247.json,structured,34,34,0,1,1
context_47247.json,root_preamble,1,1,0,1,1
context_47281.json,structured,4,4,0,1,1
context_47281.json,root_preamble,1,1,0,1,1
context_47307.json,structured,36,36,0,1,1
context_47307.json,root_preamble,1,1,0,1,1
context_47355.json,structured,2,2,0,1,1
context_47355.json,root_preamble,1,1,0,1,1
context_4736.json,structured,58,58,0,1,1
context_4736.json,root_preamble,1,1,0,1,1
context_47374.json,structured,15,15,0,1,1
context_47374.json,root_preamble,1,1,0,1,1
context_47375.json,structured,8,8,0,1,1
context_47375.json,root_preamble,1,1,0,1,1
context_47388.json,structured,72,72,0,1,1
context_47388.json,root_preamble,1,1,0,1,1
context_47401.json,structured,5,5,0,1,1
context_47401.json,root_preamble,1,1,0,1,1
context_47410.json,structured,6,6,0,1,1
context_47410.json,root_preamble,1,1,0,1,1
context_47437.json,structured,5,5,0,1,1
context_47437.json,root_preamble,1,1,0,1,1
context_47483.json,structured,3,3,0,1,1
context_47483.json,root_preamble,1,1,0,1,1
context_47546.json,structured,98,98,0,1,1
context_47546.json,root_preamble,1,1,0,1,1
context_47582.json,structured,13,13,0,1,1
context_47582.json,root_preamble,1,1,0,1,1
context_47682.json,structured,3,3,0,1,1
context_47682.json,root_preamble,1,1,0,1,1
context_47686.json,structured,42,42,0,1,1
context_47686.json,root_preamble,1,1,0,1,1
context_47753.json,structured,28,28,0,1,1
context_47753.json,root_preamble,1,1,0,1,1
context_47818.json,structured,32,32,0,1,1
context_47818.json,root_preamble,1,1,0,1,1
context_47906.json,structured,2,2,0,1,1
context_47906.json,root_preamble,1,1,0,1,1
context_47911.json,structured,11,11,0,1,1
context_47911.json,root_preamble,1,1,0,1,1
context_47948.json,structured,5,5,0,1,1
context_47948.json,root_preamble,1,1,0,1,1
context_4795.json,structured,23,23,0,1,1
context_4795.json,root_preamble,1,1,0,1,1
context_47965.json,structured,28,28,0,1,1
context_47965.json,root_preamble,1,1,0,1,1
context_48031.json,structured,32,32,0,1,1
context_48031.json,root_preamble,1,1,0,1,1
context_48061.json,structured,19,19,0,1,1
context_48061.json,root_preamble,1,1,0,1,1
context_4809.json,structured,47,47,0,1,1
context_4809.json,root_preamble,1,1,0,1,1
context_48091.json,unstructured_whole,1,1,0,1,1
context_48177.json,structured,2,2,0,1,1
context_48177.json,root_preamble,1,1,0,1,1
context_48178.json,structured,6,6,0,1,1
context_48178.json,root_preamble,1,1,0,1,1
context_48205.json,structured,38,38,0,1,1
context_48205.json,root_preamble,1,1,0,1,1
context_48223.json,structured,77,77,0,1,1
context_48223.json,root_preamble,1,1,0,1,1
context_48229.json,structured,9,9,0,1,1
context_48229.json,root_preamble,1,1,0,1,1
context_48240.json,structured,7,7,0,1,1
context_48240.json,root_preamble,1,1,0,1,1
context_48280.json,structured,6,6,0,1,1
context_48280.json,root_preamble,1,1,0,1,1
context_4831.json,unstructured_whole,1,1,0,1,1
context_48358.json,structured,31,31,0,1,1
context_48358.json,root_preamble,1,1,0,1,1
context_48385.json,structured,13,13,0,1,1
context_48385.json,root_preamble,1,1,0,1,1
context_48429.json,structured,51,51,0,1,1
context_48429.json,root_preamble,1,1,0,1,1
context_48446.json,structured,19,19,0,1,1
context_48446.json,root_preamble,1,1,0,1,1
context_48456.json,structured,41,41,0,1,1
context_48456.json,root_preamble,1,1,0,1,1
context_48508.json,structured,2,2,0,1,1
context_48508.json,root_preamble,1,1,0,1,1
context_48516.json,structured,29,29,0,1,1
context_48516.json,root_preamble,1,1,0,1,1
context_4852.json,structured,8,8,0,1,1
context_4852.json,root_preamble,1,1,0,1,1
context_48551.json,structured,34,34,0,1,1
context_48551.json,root_preamble,1,1,0,1,1
context_48595.json,structured,71,71,0,1,1
context_48595.json,root_preamble,1,1,0,1,1
context_48619.json,structured,6,6,0,1,1
context_48619.json,root_preamble,1,1,0,1,1
context_48646.json,structured,4,4,0,1,1
context_48646.json,root_preamble,1,1,0,1,1
context_48722.json,structured,1,1,0,1,1
context_48722.json,root_preamble,1,1,0,1,1
context_48761.json,structured,50,50,0,1,1
context_48761.json,root_preamble,1,1,0,1,1
context_48773.json,structured,43,43,0,1,1
context_48773.json,root_preamble,1,1,0,1,1
context_48782.json,structured,5,5,0,1,1
context_48782.json,root_preamble,1,1,0,1,1
context_48801.json,structured,23,23,0,1,1
context_48801.json,root_preamble,1,1,0,1,1
context_48827.json,structured,28,28,0,1,1
context_48827.json,root_preamble,1,1,0,1,1
context_48849.json,structured,3,3,0,1,1
context_48849.json,root_preamble,1,1,0,1,1
context_48994.json,unstructured_whole,1,1,0,1,1
context_49036.json,structured,31,31,0,1,1
context_49036.json,root_preamble,1,1,0,1,1
context_49062.json,structured,23,23,0,1,1
context_49062.json,root_preamble,1,1,0,1,1
context_49087.json,structured,8,8,0,1,1
context_49087.json,root_preamble,1,1,0,1,1
context_49115.json,structured,36,36,0,1,1
context_49115.json,root_preamble,1,1,0,1,1
context_49128.json,structured,15,15,0,1,1
context_49128.json,root_preamble,1,1,0,1,1
context_49216.json,structured,4,4,0,1,1
context_49216.json,root_preamble,1,1,0,1,1
context_49221.json,structured,25,25,0,1,1
context_49221.json,root_preamble,1,1,0,1,1
context_49294.json,structured,5,5,0,1,1
context_49294.json,root_preamble,1,1,0,1,1
context_49375.json,structured,14,14,0,1,1
context_49375.json,root_preamble,1,1,0,1,1
context_49384.json,structured,22,22,0,1,1
context_49384.json,root_preamble,1,1,0,1,1
context_49395.json,structured,17,17,0,1,1
context_49395.json,root_preamble,1,1,0,1,1
context_49399.json,structured,15,15,0,1,1
context_49399.json,root_preamble,1,1,0,1,1
context_49418.json,structured,4,4,0,1,1
context_49418.json,root_preamble,1,1,0,1,1
context_49423.json,structured,13,13,0,1,1
context_49423.json,root_preamble,1,1,0,1,1
context_49455.json,structured,11,11,0,1,1
context_49455.json,root_preamble,1,1,0,1,1
context_49507.json,unstructured_whole,1,1,0,1,1
context_49558.json,structured,34,34,0,1,1
context_49558.json,root_preamble,1,1,0,1,1
context_49626.json,structured,28,28,0,1,1
context_49626.json,root_preamble,1,1,0,1,1
context_49643.json,structured,29,29,0,1,1
context_49643.json,root_preamble,1,1,0,1,1
context_497.json,structured,9,9,0,1,1
context_497.json,root_preamble,1,1,0,1,1
context_49736.json,structured,36,36,0,1,1
context_49736.json,root_preamble,1,1,0,1,1
context_49751.json,structured,5,5,0,1,1
context_49751.json,root_preamble,1,1,0,1,1
context_49766.json,structured,2,2,0,1,1
context_49766.json,root_preamble,1,1,0,1,1
context_49846.json,structured,20,20,0,1,1
context_49846.json,root_preamble,1,1,0,1,1
context_49854.json,structured,49,49,0,1,1
context_49854.json,root_preamble,1,1,0,1,1
context_49858.json,structured,23,23,0,1,1
context_49858.json,root_preamble,1,1,0,1,1
context_49879.json,unstructured_whole,1,1,0,1,1
context_49889.json,structured,27,27,0,1,1
context_49889.json,root_preamble,1,1,0,1,1
context_5003.json,structured,17,17,0,1,1
context_5003.json,root_preamble,1,1,0,1,1
context_50036.json,unstructured_whole,1,1,0,1,1
context_50236.json,structured,11,11,0,1,1
context_50236.json,root_preamble,1,1,0,1,1
context_50273.json,structured,11,11,0,1,1
context_50273.json,root_preamble,1,1,0,1,1
context_50279.json,structured,20,20,0,1,1
context_50279.json,root_preamble,1,1,0,1,1
context_50302.json,structured,36,36,0,1,1
context_50302.json,root_preamble,1,1,0,1,1
context_5041.json,structured,24,24,0,1,1
context_5041.json,root_preamble,1,1,0,1,1
context_5042.json,unstructured_whole,1,1,0,1,1
context_50424.json,structured,44,44,0,1,1
context_50424.json,root_preamble,1,1,0,1,1
context_50448.json,structured,5,5,0,1,1
context_50448.json,root_preamble,1,1,0,1,1
context_50449.json,structured,15,15,0,1,1
context_50449.json,root_preamble,1,1,0,1,1
context_50490.json,structured,11,11,0,1,1
context_50490.json,root_preamble,1,1,0,1,1
context_5051.json,structured,21,21,0,1,1
context_5051.json,root_preamble,1,1,0,1,1
context_50553.json,structured,28,28,0,1,1
context_50553.json,root_preamble,1,1,0,1,1
context_50615.json,structured,5,5,0,1,1
context_50615.json,root_preamble,1,1,0,1,1
context_50764.json,structured,5,5,0,1,1
context_50764.json,root_preamble,1,1,0,1,1
context_5082.json,structured,16,16,0,1,1
context_5082.json,root_preamble,1,1,0,1,1
context_50850.json,structured,23,23,0,1,1
context_50850.json,root_preamble,1,1,0,1,1
context_50881.json,structured,5,5,0,1,1
context_50881.json,root_preamble,1,1,0,1,1
context_50885.json,structured,106,106,0,1,1
context_50885.json,root_preamble,1,1,0,1,1
context_50904.json,structured,4,4,0,1,1
context_50904.json,root_preamble,1,1,0,1,1
context_50911.json,structured,22,22,0,1,1
context_50911.json,root_preamble,1,1,0,1,1
context_50921.json,structured,3,3,0,1,1
context_50921.json,root_preamble,1,1,0,1,1
context_50930.json,structured,43,43,0,1,1
context_50930.json,root_preamble,1,1,0,1,1
context_50957.json,structured,5,5,0,1,1
context_50957.json,root_preamble,1,1,0,1,1
context_50969.json,unstructured_whole,1,1,0,1,1
context_50995.json,structured,10,10,0,1,1
context_50995.json,root_preamble,1,1,0,1,1
context_51009.json,structured,1,1,0,1,1
context_51009.json,root_preamble,1,1,0,1,1
context_51046.json,structured,10,10,0,1,1
context_51046.json,root_preamble,1,1,0,1,1
context_51048.json,structured,8,8,0,1,1
context_51048.json,root_preamble,1,1,0,1,1
context_51127.json,structured,6,6,0,1,1
context_51127.json,root_preamble,1,1,0,1,1
context_51131.json,structured,5,5,0,1,1
context_51131.json,root_preamble,1,1,0,1,1
context_51135.json,structured,6,6,0,1,1
context_51135.json,root_preamble,1,1,0,1,1
context_51210.json,structured,20,20,0,1,1
context_51210.json,root_preamble,1,1,0,1,1
context_51240.json,structured,55,55,0,1,1
context_51240.json,root_preamble,1,1,0,1,1
context_51243.json,structured,8,8,0,1,1
context_51243.json,root_preamble,1,1,0,1,1
context_51256.json,structured,130,130,0,1,1
context_51256.json,root_preamble,1,1,0,1,1
context_5127.json,structured,9,9,0,1,1
context_5127.json,root_preamble,1,1,0,1,1
context_51273.json,structured,2,2,0,1,1
context_51273.json,root_preamble,1,1,0,1,1
context_5130.json,structured,73,73,0,1,1
context_5130.json,root_preamble,1,1,0,1,1
context_51323.json,structured,49,49,0,1,1
context_51323.json,root_preamble,1,1,0,1,1
context_51405.json,structured,48,48,0,1,1
context_51405.json,root_preamble,1,1,0,1,1
context_51406.json,structured,2,2,0,1,1
context_51406.json,root_preamble,1,1,0,1,1
context_51437.json,structured,9,9,0,1,1
context_51437.json,root_preamble,1,1,0,1,1
context_51453.json,structured,44,44,0,1,1
context_51453.json,root_preamble,1,1,0,1,1
context_51455.json,structured,24,24,0,1,1
context_51455.json,root_preamble,1,1,0,1,1
context_51493.json,structured,9,9,0,1,1
context_51493.json,root_preamble,1,1,0,1,1
context_51533.json,structured,16,16,0,1,1
context_51533.json,root_preamble,1,1,0,1,1
context_51550.json,structured,21,21,0,1,1
context_51550.json,root_preamble,1,1,0,1,1
context_51567.json,structured,7,7,0,1,1
context_51567.json,root_preamble,1,1,0,1,1
context_51629.json,structured,48,48,0,1,1
context_51629.json,root_preamble,1,1,0,1,1
context_5163.json,structured,4,4,0,1,1
context_5163.json,root_preamble,1,1,0,1,1
context_51630.json,structured,10,10,0,1,1
context_51630.json,root_preamble,1,1,0,1,1
context_51673.json,structured,4,4,0,1,1
context_51673.json,root_preamble,1,1,0,1,1
context_51682.json,structured,3,3,0,1,1
context_51682.json,root_preamble,1,1,0,1,1
context_51733.json,unstructured_whole,1,1,0,1,1
context_5174.json,structured,7,7,0,1,1
context_51753.json,structured,39,39,0,1,1
context_51753.json,root_preamble,1,1,0,1,1
context_51780.json,structured,11,11,0,1,1
context_51780.json,root_preamble,1,1,0,1,1
context_51823.json,structured,34,34,0,1,1
context_51823.json,root_preamble,1,1,0,1,1
context_51878.json,structured,56,56,0,1,1
context_51878.json,root_preamble,1,1,0,1,1
context_51941.json,structured,39,39,0,1,1
context_51941.json,root_preamble,1,1,0,1,1
context_51968.json,structured,34,34,0,1,1
context_51968.json,root_preamble,1,1,0,1,1
context_5197.json,structured,19,19,0,1,1
context_5197.json,root_preamble,1,1,0,1,1
context_52090.json,structured,47,47,0,1,1
context_52090.json,root_preamble,1,1,0,1,1
context_52285.json,structured,18,18,0,1,1
context_52285.json,root_preamble,1,1,0,1,1
context_52327.json,structured,42,42,0,1,1
context_52327.json,root_preamble,1,1,0,1,1
context_52344.json,structured,38,38,0,1,1
context_52344.json,root_preamble,1,1,0,1,1
context_52409.json,structured,18,18,0,1,1
context_52409.json,root_preamble,1,1,0,1,1
context_52434.json,structured,9,9,0,1,1
context_52434.json,root_preamble,1,1,0,1,1
context_52497.json,structured,44,44,0,1,1
context_52497.json,root_preamble,1,1,0,1,1
context_52519.json,unstructured_whole,1,1,0,1,1
context_52543.json,structured,13,13,0,1,1
context_52543.json,root_preamble,1,1,0,1,1
context_52552.json,structured,29,29,0,1,1
context_52552.json,root_preamble,1,1,0,1,1
context_52555.json,structured,86,86,0,1,1
context_52555.json,root_preamble,1,1,0,1,1
context_52561.json,structured,30,30,0,1,1
context_52561.json,root_preamble,1,1,0,1,1
context_5259.json,structured,32,32,0,1,1
context_5259.json,root_preamble,1,1,0,1,1
context_52640.json,structured,19,19,0,1,1
context_52640.json,root_preamble,1,1,0,1,1
context_52666.json,structured,71,71,0,1,1
context_52666.json,root_preamble,1,1,0,1,1
context_52706.json,structured,5,5,0,1,1
context_52706.json,root_preamble,1,1,0,1,1
context_52751.json,structured,30,30,0,1,1
context_52751.json,root_preamble,1,1,0,1,1
context_52784.json,structured,21,21,0,1,1
context_52784.json,root_preamble,1,1,0,1,1
context_52825.json,structured,47,47,0,1,1
context_52825.json,root_preamble,1,1,0,1,1
context_52827.json,structured,9,9,0,1,1
context_52827.json,root_preamble,1,1,0,1,1
context_52844.json,structured,5,5,0,1,1
context_52844.json,root_preamble,1,1,0,1,1
context_52847.json,structured,15,15,0,1,1
context_52847.json,root_preamble,1,1,0,1,1
context_52855.json,structured,6,6,0,1,1
context_52855.json,root_preamble,1,1,0,1,1
context_52863.json,structured,14,14,0,1,1
context_52863.json,root_preamble,1,1,0,1,1
context_5290.json,structured,5,5,0,1,1
context_5290.json,root_preamble,1,1,0,1,1
context_52915.json,structured,40,40,0,1,1
context_52915.json,root_preamble,1,1,0,1,1
context_53007.json,structured,6,6,0,1,1
context_53007.json,root_preamble,1,1,0,1,1
context_53066.json,structured,3,3,0,1,1
context_53066.json,root_preamble,1,1,0,1,1
context_53178.json,structured,25,25,0,1,1
context_53178.json,root_preamble,1,1,0,1,1
context_53190.json,structured,5,5,0,1,1
context_53190.json,root_preamble,1,1,0,1,1
context_53209.json,structured,3,3,0,1,1
context_53209.json,root_preamble,1,1,0,1,1
context_53216.json,structured,5,5,0,1,1
context_53216.json,root_preamble,1,1,0,1,1
context_53246.json,structured,34,34,0,1,1
context_53246.json,root_preamble,1,1,0,1,1
context_53275.json,structured,26,26,0,1,1
context_53275.json,root_preamble,1,1,0,1,1
context_53293.json,structured,17,17,0,1,1
context_53293.json,root_preamble,1,1,0,1,1
context_53316.json,structured,6,6,0,1,1
context_53316.json,root_preamble,1,1,0,1,1
context_53366.json,structured,23,23,0,1,1
context_53366.json,root_preamble,1,1,0,1,1
context_53367.json,structured,27,27,0,1,1
context_53367.json,root_preamble,1,1,0,1,1
context_53376.json,structured,28,28,0,1,1
context_53376.json,root_preamble,1,1,0,1,1
context_53421.json,structured,36,36,0,1,1
context_53421.json,root_preamble,1,1,0,1,1
context_53493.json,structured,20,20,0,1,1
context_53493.json,root_preamble,1,1,0,1,1
context_53504.json,structured,90,90,0,1,1
context_53504.json,root_preamble,1,1,0,1,1
context_53519.json,structured,13,13,0,1,1
context_53519.json,root_preamble,1,1,0,1,1
context_5353.json,structured,30,30,0,1,1
context_5353.json,root_preamble,1,1,0,1,1
context_53565.json,structured,28,28,0,1,1
context_53565.json,root_preamble,1,1,0,1,1
context_53589.json,structured,5,5,0,1,1
context_53589.json,root_preamble,1,1,0,1,1
context_53609.json,structured,72,72,0,1,1
context_53609.json,root_preamble,1,1,0,1,1
context_5363.json,structured,4,4,0,1,1
context_5363.json,root_preamble,1,1,0,1,1
context_53692.json,structured,8,8,0,1,1
context_53692.json,root_preamble,1,1,0,1,1
context_53734.json,structured,4,4,0,1,1
context_53734.json,root_preamble,1,1,0,1,1
context_5374.json,structured,6,6,0,1,1
context_5374.json,root_preamble,1,1,0,1,1
context_53755.json,structured,22,22,0,1,1
context_53755.json,root_preamble,1,1,0,1,1
context_53758.json,structured,25,25,0,1,1
context_53758.json,root_preamble,1,1,0,1,1
context_5377.json,structured,3,3,0,1,1
context_5377.json,root_preamble,1,1,0,1,1
context_53784.json,structured,15,15,0,1,1
context_53784.json,root_preamble,1,1,0,1,1
context_53799.json,structured,10,10,0,1,1
context_53799.json,root_preamble,1,1,0,1,1
context_53845.json,structured,3,3,0,1,1
context_53845.json,root_preamble,1,1,0,1,1
context_53862.json,unstructured_whole,1,1,0,1,1
context_53872.json,structured,29,29,0,1,1
context_53872.json,root_preamble,1,1,0,1,1
context_53928.json,structured,2,2,0,1,1
context_53928.json,root_preamble,1,1,0,1,1
context_53932.json,structured,55,55,0,1,1
context_53932.json,root_preamble,1,1,0,1,1
context_53940.json,structured,30,30,0,1,1
context_53940.json,root_preamble,1,1,0,1,1
context_53957.json,structured,4,4,0,1,1
context_53957.json,root_preamble,1,1,0,1,1
context_53971.json,structured,17,17,0,1,1
context_53971.json,root_preamble,1,1,0,1,1
context_54015.json,unstructured_whole,1,1,0,1,1
context_5404.json,structured,24,24,0,1,1
context_5404.json,root_preamble,1,1,0,1,1
context_54050.json,structured,62,62,0,1,1
context_54050.json,root_preamble,1,1,0,1,1
context_54063.json,structured,2,2,0,1,1
context_54063.json,root_preamble,1,1,0,1,1
context_54070.json,structured,37,37,0,1,1
context_54070.json,root_preamble,1,1,0,1,1
context_54091.json,structured,25,25,0,1,1
context_54091.json,root_preamble,1,1,0,1,1
context_54108.json,structured,15,15,0,1,1
context_54108.json,root_preamble,1,1,0,1,1
context_54143.json,structured,5,5,0,1,1
context_54143.json,root_preamble,1,1,0,1,1
context_54146.json,unstructured_whole,1,1,0,1,1
context_54206.json,structured,69,69,0,1,1
context_54206.json,root_preamble,1,1,0,1,1
context_54328.json,structured,32,32,0,1,1
context_54328.json,root_preamble,1,1,0,1,1
context_54344.json,structured,18,18,0,1,1
context_54344.json,root_preamble,1,1,0,1,1
context_54346.json,structured,4,4,0,1,1
context_54346.json,root_preamble,1,1,0,1,1
context_54363.json,structured,59,59,0,1,1
context_54363.json,root_preamble,1,1,0,1,1
context_54371.json,structured,14,14,0,1,1
context_54371.json,root_preamble,1,1,0,1,1
context_54399.json,structured,37,37,0,1,1
context_54399.json,root_preamble,1,1,0,1,1
context_5440.json,structured,8,8,0,1,1
context_5440.json,root_preamble,1,1,0,1,1
context_54405.json,structured,17,17,0,1,1
context_54405.json,root_preamble,1,1,0,1,1
context_54424.json,structured,7,7,0,1,1
context_54424.json,root_preamble,1,1,0,1,1
context_54451.json,structured,27,27,0,1,1
context_54451.json,root_preamble,1,1,0,1,1
context_54507.json,structured,29,29,0,1,1
context_54507.json,root_preamble,1,1,0,1,1
context_54518.json,structured,67,67,0,1,1
context_54518.json,root_preamble,1,1,0,1,1
context_54619.json,structured,29,29,0,1,1
context_54619.json,root_preamble,1,1,0,1,1
context_54621.json,structured,15,15,0,1,1
context_54621.json,root_preamble,1,1,0,1,1
context_54658.json,structured,2,2,0,1,1
context_54658.json,root_preamble,1,1,0,1,1
context_54726.json,structured,22,22,0,1,1
context_54726.json,root_preamble,1,1,0,1,1
context_54752.json,structured,26,26,0,1,1
context_54752.json,root_preamble,1,1,0,1,1
context_54757.json,structured,5,5,0,1,1
context_54757.json,root_preamble,1,1,0,1,1
context_54763.json,structured,2,2,0,1,1
context_54763.json,root_preamble,1,1,0,1,1
context_54776.json,structured,72,72,0,1,1
context_54776.json,root_preamble,1,1,0,1,1
context_54796.json,structured,3,3,0,1,1
context_54796.json,root_preamble,1,1,0,1,1
context_54816.json,structured,14,14,0,1,1
context_54816.json,root_preamble,1,1,0,1,1
context_54829.json,structured,53,53,0,1,1
context_54829.json,root_preamble,1,1,0,1,1
context_54848.json,structured,13,13,0,1,1
context_54848.json,root_preamble,1,1,0,1,1
context_54870.json,structured,41,41,0,1,1
context_54870.json,root_preamble,1,1,0,1,1
context_54934.json,structured,8,8,0,1,1
context_54934.json,root_preamble,1,1,0,1,1
context_54992.json,structured,8,8,0,1,1
context_54992.json,root_preamble,1,1,0,1,1
context_55002.json,structured,44,44,0,1,1
context_55002.json,root_preamble,1,1,0,1,1
context_55003.json,structured,3,3,0,1,1
context_55003.json,root_preamble,1,1,0,1,1
context_55016.json,structured,84,84,0,1,1
context_55016.json,root_preamble,1,1,0,1,1
context_55018.json,structured,36,36,0,1,1
context_55018.json,root_preamble,1,1,0,1,1
context_55055.json,structured,25,25,0,1,1
context_55055.json,root_preamble,1,1,0,1,1
context_55058.json,structured,17,17,0,1,1
context_55058.json,root_preamble,1,1,0,1,1
context_5511.json,structured,11,11,0,1,1
context_5511.json,root_preamble,1,1,0,1,1
context_55113.json,structured,11,11,0,1,1
context_55113.json,root_preamble,1,1,0,1,1
context_55172.json,structured,11,11,0,1,1
context_55172.json,root_preamble,1,1,0,1,1
context_55192.json,structured,3,3,0,1,1
context_55192.json,root_preamble,1,1,0,1,1
context_55204.json,structured,3,3,0,1,1
context_55204.json,root_preamble,1,1,0,1,1
context_55244.json,structured,15,15,0,1,1
context_55244.json,root_preamble,1,1,0,1,1
context_55322.json,structured,6,6,0,1,1
context_55322.json,root_preamble,1,1,0,1,1
context_55331.json,structured,4,4,0,1,1
context_55331.json,root_preamble,1,1,0,1,1
context_55355.json,structured,23,23,0,1,1
context_55355.json,root_preamble,1,1,0,1,1
context_5538.json,structured,7,7,0,1,1
context_5538.json,root_preamble,1,1,0,1,1
context_55395.json,structured,13,13,0,1,1
context_55395.json,root_preamble,1,1,0,1,1
context_55414.json,structured,32,32,0,1,1
context_55414.json,root_preamble,1,1,0,1,1
context_55431.json,structured,61,61,0,1,1
context_55431.json,root_preamble,1,1,0,1,1
context_55465.json,structured,6,6,0,1,1
context_55465.json,root_preamble,1,1,0,1,1
context_55510.json,structured,13,13,0,1,1
context_55510.json,root_preamble,1,1,0,1,1
context_55537.json,structured,35,35,0,1,1
context_55537.json,root_preamble,1,1,0,1,1
context_55541.json,structured,13,13,0,1,1
context_55541.json,root_preamble,1,1,0,1,1
context_55551.json,structured,2,2,0,1,1
context_55551.json,root_preamble,1,1,0,1,1
context_55591.json,structured,31,31,0,1,1
context_55591.json,root_preamble,1,1,0,1,1
context_55593.json,structured,1,1,0,1,1
context_55593.json,root_preamble,1,1,0,1,1
context_55624.json,structured,9,9,0,1,1
context_55624.json,root_preamble,1,1,0,1,1
context_55674.json,structured,17,17,0,1,1
context_55674.json,root_preamble,1,1,0,1,1
context_55699.json,structured,36,36,0,1,1
context_55699.json,root_preamble,1,1,0,1,1
context_55778.json,structured,17,17,0,1,1
context_55778.json,root_preamble,1,1,0,1,1
context_55837.json,structured,5,5,0,1,1
context_55837.json,root_preamble,1,1,0,1,1
context_55840.json,structured,8,8,0,1,1
context_55840.json,root_preamble,1,1,0,1,1
context_55852.json,structured,24,24,0,1,1
context_55852.json,root_preamble,1,1,0,1,1
context_55857.json,structured,23,23,0,1,1
context_55857.json,root_preamble,1,1,0,1,1
context_55881.json,structured,5,5,0,1,1
context_55881.json,root_preamble,1,1,0,1,1
context_55889.json,structured,19,19,0,1,1
context_55889.json,root_preamble,1,1,0,1,1
context_55917.json,structured,20,20,0,1,1
context_55917.json,root_preamble,1,1,0,1,1
context_55933.json,unstructured_whole,1,1,0,1,1
context_56000.json,structured,5,5,0,1,1
context_56000.json,root_preamble,1,1,0,1,1
context_56014.json,unstructured_whole,1,1,0,1,1
context_56017.json,structured,8,8,0,1,1
context_56017.json,root_preamble,1,1,0,1,1
context_56042.json,structured,75,75,0,1,1
context_56042.json,root_preamble,1,1,0,1,1
context_56081.json,structured,137,137,0,1,1
context_56081.json,root_preamble,1,1,0,1,1
context_56123.json,structured,6,6,0,1,1
context_56123.json,root_preamble,1,1,0,1,1
context_56143.json,unstructured_whole,1,1,0,1,1
context_56169.json,structured,9,9,0,1,1
context_56169.json,root_preamble,1,1,0,1,1
context_56178.json,structured,40,40,0,1,1
context_56178.json,root_preamble,1,1,0,1,1
context_56217.json,structured,12,12,0,1,1
context_56217.json,root_preamble,1,1,0,1,1
context_56238.json,structured,16,16,0,1,1
context_56238.json,root_preamble,1,1,0,1,1
context_56244.json,structured,13,13,0,1,1
context_56244.json,root_preamble,1,1,0,1,1
context_56265.json,structured,48,48,0,1,1
context_56265.json,root_preamble,1,1,0,1,1
context_56288.json,structured,17,17,0,1,1
context_56288.json,root_preamble,1,1,0,1,1
context_56310.json,structured,13,13,0,1,1
context_56310.json,root_preamble,1,1,0,1,1
context_56363.json,structured,56,56,0,1,1
context_56363.json,root_preamble,1,1,0,1,1
context_56366.json,structured,13,13,0,1,1
context_56366.json,root_preamble,1,1,0,1,1
context_56368.json,structured,57,57,0,1,1
context_56368.json,root_preamble,1,1,0,1,1
context_56408.json,structured,37,37,0,1,1
context_56408.json,root_preamble,1,1,0,1,1
context_56503.json,structured,31,31,0,1,1
context_56503.json,root_preamble,1,1,0,1,1
context_56543.json,structured,34,34,0,1,1
context_56543.json,root_preamble,1,1,0,1,1
context_56558.json,structured,14,14,0,1,1
context_56558.json,root_preamble,1,1,0,1,1
context_56600.json,structured,16,16,0,1,1
context_56600.json,root_preamble,1,1,0,1,1
context_56623.json,structured,4,4,0,1,1
context_56623.json,root_preamble,1,1,0,1,1
context_56627.json,structured,33,33,0,1,1
context_56627.json,root_preamble,1,1,0,1,1
context_56656.json,structured,7,7,0,1,1
context_56656.json,root_preamble,1,1,0,1,1
context_56700.json,structured,5,5,0,1,1
context_56700.json,root_preamble,1,1,0,1,1
context_56771.json,structured,2,2,0,1,1
context_56771.json,root_preamble,1,1,0,1,1
context_56793.json,structured,15,15,0,1,1
context_56793.json,root_preamble,1,1,0,1,1
context_5681.json,structured,46,46,0,1,1
context_5681.json,root_preamble,1,1,0,1,1
context_56810.json,structured,18,18,0,1,1
context_56810.json,root_preamble,1,1,0,1,1
context_56812.json,structured,29,29,0,1,1
context_56812.json,root_preamble,1,1,0,1,1
context_56824.json,structured,7,7,0,1,1
context_56824.json,root_preamble,1,1,0,1,1
context_56852.json,structured,8,8,0,1,1
context_56852.json,root_preamble,1,1,0,1,1
context_5691.json,structured,9,9,0,1,1
context_5691.json,root_preamble,1,1,0,1,1
context_56941.json,structured,18,18,0,1,1
context_56941.json,root_preamble,1,1,0,1,1
context_56958.json,structured,35,35,0,1,1
context_56958.json,root_preamble,1,1,0,1,1
context_57139.json,structured,34,34,0,1,1
context_57139.json,root_preamble,1,1,0,1,1
context_57221.json,structured,8,8,0,1,1
context_57221.json,root_preamble,1,1,0,1,1
context_57248.json,structured,8,8,0,1,1
context_57248.json,root_preamble,1,1,0,1,1
context_57265.json,structured,16,16,0,1,1
context_57265.json,root_preamble,1,1,0,1,1
context_57266.json,structured,9,9,0,1,1
context_57266.json,root_preamble,1,1,0,1,1
context_57276.json,structured,21,21,0,1,1
context_57276.json,root_preamble,1,1,0,1,1
context_57285.json,structured,27,27,0,1,1
context_57285.json,root_preamble,1,1,0,1,1
context_57297.json,structured,7,7,0,1,1
context_57297.json,root_preamble,1,1,0,1,1
context_57376.json,structured,48,48,0,1,1
context_57376.json,root_preamble,1,1,0,1,1
context_57469.json,structured,17,17,0,1,1
context_57469.json,root_preamble,1,1,0,1,1
context_57506.json,structured,31,31,0,1,1
context_57506.json,root_preamble,1,1,0,1,1
context_57536.json,structured,22,22,0,1,1
context_57536.json,root_preamble,1,1,0,1,1
context_57660.json,structured,9,9,0,1,1
context_57660.json,root_preamble,1,1,0,1,1
context_57682.json,structured,11,11,0,1,1
context_57682.json,root_preamble,1,1,0,1,1
context_57743.json,structured,35,35,0,1,1
context_57743.json,root_preamble,1,1,0,1,1
context_57792.json,structured,49,49,0,1,1
context_57792.json,root_preamble,1,1,0,1,1
context_57832.json,structured,7,7,0,1,1
context_57832.json,root_preamble,1,1,0,1,1
context_57856.json,structured,44,44,0,1,1
context_57856.json,root_preamble,1,1,0,1,1
context_57975.json,structured,20,20,0,1,1
context_57975.json,root_preamble,1,1,0,1,1
context_58002.json,structured,7,7,0,1,1
context_58002.json,root_preamble,1,1,0,1,1
context_58048.json,structured,14,14,0,1,1
context_58048.json,root_preamble,1,1,0,1,1
context_58055.json,structured,161,161,0,1,1
context_58055.json,root_preamble,1,1,0,1,1
context_58095.json,structured,3,3,0,1,1
context_58095.json,root_preamble,1,1,0,1,1
context_58109.json,structured,21,21,0,1,1
context_58109.json,root_preamble,1,1,0,1,1
context_58123.json,structured,74,74,0,1,1
context_58123.json,root_preamble,1,1,0,1,1
context_58154.json,structured,43,43,0,1,1
context_58154.json,root_preamble,1,1,0,1,1
context_58182.json,structured,67,67,0,1,1
context_58182.json,root_preamble,1,1,0,1,1
context_5822.json,structured,9,9,0,1,1
context_5822.json,root_preamble,1,1,0,1,1
context_58222.json,structured,52,52,0,1,1
context_58222.json,root_preamble,1,1,0,1,1
context_58230.json,structured,5,5,0,1,1
context_58230.json,root_preamble,1,1,0,1,1
context_58260.json,structured,7,7,0,1,1
context_58260.json,root_preamble,1,1,0,1,1
context_58283.json,structured,24,24,0,1,1
context_58283.json,root_preamble,1,1,0,1,1
context_58299.json,structured,8,8,0,1,1
context_58299.json,root_preamble,1,1,0,1,1
context_58310.json,structured,27,27,0,1,1
context_58310.json,root_preamble,1,1,0,1,1
context_58342.json,structured,5,5,0,1,1
context_58342.json,root_preamble,1,1,0,1,1
context_58343.json,structured,58,58,0,1,1
context_58343.json,root_preamble,1,1,0,1,1
context_58354.json,structured,17,17,0,1,1
context_58354.json,root_preamble,1,1,0,1,1
context_58381.json,structured,19,19,0,1,1
context_58381.json,root_preamble,1,1,0,1,1
context_58389.json,structured,4,4,0,1,1
context_58389.json,root_preamble,1,1,0,1,1
context_58397.json,structured,1,1,0,1,1
context_58397.json,root_preamble,1,1,0,1,1
context_58494.json,unstructured_whole,1,1,0,1,1
context_58496.json,structured,14,14,0,1,1
context_58496.json,root_preamble,1,1,0,1,1
context_58503.json,structured,2,2,0,1,1
context_58503.json,root_preamble,1,1,0,1,1
context_58518.json,structured,2,2,0,1,1
context_58518.json,root_preamble,1,1,0,1,1
context_58541.json,structured,5,5,0,1,1
context_58541.json,root_preamble,1,1,0,1,1
context_58544.json,structured,21,21,0,1,1
context_58544.json,root_preamble,1,1,0,1,1
context_58546.json,structured,2,2,0,1,1
context_58546.json,root_preamble,1,1,0,1,1
context_58570.json,unstructured_whole,1,1,0,1,1
context_58584.json,unstructured_whole,1,1,0,1,1
context_58632.json,structured,18,18,0,1,1
context_58632.json,root_preamble,1,1,0,1,1
context_58662.json,structured,20,20,0,1,1
context_58662.json,root_preamble,1,1,0,1,1
context_58677.json,structured,12,12,0,1,1
context_58677.json,root_preamble,1,1,0,1,1
context_58840.json,structured,11,11,0,1,1
context_58840.json,root_preamble,1,1,0,1,1
context_58855.json,structured,41,41,0,1,1
context_58855.json,root_preamble,1,1,0,1,1
context_58863.json,structured,8,8,0,1,1
context_58863.json,root_preamble,1,1,0,1,1
context_58883.json,structured,33,33,0,1,1
context_58883.json,root_preamble,1,1,0,1,1
context_58912.json,structured,5,5,0,1,1
context_58912.json,root_preamble,1,1,0,1,1
context_5892.json,structured,49,49,0,1,1
context_5892.json,root_preamble,1,1,0,1,1
context_58983.json,structured,2,2,0,1,1
context_58983.json,root_preamble,1,1,0,1,1
context_5902.json,structured,5,5,0,1,1
context_5902.json,root_preamble,1,1,0,1,1
context_59101.json,structured,65,65,0,1,1
context_59101.json,root_preamble,1,1,0,1,1
context_59136.json,structured,5,5,0,1,1
context_59136.json,root_preamble,1,1,0,1,1
context_59141.json,structured,4,4,0,1,1
context_59141.json,root_preamble,1,1,0,1,1
context_59149.json,structured,208,208,0,1,1
context_59149.json,root_preamble,1,1,0,1,1
context_59256.json,unstructured_whole,1,1,0,1,1
context_59394.json,structured,17,17,0,1,1
context_59394.json,root_preamble,1,1,0,1,1
context_59396.json,structured,36,36,0,1,1
context_59396.json,root_preamble,1,1,0,1,1
context_59441.json,structured,2,2,0,1,1
context_59441.json,root_preamble,1,1,0,1,1
context_59450.json,structured,24,24,0,1,1
context_59450.json,root_preamble,1,1,0,1,1
context_59470.json,unstructured_whole,1,1,0,1,1
context_59479.json,structured,21,21,0,1,1
context_59479.json,root_preamble,1,1,0,1,1
context_59496.json,structured,21,21,0,1,1
context_59496.json,root_preamble,1,1,0,1,1
context_59547.json,unstructured_whole,1,1,0,1,1
context_59583.json,structured,19,19,0,1,1
context_59583.json,root_preamble,1,1,0,1,1
context_59684.json,structured,7,7,0,1,1
context_59684.json,root_preamble,1,1,0,1,1
context_59749.json,structured,27,27,0,1,1
context_59749.json,root_preamble,1,1,0,1,1
context_59766.json,structured,4,4,0,1,1
context_59766.json,root_preamble,1,1,0,1,1
context_59787.json,structured,36,36,0,1,1
context_59787.json,root_preamble,1,1,0,1,1
context_59807.json,structured,33,33,0,1,1
context_59807.json,root_preamble,1,1,0,1,1
context_59852.json,structured,57,57,0,1,1
context_59852.json,root_preamble,1,1,0,1,1
context_59858.json,structured,3,3,0,1,1
context_59858.json,root_preamble,1,1,0,1,1
context_59980.json,structured,82,82,0,1,1
context_59980.json,root_preamble,1,1,0,1,1
context_60011.json,structured,82,82,0,1,1
context_60011.json,root_preamble,1,1,0,1,1
context_60027.json,structured,5,5,0,1,1
context_60027.json,root_preamble,1,1,0,1,1
context_60079.json,structured,3,3,0,1,1
context_60079.json,root_preamble,1,1,0,1,1
context_60184.json,structured,1,1,0,1,1
context_60184.json,root_preamble,1,1,0,1,1
context_60225.json,structured,12,12,0,1,1
context_60225.json,root_preamble,1,1,0,1,1
context_60237.json,structured,10,10,0,1,1
context_60237.json,root_preamble,1,1,0,1,1
context_60263.json,structured,5,5,0,1,1
context_60263.json,root_preamble,1,1,0,1,1
context_60283.json,structured,51,51,0,1,1
context_60283.json,root_preamble,1,1,0,1,1
context_60386.json,structured,21,21,0,1,1
context_60386.json,root_preamble,1,1,0,1,1
context_60405.json,structured,32,32,0,1,1
context_60405.json,root_preamble,1,1,0,1,1
context_60416.json,structured,21,21,0,1,1
context_60416.json,root_preamble,1,1,0,1,1
context_60562.json,structured,80,80,0,1,1
context_60562.json,root_preamble,1,1,0,1,1
context_60577.json,structured,14,14,0,1,1
context_60577.json,root_preamble,1,1,0,1,1
context_60683.json,structured,3,3,0,1,1
context_60683.json,root_preamble,1,1,0,1,1
context_6069.json,structured,54,54,0,1,1
context_6069.json,root_preamble,1,1,0,1,1
context_60691.json,structured,57,57,0,1,1
context_60691.json,root_preamble,1,1,0,1,1
context_60783.json,unstructured_whole,1,1,0,1,1
context_60818.json,structured,65,65,0,1,1
context_60818.json,root_preamble,1,1,0,1,1
context_60826.json,structured,6,6,0,1,1
context_60826.json,root_preamble,1,1,0,1,1
context_60828.json,structured,18,18,0,1,1
context_60828.json,root_preamble,1,1,0,1,1
context_60848.json,structured,28,28,0,1,1
context_60848.json,root_preamble,1,1,0,1,1
context_60858.json,structured,31,31,0,1,1
context_60858.json,root_preamble,1,1,0,1,1
context_60869.json,structured,25,25,0,1,1
context_60869.json,root_preamble,1,1,0,1,1
context_60885.json,structured,5,5,0,1,1
context_60885.json,root_preamble,1,1,0,1,1
context_60889.json,structured,36,36,0,1,1
context_60889.json,root_preamble,1,1,0,1,1
context_60897.json,structured,5,5,0,1,1
context_60897.json,root_preamble,1,1,0,1,1
context_6092.json,structured,24,24,0,1,1
context_6092.json,root_preamble,1,1,0,1,1
context_60939.json,structured,16,16,0,1,1
context_60939.json,root_preamble,1,1,0,1,1
context_60967.json,structured,1,1,0,1,1
context_60967.json,root_preamble,1,1,0,1,1
context_60993.json,structured,108,108,0,1,1
context_60993.json,root_preamble,1,1,0,1,1
context_61004.json,structured,26,26,0,1,1
context_61004.json,root_preamble,1,1,0,1,1
context_6104.json,structured,10,10,0,1,1
context_6104.json,root_preamble,1,1,0,1,1
context_6111.json,structured,66,66,0,1,1
context_6111.json,root_preamble,1,1,0,1,1
context_61165.json,structured,27,27,0,1,1
context_61165.json,root_preamble,1,1,0,1,1
context_61180.json,structured,14,14,0,1,1
context_61180.json,root_preamble,1,1,0,1,1
context_61202.json,structured,46,46,0,1,1
context_61202.json,root_preamble,1,1,0,1,1
context_6124.json,structured,5,5,0,1,1
context_6124.json,root_preamble,1,1,0,1,1
context_61259.json,structured,5,5,0,1,1
context_61259.json,root_preamble,1,1,0,1,1
context_61260.json,structured,4,4,0,1,1
context_61260.json,root_preamble,1,1,0,1,1
context_61348.json,structured,4,4,0,1,1
context_61348.json,root_preamble,1,1,0,1,1
context_61357.json,structured,14,14,0,1,1
context_61357.json,root_preamble,1,1,0,1,1
context_61383.json,unstructured_whole,1,1,0,1,1
context_61388.json,structured,6,6,0,1,1
context_61388.json,root_preamble,1,1,0,1,1
context_6142.json,structured,58,58,0,1,1
context_6142.json,root_preamble,1,1,0,1,1
context_61431.json,structured,7,7,0,1,1
context_61431.json,root_preamble,1,1,0,1,1
context_61435.json,structured,23,23,0,1,1
context_61435.json,root_preamble,1,1,0,1,1
context_61502.json,structured,32,32,0,1,1
context_61502.json,root_preamble,1,1,0,1,1
context_61510.json,structured,4,4,0,1,1
context_61510.json,root_preamble,1,1,0,1,1
context_61540.json,structured,29,29,0,1,1
context_61540.json,root_preamble,1,1,0,1,1
context_61549.json,structured,10,10,0,1,1
context_61549.json,root_preamble,1,1,0,1,1
context_61554.json,structured,6,6,0,1,1
context_61554.json,root_preamble,1,1,0,1,1
context_61567.json,structured,212,212,0,1,1
context_61567.json,root_preamble,1,1,0,1,1
context_61662.json,structured,62,62,0,1,1
context_61662.json,root_preamble,1,1,0,1,1
context_61677.json,structured,5,5,0,1,1
context_61677.json,root_preamble,1,1,0,1,1
context_61798.json,structured,11,11,0,1,1
context_61798.json,root_preamble,1,1,0,1,1
context_61891.json,structured,14,14,0,1,1
context_61891.json,root_preamble,1,1,0,1,1
context_61892.json,structured,49,49,0,1,1
context_61892.json,root_preamble,1,1,0,1,1
context_61916.json,structured,31,31,0,1,1
context_61916.json,root_preamble,1,1,0,1,1
context_61960.json,structured,2,2,0,1,1
context_61960.json,root_preamble,1,1,0,1,1
context_62002.json,structured,143,143,0,1,1
context_62002.json,root_preamble,1,1,0,1,1
context_62074.json,structured,12,12,0,1,1
context_62074.json,root_preamble,1,1,0,1,1
context_62203.json,structured,19,19,0,1,1
context_62203.json,root_preamble,1,1,0,1,1
context_62210.json,structured,41,41,0,1,1
context_62210.json,root_preamble,1,1,0,1,1
context_62249.json,structured,30,30,0,1,1
context_62249.json,root_preamble,1,1,0,1,1
context_6233.json,structured,8,8,0,1,1
context_6233.json,root_preamble,1,1,0,1,1
context_62339.json,structured,7,7,0,1,1
context_62339.json,root_preamble,1,1,0,1,1
context_62358.json,structured,8,8,0,1,1
context_62358.json,root_preamble,1,1,0,1,1
context_62380.json,structured,15,15,0,1,1
context_62380.json,root_preamble,1,1,0,1,1
context_6239.json,structured,64,64,0,1,1
context_6239.json,root_preamble,1,1,0,1,1
context_62410.json,structured,9,9,0,1,1
context_62410.json,root_preamble,1,1,0,1,1
context_62412.json,structured,7,7,0,1,1
context_62412.json,root_preamble,1,1,0,1,1
context_6244.json,structured,3,3,0,1,1
context_6244.json,root_preamble,1,1,0,1,1
context_62454.json,structured,7,7,0,1,1
context_62454.json,root_preamble,1,1,0,1,1
context_62465.json,structured,38,38,0,1,1
context_62465.json,root_preamble,1,1,0,1,1
context_62543.json,structured,6,6,0,1,1
context_62543.json,root_preamble,1,1,0,1,1
context_62577.json,structured,2,2,0,1,1
context_62577.json,root_preamble,1,1,0,1,1
context_6258.json,structured,13,13,0,1,1
context_6258.json,root_preamble,1,1,0,1,1
context_62582.json,structured,54,54,0,1,1
context_62582.json,root_preamble,1,1,0,1,1
context_62591.json,structured,13,13,0,1,1
context_62591.json,root_preamble,1,1,0,1,1
context_62635.json,structured,19,19,0,1,1
context_62635.json,root_preamble,1,1,0,1,1
context_62676.json,structured,2,2,0,1,1
context_62676.json,root_preamble,1,1,0,1,1
context_62683.json,structured,17,17,0,1,1
context_62683.json,root_preamble,1,1,0,1,1
context_62688.json,structured,27,27,0,1,1
context_62688.json,root_preamble,1,1,0,1,1
context_62723.json,structured,22,22,0,1,1
context_62723.json,root_preamble,1,1,0,1,1
context_62734.json,structured,14,14,0,1,1
context_62734.json,root_preamble,1,1,0,1,1
context_62765.json,structured,43,43,0,1,1
context_62765.json,root_preamble,1,1,0,1,1
context_62851.json,structured,17,17,0,1,1
context_62851.json,root_preamble,1,1,0,1,1
context_62869.json,structured,35,35,0,1,1
context_62869.json,root_preamble,1,1,0,1,1
context_63041.json,structured,14,14,0,1,1
context_63041.json,root_preamble,1,1,0,1,1
context_63048.json,structured,3,3,0,1,1
context_63048.json,root_preamble,1,1,0,1,1
context_63057.json,structured,7,7,0,1,1
context_63057.json,root_preamble,1,1,0,1,1
context_63059.json,structured,16,16,0,1,1
context_63059.json,root_preamble,1,1,0,1,1
context_63108.json,structured,11,11,0,1,1
context_63108.json,root_preamble,1,1,0,1,1
context_63140.json,structured,29,29,0,1,1
context_63140.json,root_preamble,1,1,0,1,1
context_63167.json,structured,4,4,0,1,1
context_63167.json,root_preamble,1,1,0,1,1
context_63177.json,structured,40,40,0,1,1
context_63177.json,root_preamble,1,1,0,1,1
context_63212.json,structured,3,3,0,1,1
context_63212.json,root_preamble,1,1,0,1,1
context_6322.json,structured,11,11,0,1,1
context_6322.json,root_preamble,1,1,0,1,1
context_63276.json,structured,19,19,0,1,1
context_63276.json,root_preamble,1,1,0,1,1
context_63327.json,structured,4,4,0,1,1
context_63327.json,root_preamble,1,1,0,1,1
context_63414.json,structured,3,3,0,1,1
context_63414.json,root_preamble,1,1,0,1,1
context_63453.json,unstructured_whole,1,1,0,1,1
context_63478.json,structured,26,26,0,1,1
context_63478.json,root_preamble,1,1,0,1,1
context_63532.json,structured,4,4,0,1,1
context_63532.json,root_preamble,1,1,0,1,1
context_63537.json,structured,1,1,0,1,1
context_63537.json,root_preamble,1,1,0,1,1
context_63544.json,structured,62,62,0,1,1
context_63544.json,root_preamble,1,1,0,1,1
context_63554.json,structured,41,41,0,1,1
context_63554.json,root_preamble,1,1,0,1,1
context_63580.json,unstructured_whole,1,1,0,1,1
context_63617.json,structured,3,3,0,1,1
context_63617.json,root_preamble,1,1,0,1,1
context_63628.json,structured,4,4,0,1,1
context_63628.json,root_preamble,1,1,0,1,1
context_63633.json,structured,4,4,0,1,1
context_63633.json,root_preamble,1,1,0,1,1
context_63656.json,structured,2,2,0,1,1
context_63656.json,root_preamble,1,1,0,1,1
context_63672.json,structured,5,5,0,1,1
context_63672.json,root_preamble,1,1,0,1,1
context_63700.json,structured,2,2,0,1,1
context_63700.json,root_preamble,1,1,0,1,1
context_63701.json,structured,7,7,0,1,1
context_63701.json,root_preamble,1,1,0,1,1
context_63721.json,structured,1,1,0,1,1
context_63721.json,root_preamble,1,1,0,1,1
context_63752.json,structured,3,3,0,1,1
context_63752.json,root_preamble,1,1,0,1,1
context_63768.json,structured,39,39,0,1,1
context_63768.json,root_preamble,1,1,0,1,1
context_63811.json,structured,29,29,0,1,1
context_63811.json,root_preamble,1,1,0,1,1
context_63812.json,structured,19,19,0,1,1
context_63812.json,root_preamble,1,1,0,1,1
context_63853.json,structured,35,35,0,1,1
context_63853.json,root_preamble,1,1,0,1,1
context_63854.json,structured,6,6,0,1,1
context_63854.json,root_preamble,1,1,0,1,1
context_63884.json,structured,2,2,0,1,1
context_63884.json,root_preamble,1,1,0,1,1
context_63906.json,structured,2,2,0,1,1
context_63906.json,root_preamble,1,1,0,1,1
context_63930.json,structured,79,79,0,1,1
context_63930.json,root_preamble,1,1,0,1,1
context_63956.json,structured,7,7,0,1,1
context_63956.json,root_preamble,1,1,0,1,1
context_64043.json,structured,3,3,0,1,1
context_64043.json,root_preamble,1,1,0,1,1
context_6411.json,structured,204,204,0,1,1
context_6411.json,root_preamble,1,1,0,1,1
context_64124.json,structured,6,6,0,1,1
context_64124.json,root_preamble,1,1,0,1,1
context_64211.json,structured,81,81,0,1,1
context_64211.json,root_preamble,1,1,0,1,1
context_64249.json,structured,24,24,0,1,1
context_64249.json,root_preamble,1,1,0,1,1
context_64253.json,structured,30,30,0,1,1
context_64253.json,root_preamble,1,1,0,1,1
context_6436.json,structured,111,111,0,1,1
context_6436.json,root_preamble,1,1,0,1,1
context_64367.json,structured,20,20,0,1,1
context_64367.json,root_preamble,1,1,0,1,1
context_64378.json,structured,85,85,0,1,1
context_64378.json,root_preamble,1,1,0,1,1
context_6440.json,structured,3,3,0,1,1
context_6440.json,root_preamble,1,1,0,1,1
context_64421.json,structured,26,26,0,1,1
context_64421.json,root_preamble,1,1,0,1,1
context_64448.json,structured,41,41,0,1,1
context_64448.json,root_preamble,1,1,0,1,1
context_64475.json,structured,30,30,0,1,1
context_64475.json,root_preamble,1,1,0,1,1
context_64485.json,structured,61,61,0,1,1
context_64485.json,root_preamble,1,1,0,1,1
context_64568.json,structured,4,4,0,1,1
context_64568.json,root_preamble,1,1,0,1,1
context_64574.json,structured,11,11,0,1,1
context_64574.json,root_preamble,1,1,0,1,1
context_64579.json,structured,2,2,0,1,1
context_64579.json,root_preamble,1,1,0,1,1
context_64645.json,structured,76,76,0,1,1
context_64645.json,root_preamble,1,1,0,1,1
context_64675.json,structured,25,25,0,1,1
context_64675.json,root_preamble,1,1,0,1,1
context_64688.json,structured,4,4,0,1,1
context_64688.json,root_preamble,1,1,0,1,1
context_64714.json,structured,27,27,0,1,1
context_64714.json,root_preamble,1,1,0,1,1
context_64777.json,structured,56,56,0,1,1
context_64777.json,root_preamble,1,1,0,1,1
context_6482.json,structured,7,7,0,1,1
context_6482.json,root_preamble,1,1,0,1,1
context_64834.json,structured,15,15,0,1,1
context_64834.json,root_preamble,1,1,0,1,1
context_64885.json,structured,3,3,0,1,1
context_64885.json,root_preamble,1,1,0,1,1
context_64909.json,structured,19,19,0,1,1
context_64909.json,root_preamble,1,1,0,1,1
context_64944.json,structured,2,2,0,1,1
context_64944.json,root_preamble,1,1,0,1,1
context_64982.json,structured,22,22,0,1,1
context_64982.json,root_preamble,1,1,0,1,1
context_65009.json,structured,4,4,0,1,1
context_65009.json,root_preamble,1,1,0,1,1
context_65013.json,structured,16,16,0,1,1
context_65013.json,root_preamble,1,1,0,1,1
context_65050.json,structured,15,15,0,1,1
context_65050.json,root_preamble,1,1,0,1,1
context_65054.json,structured,21,21,0,1,1
context_65054.json,root_preamble,1,1,0,1,1
context_65078.json,structured,10,10,0,1,1
context_65078.json,root_preamble,1,1,0,1,1
context_65146.json,structured,6,6,0,1,1
context_65146.json,root_preamble,1,1,0,1,1
context_65154.json,structured,4,4,0,1,1
context_65154.json,root_preamble,1,1,0,1,1
context_65155.json,structured,49,49,0,1,1
context_65155.json,root_preamble,1,1,0,1,1
context_65185.json,structured,53,53,0,1,1
context_65185.json,root_preamble,1,1,0,1,1
context_6525.json,structured,18,18,0,1,1
context_6525.json,root_preamble,1,1,0,1,1
context_65262.json,structured,31,31,0,1,1
context_65262.json,root_preamble,1,1,0,1,1
context_65287.json,structured,5,5,0,1,1
context_65287.json,root_preamble,1,1,0,1,1
context_65293.json,structured,152,152,0,1,1
context_65293.json,root_preamble,1,1,0,1,1
context_65303.json,structured,62,62,0,1,1
context_65303.json,root_preamble,1,1,0,1,1
context_65326.json,structured,2,2,0,1,1
context_65326.json,root_preamble,1,1,0,1,1
context_65342.json,structured,41,41,0,1,1
context_65342.json,root_preamble,1,1,0,1,1
context_65413.json,structured,42,42,0,1,1
context_65413.json,root_preamble,1,1,0,1,1
context_65506.json,structured,11,11,0,1,1
context_65506.json,root_preamble,1,1,0,1,1
context_65549.json,structured,4,4,0,1,1
context_65549.json,root_preamble,1,1,0,1,1
context_65558.json,structured,28,28,0,1,1
context_65558.json,root_preamble,1,1,0,1,1
context_65567.json,structured,40,40,0,1,1
context_65567.json,root_preamble,1,1,0,1,1
context_65586.json,structured,4,4,0,1,1
context_65586.json,root_preamble,1,1,0,1,1
context_65598.json,structured,62,62,0,1,1
context_65598.json,root_preamble,1,1,0,1,1
context_65622.json,structured,18,18,0,1,1
context_65622.json,root_preamble,1,1,0,1,1
context_65652.json,structured,9,9,0,1,1
context_65652.json,root_preamble,1,1,0,1,1
context_65693.json,structured,14,14,0,1,1
context_65693.json,root_preamble,1,1,0,1,1
context_65708.json,structured,3,3,0,1,1
context_65708.json,root_preamble,1,1,0,1,1
context_65717.json,structured,7,7,0,1,1
context_65717.json,root_preamble,1,1,0,1,1
context_65755.json,unstructured_whole,1,1,0,1,1
context_65787.json,structured,24,24,0,1,1
context_65787.json,root_preamble,1,1,0,1,1
context_65934.json,structured,19,19,0,1,1
context_65934.json,root_preamble,1,1,0,1,1
context_65954.json,structured,14,14,0,1,1
context_65954.json,root_preamble,1,1,0,1,1
context_65968.json,structured,6,6,0,1,1
context_65968.json,root_preamble,1,1,0,1,1
context_65991.json,structured,11,11,0,1,1
context_65991.json,root_preamble,1,1,0,1,1
context_66022.json,structured,6,6,0,1,1
context_66022.json,root_preamble,1,1,0,1,1
context_66063.json,structured,53,53,0,1,1
context_66063.json,root_preamble,1,1,0,1,1
context_66091.json,structured,8,8,0,1,1
context_66091.json,root_preamble,1,1,0,1,1
context_66112.json,structured,3,3,0,1,1
context_66112.json,root_preamble,1,1,0,1,1
context_66133.json,structured,5,5,0,1,1
context_66133.json,root_preamble,1,1,0,1,1
context_66134.json,structured,15,15,0,1,1
context_66134.json,root_preamble,1,1,0,1,1
context_66146.json,structured,20,20,0,1,1
context_66146.json,root_preamble,1,1,0,1,1
context_66159.json,structured,89,89,0,1,1
context_66159.json,root_preamble,1,1,0,1,1
context_66185.json,structured,21,21,0,1,1
context_66185.json,root_preamble,1,1,0,1,1
context_66196.json,structured,4,4,0,1,1
context_66196.json,root_preamble,1,1,0,1,1
context_66264.json,structured,13,13,0,1,1
context_66264.json,root_preamble,1,1,0,1,1
context_66336.json,structured,5,5,0,1,1
context_66336.json,root_preamble,1,1,0,1,1
context_66380.json,structured,2,2,0,1,1
context_66380.json,root_preamble,1,1,0,1,1
context_66410.json,structured,9,9,0,1,1
context_66410.json,root_preamble,1,1,0,1,1
context_66468.json,structured,2,2,0,1,1
context_66468.json,root_preamble,1,1,0,1,1
context_6648.json,structured,10,10,0,1,1
context_6648.json,root_preamble,1,1,0,1,1
context_66507.json,structured,8,8,0,1,1
context_66507.json,root_preamble,1,1,0,1,1
context_6655.json,structured,25,25,0,1,1
context_6655.json,root_preamble,1,1,0,1,1
context_6656.json,structured,35,35,0,1,1
context_6656.json,root_preamble,1,1,0,1,1
context_66588.json,structured,28,28,0,1,1
context_66588.json,root_preamble,1,1,0,1,1
context_66644.json,unstructured_whole,1,1,0,1,1
context_66681.json,structured,15,15,0,1,1
context_66681.json,root_preamble,1,1,0,1,1
context_66726.json,structured,14,14,0,1,1
context_66726.json,root_preamble,1,1,0,1,1
context_66731.json,structured,2,2,0,1,1
context_66731.json,root_preamble,1,1,0,1,1
context_66734.json,structured,44,44,0,1,1
context_66734.json,root_preamble,1,1,0,1,1
context_66759.json,structured,129,129,0,1,1
context_66759.json,root_preamble,1,1,0,1,1
context_66826.json,structured,43,43,0,1,1
context_66826.json,root_preamble,1,1,0,1,1
context_6684.json,unstructured_whole,1,1,0,1,1
context_66847.json,structured,32,32,0,1,1
context_66847.json,root_preamble,1,1,0,1,1
context_6688.json,structured,5,5,0,1,1
context_6688.json,root_preamble,1,1,0,1,1
context_66912.json,structured,33,33,0,1,1
context_66912.json,root_preamble,1,1,0,1,1
context_66931.json,structured,4,4,0,1,1
context_66931.json,root_preamble,1,1,0,1,1
context_66978.json,unstructured_whole,1,1,0,1,1
context_66991.json,structured,18,18,0,1,1
context_66991.json,root_preamble,1,1,0,1,1
context_67050.json,structured,19,19,0,1,1
context_67050.json,root_preamble,1,1,0,1,1
context_6707.json,unstructured_whole,1,1,0,1,1
context_67140.json,structured,13,13,0,1,1
context_67140.json,root_preamble,1,1,0,1,1
context_67203.json,unstructured_whole,1,1,0,1,1
context_6721.json,structured,62,62,0,1,1
context_6721.json,root_preamble,1,1,0,1,1
context_67300.json,structured,15,15,0,1,1
context_67300.json,root_preamble,1,1,0,1,1
context_67321.json,structured,11,11,0,1,1
context_67321.json,root_preamble,1,1,0,1,1
context_67363.json,structured,15,15,0,1,1
context_67363.json,root_preamble,1,1,0,1,1
context_67377.json,structured,13,13,0,1,1
context_67377.json,root_preamble,1,1,0,1,1
context_67438.json,structured,5,5,0,1,1
context_67438.json,root_preamble,1,1,0,1,1
context_67506.json,structured,38,38,0,1,1
context_67506.json,root_preamble,1,1,0,1,1
context_67567.json,structured,43,43,0,1,1
context_67567.json,root_preamble,1,1,0,1,1
context_67615.json,structured,5,5,0,1,1
context_67615.json,root_preamble,1,1,0,1,1
context_67628.json,structured,5,5,0,1,1
context_67628.json,root_preamble,1,1,0,1,1
context_67633.json,structured,33,33,0,1,1
context_67633.json,root_preamble,1,1,0,1,1
context_67669.json,structured,7,7,0,1,1
context_67669.json,root_preamble,1,1,0,1,1
context_67691.json,structured,4,4,0,1,1
context_67691.json,root_preamble,1,1,0,1,1
context_67701.json,structured,24,24,0,1,1
context_67701.json,root_preamble,1,1,0,1,1
context_67734.json,structured,31,31,0,1,1
context_67734.json,root_preamble,1,1,0,1,1
context_67758.json,structured,38,38,0,1,1
context_67758.json,root_preamble,1,1,0,1,1
context_67761.json,structured,13,13,0,1,1
context_67761.json,root_preamble,1,1,0,1,1
context_67776.json,structured,5,5,0,1,1
context_67776.json,root_preamble,1,1,0,1,1
context_6785.json,structured,3,3,0,1,1
context_6785.json,root_preamble,1,1,0,1,1
context_67876.json,structured,34,34,0,1,1
context_67876.json,root_preamble,1,1,0,1,1
context_67919.json,structured,13,13,0,1,1
context_67919.json,root_preamble,1,1,0,1,1
context_67945.json,structured,154,154,0,1,1
context_67945.json,root_preamble,1,1,0,1,1
context_68024.json,structured,7,7,0,1,1
context_68024.json,root_preamble,1,1,0,1,1
context_68073.json,structured,35,35,0,1,1
context_68073.json,root_preamble,1,1,0,1,1
context_68076.json,unstructured_whole,1,1,0,1,1
context_68098.json,structured,35,35,0,1,1
context_68098.json,root_preamble,1,1,0,1,1
context_68132.json,structured,8,8,0,1,1
context_68132.json,root_preamble,1,1,0,1,1
context_68137.json,structured,15,15,0,1,1
context_68137.json,root_preamble,1,1,0,1,1
context_6815.json,structured,15,15,0,1,1
context_6815.json,root_preamble,1,1,0,1,1
context_68156.json,structured,1,1,0,1,1
context_68156.json,root_preamble,1,1,0,1,1
context_68157.json,structured,8,8,0,1,1
context_68157.json,root_preamble,1,1,0,1,1
context_68190.json,structured,6,6,0,1,1
context_68190.json,root_preamble,1,1,0,1,1
context_68229.json,structured,8,8,0,1,1
context_68229.json,root_preamble,1,1,0,1,1
context_68307.json,structured,58,58,0,1,1
context_68307.json,root_preamble,1,1,0,1,1
context_68324.json,structured,17,17,0,1,1
context_68324.json,root_preamble,1,1,0,1,1
context_68349.json,structured,13,13,0,1,1
context_68349.json,root_preamble,1,1,0,1,1
context_68392.json,structured,17,17,0,1,1
context_68392.json,root_preamble,1,1,0,1,1
context_68399.json,structured,220,220,0,1,1
context_68399.json,root_preamble,1,1,0,1,1
context_68503.json,structured,19,19,0,1,1
context_68503.json,root_preamble,1,1,0,1,1
context_68509.json,structured,17,17,0,1,1
context_68509.json,root_preamble,1,1,0,1,1
context_68586.json,structured,16,16,0,1,1
context_68586.json,root_preamble,1,1,0,1,1
context_68596.json,structured,11,11,0,1,1
context_68596.json,root_preamble,1,1,0,1,1
context_68640.json,structured,15,15,0,1,1
context_68640.json,root_preamble,1,1,0,1,1
context_68679.json,structured,5,5,0,1,1
context_68679.json,root_preamble,1,1,0,1,1
context_6870.json,structured,40,40,0,1,1
context_6870.json,root_preamble,1,1,0,1,1
context_68760.json,structured,11,11,0,1,1
context_68760.json,root_preamble,1,1,0,1,1
context_68816.json,structured,14,14,0,1,1
context_68816.json,root_preamble,1,1,0,1,1
context_68834.json,structured,34,34,0,1,1
context_68834.json,root_preamble,1,1,0,1,1
context_68837.json,structured,5,5,0,1,1
context_68837.json,root_preamble,1,1,0,1,1
context_68843.json,structured,9,9,0,1,1
context_68843.json,root_preamble,1,1,0,1,1
context_68862.json,structured,5,5,0,1,1
context_68862.json,root_preamble,1,1,0,1,1
context_68906.json,structured,57,57,0,1,1
context_68906.json,root_preamble,1,1,0,1,1
context_68947.json,unstructured_whole,1,1,0,1,1
context_68961.json,structured,6,6,0,1,1
context_68961.json,root_preamble,1,1,0,1,1
context_68964.json,structured,4,4,0,1,1
context_68964.json,root_preamble,1,1,0,1,1
context_69.json,structured,6,6,0,1,1
context_69.json,root_preamble,1,1,0,1,1
context_6904.json,structured,28,28,0,1,1
context_6904.json,root_preamble,1,1,0,1,1
context_69054.json,structured,32,32,0,1,1
context_69054.json,root_preamble,1,1,0,1,1
context_6906.json,structured,4,4,0,1,1
context_6906.json,root_preamble,1,1,0,1,1
context_6918.json,structured,8,8,0,1,1
context_6918.json,root_preamble,1,1,0,1,1
context_69189.json,unstructured_whole,1,1,0,1,1
context_69191.json,structured,33,33,0,1,1
context_69191.json,root_preamble,1,1,0,1,1
context_69266.json,structured,6,6,0,1,1
context_69266.json,root_preamble,1,1,0,1,1
context_69296.json,structured,5,5,0,1,1
context_69296.json,root_preamble,1,1,0,1,1
context_6931.json,structured,26,26,0,1,1
context_6931.json,root_preamble,1,1,0,1,1
context_69336.json,structured,11,11,0,1,1
context_69336.json,root_preamble,1,1,0,1,1
context_69376.json,structured,9,9,0,1,1
context_69376.json,root_preamble,1,1,0,1,1
context_69410.json,structured,34,34,0,1,1
context_69410.json,root_preamble,1,1,0,1,1
context_69447.json,structured,4,4,0,1,1
context_69447.json,root_preamble,1,1,0,1,1
context_69484.json,structured,98,98,0,1,1
context_69484.json,root_preamble,1,1,0,1,1
context_69489.json,structured,36,36,0,1,1
context_69489.json,root_preamble,1,1,0,1,1
context_69500.json,structured,4,4,0,1,1
context_69500.json,root_preamble,1,1,0,1,1
context_69527.json,structured,32,32,0,1,1
context_69527.json,root_preamble,1,1,0,1,1
context_69560.json,structured,27,27,0,1,1
context_69560.json,root_preamble,1,1,0,1,1
context_69585.json,structured,5,5,0,1,1
context_69585.json,root_preamble,1,1,0,1,1
context_69594.json,structured,31,31,0,1,1
context_69594.json,root_preamble,1,1,0,1,1
context_69656.json,structured,11,11,0,1,1
context_69656.json,root_preamble,1,1,0,1,1
context_69681.json,structured,15,15,0,1,1
context_69681.json,root_preamble,1,1,0,1,1
context_697.json,structured,13,13,0,1,1
context_697.json,root_preamble,1,1,0,1,1
context_69733.json,structured,10,10,0,1,1
context_69733.json,root_preamble,1,1,0,1,1
context_69769.json,unstructured_whole,1,1,0,1,1
context_69819.json,structured,21,21,0,1,1
context_69819.json,root_preamble,1,1,0,1,1
context_69835.json,structured,182,182,0,1,1
context_69835.json,root_preamble,1,1,0,1,1
context_6986.json,structured,9,9,0,1,1
context_6986.json,root_preamble,1,1,0,1,1
context_69890.json,structured,7,7,0,1,1
context_69890.json,root_preamble,1,1,0,1,1
context_69897.json,structured,6,6,0,1,1
context_69897.json,root_preamble,1,1,0,1,1
context_69910.json,structured,22,22,0,1,1
context_69910.json,root_preamble,1,1,0,1,1
context_69960.json,structured,7,7,0,1,1
context_69960.json,root_preamble,1,1,0,1,1
context_69991.json,structured,15,15,0,1,1
context_69991.json,root_preamble,1,1,0,1,1
context_69997.json,structured,8,8,0,1,1
context_69997.json,root_preamble,1,1,0,1,1
context_70028.json,structured,19,19,0,1,1
context_70028.json,root_preamble,1,1,0,1,1
context_70052.json,structured,6,6,0,1,1
context_70052.json,root_preamble,1,1,0,1,1
context_70119.json,structured,8,8,0,1,1
context_70119.json,root_preamble,1,1,0,1,1
context_70168.json,unstructured_whole,1,1,0,1,1
context_70182.json,structured,63,63,0,1,1
context_70182.json,root_preamble,1,1,0,1,1
context_70193.json,structured,43,43,0,1,1
context_70193.json,root_preamble,1,1,0,1,1
context_7022.json,unstructured_whole,1,1,0,1,1
context_70229.json,structured,21,21,0,1,1
context_70229.json,root_preamble,1,1,0,1,1
context_70235.json,structured,9,9,0,1,1
context_70235.json,root_preamble,1,1,0,1,1
context_70249.json,structured,20,20,0,1,1
context_70249.json,root_preamble,1,1,0,1,1
context_70255.json,structured,42,42,0,1,1
context_70255.json,root_preamble,1,1,0,1,1
context_70259.json,structured,45,45,0,1,1
context_70259.json,root_preamble,1,1,0,1,1
context_70313.json,structured,13,13,0,1,1
context_70313.json,root_preamble,1,1,0,1,1
context_70326.json,structured,25,25,0,1,1
context_70326.json,root_preamble,1,1,0,1,1
context_70327.json,unstructured_whole,1,1,0,1,1
context_70398.json,structured,6,6,0,1,1
context_70398.json,root_preamble,1,1,0,1,1
context_70436.json,structured,56,56,0,1,1
context_70436.json,root_preamble,1,1,0,1,1
context_70459.json,structured,7,7,0,1,1
context_70459.json,root_preamble,1,1,0,1,1
context_70479.json,structured,5,5,0,1,1
context_70479.json,root_preamble,1,1,0,1,1
context_70517.json,unstructured_whole,1,1,0,1,1
context_70574.json,structured,13,13,0,1,1
context_70574.json,root_preamble,1,1,0,1,1
context_70582.json,structured,59,59,0,1,1
context_70582.json,root_preamble,1,1,0,1,1
context_70598.json,structured,5,5,0,1,1
context_70598.json,root_preamble,1,1,0,1,1
context_70621.json,structured,7,7,0,1,1
context_70621.json,root_preamble,1,1,0,1,1
context_70622.json,structured,7,7,0,1,1
context_70622.json,root_preamble,1,1,0,1,1
context_70715.json,structured,10,10,0,1,1
context_70715.json,root_preamble,1,1,0,1,1
context_70737.json,structured,9,9,0,1,1
context_70737.json,root_preamble,1,1,0,1,1
context_70772.json,structured,11,11,0,1,1
context_70772.json,root_preamble,1,1,0,1,1
context_70811.json,structured,8,8,0,1,1
context_70811.json,root_preamble,1,1,0,1,1
context_70835.json,structured,16,16,0,1,1
context_70835.json,root_preamble,1,1,0,1,1
context_70853.json,structured,14,14,0,1,1
context_70853.json,root_preamble,1,1,0,1,1
context_70872.json,structured,98,98,0,1,1
context_70872.json,root_preamble,1,1,0,1,1
context_70915.json,structured,6,6,0,1,1
context_70915.json,root_preamble,1,1,0,1,1
context_70928.json,structured,18,18,0,1,1
context_70928.json,root_preamble,1,1,0,1,1
context_70938.json,structured,30,30,0,1,1
context_70938.json,root_preamble,1,1,0,1,1
context_70967.json,structured,7,7,0,1,1
context_70967.json,root_preamble,1,1,0,1,1
context_70971.json,structured,61,61,0,1,1
context_70971.json,root_preamble,1,1,0,1,1
context_70973.json,structured,24,24,0,1,1
context_70973.json,root_preamble,1,1,0,1,1
context_7100.json,unstructured_whole,1,1,0,1,1
context_71013.json,structured,5,5,0,1,1
context_71013.json,root_preamble,1,1,0,1,1
context_71081.json,unstructured_whole,1,1,0,1,1
context_71118.json,structured,5,5,0,1,1
context_71118.json,root_preamble,1,1,0,1,1
context_71251.json,structured,2,2,0,1,1
context_71251.json,root_preamble,1,1,0,1,1
context_71293.json,structured,24,24,0,1,1
context_71293.json,root_preamble,1,1,0,1,1
context_71303.json,structured,12,12,0,1,1
context_71303.json,root_preamble,1,1,0,1,1
context_71385.json,structured,17,17,0,1,1
context_71385.json,root_preamble,1,1,0,1,1
context_71436.json,structured,17,17,0,1,1
context_71436.json,root_preamble,1,1,0,1,1
context_71483.json,structured,16,16,0,1,1
context_71483.json,root_preamble,1,1,0,1,1
context_71487.json,structured,10,10,0,1,1
context_71487.json,root_preamble,1,1,0,1,1
context_7152.json,structured,6,6,0,1,1
context_7152.json,root_preamble,1,1,0,1,1
context_71551.json,structured,49,49,0,1,1
context_71551.json,root_preamble,1,1,0,1,1
context_71560.json,structured,26,26,0,1,1
context_71560.json,root_preamble,1,1,0,1,1
context_71599.json,structured,62,62,0,1,1
context_71599.json,root_preamble,1,1,0,1,1
context_71607.json,structured,3,3,0,1,1
context_71607.json,root_preamble,1,1,0,1,1
context_71629.json,structured,57,57,0,1,1
context_71629.json,root_preamble,1,1,0,1,1
context_71651.json,structured,57,57,0,1,1
context_71651.json,root_preamble,1,1,0,1,1
context_71659.json,structured,55,55,0,1,1
context_71659.json,root_preamble,1,1,0,1,1
context_71669.json,structured,15,15,0,1,1
context_71669.json,root_preamble,1,1,0,1,1
context_71679.json,structured,6,6,0,1,1
context_71679.json,root_preamble,1,1,0,1,1
context_71682.json,structured,47,47,0,1,1
context_71682.json,root_preamble,1,1,0,1,1
context_71721.json,structured,34,34,0,1,1
context_71721.json,root_preamble,1,1,0,1,1
context_71728.json,structured,30,30,0,1,1
context_71728.json,root_preamble,1,1,0,1,1
context_71730.json,unstructured_whole,1,1,0,1,1
context_71739.json,structured,32,32,0,1,1
context_71739.json,root_preamble,1,1,0,1,1
context_71742.json,structured,16,16,0,1,1
context_71742.json,root_preamble,1,1,0,1,1
context_7177.json,structured,43,43,0,1,1
context_7177.json,root_preamble,1,1,0,1,1
context_71875.json,structured,35,35,0,1,1
context_71875.json,root_preamble,1,1,0,1,1
context_71884.json,structured,35,35,0,1,1
context_71884.json,root_preamble,1,1,0,1,1
context_71886.json,structured,25,25,0,1,1
context_71886.json,root_preamble,1,1,0,1,1
context_72004.json,structured,93,93,0,1,1
context_72004.json,root_preamble,1,1,0,1,1
context_72009.json,structured,3,3,0,1,1
context_72009.json,root_preamble,1,1,0,1,1
context_72062.json,structured,39,39,0,1,1
context_72062.json,root_preamble,1,1,0,1,1
context_72064.json,structured,6,6,0,1,1
context_72064.json,root_preamble,1,1,0,1,1
context_72074.json,structured,16,16,0,1,1
context_72074.json,root_preamble,1,1,0,1,1
context_72083.json,structured,55,55,0,1,1
context_72083.json,root_preamble,1,1,0,1,1
context_72095.json,structured,2,2,0,1,1
context_72095.json,root_preamble,1,1,0,1,1
context_72196.json,structured,24,24,0,1,1
context_72196.json,root_preamble,1,1,0,1,1
context_72265.json,structured,45,45,0,1,1
context_72265.json,root_preamble,1,1,0,1,1
context_72295.json,structured,11,11,0,1,1
context_72295.json,root_preamble,1,1,0,1,1
context_72296.json,structured,29,29,0,1,1
context_72296.json,root_preamble,1,1,0,1,1
context_72305.json,structured,129,129,0,1,1
context_72305.json,root_preamble,1,1,0,1,1
context_72346.json,structured,6,6,0,1,1
context_72346.json,root_preamble,1,1,0,1,1
context_72369.json,structured,5,5,0,1,1
context_72369.json,root_preamble,1,1,0,1,1
context_7237.json,unstructured_whole,1,1,0,1,1
context_72411.json,structured,14,14,0,1,1
context_72411.json,root_preamble,1,1,0,1,1
context_72472.json,structured,20,20,0,1,1
context_72472.json,root_preamble,1,1,0,1,1
context_72491.json,structured,4,4,0,1,1
context_72491.json,root_preamble,1,1,0,1,1
context_72497.json,structured,22,22,0,1,1
context_72497.json,root_preamble,1,1,0,1,1
context_72515.json,unstructured_whole,1,1,0,1,1
context_72531.json,structured,4,4,0,1,1
context_72531.json,root_preamble,1,1,0,1,1
context_72534.json,structured,29,29,0,1,1
context_72534.json,root_preamble,1,1,0,1,1
context_72548.json,structured,35,35,0,1,1
context_72548.json,root_preamble,1,1,0,1,1
context_72557.json,structured,14,14,0,1,1
context_72557.json,root_preamble,1,1,0,1,1
context_72589.json,structured,24,24,0,1,1
context_72589.json,root_preamble,1,1,0,1,1
context_72609.json,structured,54,54,0,1,1
context_72609.json,root_preamble,1,1,0,1,1
context_72622.json,structured,6,6,0,1,1
context_72622.json,root_preamble,1,1,0,1,1
context_72674.json,structured,32,32,0,1,1
context_72674.json,root_preamble,1,1,0,1,1
context_7271.json,structured,35,35,0,1,1
context_7271.json,root_preamble,1,1,0,1,1
context_72725.json,structured,6,6,0,1,1
context_72725.json,root_preamble,1,1,0,1,1
context_72865.json,structured,5,5,0,1,1
context_72865.json,root_preamble,1,1,0,1,1
context_72898.json,structured,30,30,0,1,1
context_72898.json,root_preamble,1,1,0,1,1
context_72908.json,structured,5,5,0,1,1
context_72908.json,root_preamble,1,1,0,1,1
context_73028.json,structured,19,19,0,1,1
context_73028.json,root_preamble,1,1,0,1,1
context_73112.json,structured,3,3,0,1,1
context_73112.json,root_preamble,1,1,0,1,1
context_73116.json,structured,27,27,0,1,1
context_73116.json,root_preamble,1,1,0,1,1
context_73119.json,structured,52,52,0,1,1
context_73119.json,root_preamble,1,1,0,1,1
context_73129.json,structured,4,4,0,1,1
context_73129.json,root_preamble,1,1,0,1,1
context_73133.json,structured,17,17,0,1,1
context_73133.json,root_preamble,1,1,0,1,1
context_73194.json,structured,4,4,0,1,1
context_73194.json,root_preamble,1,1,0,1,1
context_73196.json,structured,5,5,0,1,1
context_73196.json,root_preamble,1,1,0,1,1
context_73206.json,structured,6,6,0,1,1
context_73206.json,root_preamble,1,1,0,1,1
context_73231.json,structured,34,34,0,1,1
context_73231.json,root_preamble,1,1,0,1,1
context_73238.json,structured,24,24,0,1,1
context_73238.json,root_preamble,1,1,0,1,1
context_73336.json,structured,17,17,0,1,1
context_73336.json,root_preamble,1,1,0,1,1
context_73367.json,structured,46,46,0,1,1
context_73367.json,root_preamble,1,1,0,1,1
context_73397.json,structured,23,23,0,1,1
context_73397.json,root_preamble,1,1,0,1,1
context_73424.json,structured,13,13,0,1,1
context_73424.json,root_preamble,1,1,0,1,1
context_73462.json,structured,22,22,0,1,1
context_73462.json,root_preamble,1,1,0,1,1
context_73464.json,structured,42,42,0,1,1
context_73464.json,root_preamble,1,1,0,1,1
context_73487.json,structured,27,27,0,1,1
context_73487.json,root_preamble,1,1,0,1,1
context_73552.json,structured,39,39,0,1,1
context_73552.json,root_preamble,1,1,0,1,1
context_73553.json,structured,18,18,0,1,1
context_73553.json,root_preamble,1,1,0,1,1
context_73607.json,structured,2,2,0,1,1
context_73607.json,root_preamble,1,1,0,1,1
context_73617.json,structured,27,27,0,1,1
context_73617.json,root_preamble,1,1,0,1,1
context_73626.json,unstructured_whole,1,1,0,1,1
context_73659.json,structured,16,16,0,1,1
context_73659.json,root_preamble,1,1,0,1,1
context_73685.json,structured,32,32,0,1,1
context_73685.json,root_preamble,1,1,0,1,1
context_73737.json,structured,24,24,0,1,1
context_73737.json,root_preamble,1,1,0,1,1
context_73787.json,structured,5,5,0,1,1
context_73787.json,root_preamble,1,1,0,1,1
context_73950.json,unstructured_whole,1,1,0,1,1
context_740.json,structured,5,5,0,1,1
context_740.json,root_preamble,1,1,0,1,1
context_74074.json,structured,16,16,0,1,1
context_74074.json,root_preamble,1,1,0,1,1
context_74079.json,structured,14,14,0,1,1
context_74079.json,root_preamble,1,1,0,1,1
context_7409.json,structured,22,22,0,1,1
context_7409.json,root_preamble,1,1,0,1,1
context_74111.json,structured,11,11,0,1,1
context_74111.json,root_preamble,1,1,0,1,1
context_74230.json,structured,47,47,0,1,1
context_74230.json,root_preamble,1,1,0,1,1
context_74267.json,structured,60,60,0,1,1
context_74267.json,root_preamble,1,1,0,1,1
context_74276.json,structured,13,13,0,1,1
context_74276.json,root_preamble,1,1,0,1,1
context_74286.json,structured,16,16,0,1,1
context_74286.json,root_preamble,1,1,0,1,1
context_743.json,structured,37,37,0,1,1
context_743.json,root_preamble,1,1,0,1,1
context_7430.json,structured,47,47,0,1,1
context_7430.json,root_preamble,1,1,0,1,1
context_74305.json,structured,6,6,0,1,1
context_74305.json,root_preamble,1,1,0,1,1
context_74308.json,structured,44,44,0,1,1
context_74308.json,root_preamble,1,1,0,1,1
context_74349.json,structured,11,11,0,1,1
context_74349.json,root_preamble,1,1,0,1,1
context_7437.json,structured,7,7,0,1,1
context_7437.json,root_preamble,1,1,0,1,1
context_74412.json,structured,5,5,0,1,1
context_74412.json,root_preamble,1,1,0,1,1
context_74416.json,structured,8,8,0,1,1
context_74416.json,root_preamble,1,1,0,1,1
context_74420.json,structured,4,4,0,1,1
context_74420.json,root_preamble,1,1,0,1,1
context_74435.json,structured,14,14,0,1,1
context_74435.json,root_preamble,1,1,0,1,1
context_74494.json,structured,69,69,0,1,1
context_74494.json,root_preamble,1,1,0,1,1
context_74538.json,structured,39,39,0,1,1
context_74538.json,root_preamble,1,1,0,1,1
context_74599.json,structured,10,10,0,1,1
context_74599.json,root_preamble,1,1,0,1,1
context_74622.json,structured,12,12,0,1,1
context_74622.json,root_preamble,1,1,0,1,1
context_74623.json,structured,31,31,0,1,1
context_74623.json,root_preamble,1,1,0,1,1
context_74653.json,structured,13,13,0,1,1
context_74653.json,root_preamble,1,1,0,1,1
context_74695.json,structured,7,7,0,1,1
context_74695.json,root_preamble,1,1,0,1,1
context_74723.json,structured,9,9,0,1,1
context_74723.json,root_preamble,1,1,0,1,1
context_74769.json,structured,14,14,0,1,1
context_74769.json,root_preamble,1,1,0,1,1
context_74824.json,structured,25,25,0,1,1
context_74824.json,root_preamble,1,1,0,1,1
context_74919.json,structured,12,12,0,1,1
context_74919.json,root_preamble,1,1,0,1,1
context_74933.json,structured,24,24,0,1,1
context_74933.json,root_preamble,1,1,0,1,1
context_7495.json,structured,31,31,0,1,1
context_7495.json,root_preamble,1,1,0,1,1
context_75001.json,structured,18,18,0,1,1
context_75001.json,root_preamble,1,1,0,1,1
context_75053.json,structured,21,21,0,1,1
context_75053.json,root_preamble,1,1,0,1,1
context_75067.json,structured,73,73,0,1,1
context_75067.json,root_preamble,1,1,0,1,1
context_75081.json,structured,25,25,0,1,1
context_75081.json,root_preamble,1,1,0,1,1
context_75105.json,structured,4,4,0,1,1
context_75105.json,root_preamble,1,1,0,1,1
context_75112.json,structured,64,64,0,1,1
context_75112.json,root_preamble,1,1,0,1,1
context_75224.json,structured,33,33,0,1,1
context_75224.json,root_preamble,1,1,0,1,1
context_75235.json,structured,40,40,0,1,1
context_75235.json,root_preamble,1,1,0,1,1
context_75295.json,structured,40,40,0,1,1
context_75295.json,root_preamble,1,1,0,1,1
context_75326.json,structured,18,18,0,1,1
context_75326.json,root_preamble,1,1,0,1,1
context_75341.json,structured,8,8,0,1,1
context_75341.json,root_preamble,1,1,0,1,1
context_75382.json,structured,5,5,0,1,1
context_75382.json,root_preamble,1,1,0,1,1
context_75406.json,structured,2,2,0,1,1
context_75406.json,root_preamble,1,1,0,1,1
context_75422.json,structured,4,4,0,1,1
context_75422.json,root_preamble,1,1,0,1,1
context_75439.json,structured,23,23,0,1,1
context_75439.json,root_preamble,1,1,0,1,1
context_75447.json,structured,6,6,0,1,1
context_75447.json,root_preamble,1,1,0,1,1
context_75455.json,structured,4,4,0,1,1
context_75455.json,root_preamble,1,1,0,1,1
context_75474.json,structured,41,41,0,1,1
context_75474.json,root_preamble,1,1,0,1,1
context_75497.json,structured,28,28,0,1,1
context_75497.json,root_preamble,1,1,0,1,1
context_75509.json,structured,29,29,0,1,1
context_75509.json,root_preamble,1,1,0,1,1
context_75514.json,structured,7,7,0,1,1
context_75514.json,root_preamble,1,1,0,1,1
context_75536.json,structured,26,26,0,1,1
context_75536.json,root_preamble,1,1,0,1,1
context_7558.json,structured,16,16,0,1,1
context_7558.json,root_preamble,1,1,0,1,1
context_75590.json,structured,33,33,0,1,1
context_75590.json,root_preamble,1,1,0,1,1
context_75598.json,structured,10,10,0,1,1
context_75598.json,root_preamble,1,1,0,1,1
context_75649.json,structured,4,4,0,1,1
context_75649.json,root_preamble,1,1,0,1,1
context_75663.json,structured,54,54,0,1,1
context_75663.json,root_preamble,1,1,0,1,1
context_75775.json,structured,12,12,0,1,1
context_75775.json,root_preamble,1,1,0,1,1
context_75796.json,structured,66,66,0,1,1
context_75796.json,root_preamble,1,1,0,1,1
context_75838.json,structured,6,6,0,1,1
context_75838.json,root_preamble,1,1,0,1,1
context_75845.json,structured,2,2,0,1,1
context_75845.json,root_preamble,1,1,0,1,1
context_75885.json,structured,7,7,0,1,1
context_75885.json,root_preamble,1,1,0,1,1
context_75897.json,structured,5,5,0,1,1
context_75897.json,root_preamble,1,1,0,1,1
context_75964.json,unstructured_whole,1,1,0,1,1
context_75988.json,structured,8,8,0,1,1
context_75988.json,root_preamble,1,1,0,1,1
context_76015.json,structured,29,29,0,1,1
context_76015.json,root_preamble,1,1,0,1,1
context_76020.json,structured,21,21,0,1,1
context_76020.json,root_preamble,1,1,0,1,1
context_76024.json,structured,91,91,0,1,1
context_76024.json,root_preamble,1,1,0,1,1
context_76095.json,structured,3,3,0,1,1
context_76095.json,root_preamble,1,1,0,1,1
context_76107.json,structured,31,31,0,1,1
context_76107.json,root_preamble,1,1,0,1,1
context_76184.json,structured,18,18,0,1,1
context_76184.json,root_preamble,1,1,0,1,1
context_76265.json,structured,5,5,0,1,1
context_76265.json,root_preamble,1,1,0,1,1
context_76285.json,structured,17,17,0,1,1
context_76285.json,root_preamble,1,1,0,1,1
context_76309.json,structured,4,4,0,1,1
context_76309.json,root_preamble,1,1,0,1,1
context_7631.json,structured,17,17,0,1,1
context_7631.json,root_preamble,1,1,0,1,1
context_76311.json,structured,25,25,0,1,1
context_76311.json,root_preamble,1,1,0,1,1
context_76418.json,structured,27,27,0,1,1
context_76418.json,root_preamble,1,1,0,1,1
context_76429.json,structured,10,10,0,1,1
context_76429.json,root_preamble,1,1,0,1,1
context_76498.json,structured,43,43,0,1,1
context_76498.json,root_preamble,1,1,0,1,1
context_76576.json,structured,19,19,0,1,1
context_76576.json,root_preamble,1,1,0,1,1
context_76646.json,structured,34,34,0,1,1
context_76646.json,root_preamble,1,1,0,1,1
context_76653.json,structured,36,36,0,1,1
context_76653.json,root_preamble,1,1,0,1,1
context_76675.json,structured,5,5,0,1,1
context_76675.json,root_preamble,1,1,0,1,1
context_76695.json,structured,15,15,0,1,1
context_76695.json,root_preamble,1,1,0,1,1
context_76794.json,structured,41,41,0,1,1
context_76794.json,root_preamble,1,1,0,1,1
context_76818.json,structured,32,32,0,1,1
context_76818.json,root_preamble,1,1,0,1,1
context_7683.json,structured,21,21,0,1,1
context_7683.json,root_preamble,1,1,0,1,1
context_76830.json,structured,53,53,0,1,1
context_76830.json,root_preamble,1,1,0,1,1
context_76831.json,structured,79,79,0,1,1
context_76831.json,root_preamble,1,1,0,1,1
context_76876.json,structured,5,5,0,1,1
context_76876.json,root_preamble,1,1,0,1,1
context_76881.json,structured,43,43,0,1,1
context_76881.json,root_preamble,1,1,0,1,1
context_76926.json,structured,8,8,0,1,1
context_76926.json,root_preamble,1,1,0,1,1
context_76948.json,structured,23,23,0,1,1
context_76948.json,root_preamble,1,1,0,1,1
context_76950.json,structured,7,7,0,1,1
context_76950.json,root_preamble,1,1,0,1,1
context_76973.json,structured,6,6,0,1,1
context_76973.json,root_preamble,1,1,0,1,1
context_77008.json,structured,38,38,0,1,1
context_77008.json,root_preamble,1,1,0,1,1
context_77029.json,structured,26,26,0,1,1
context_77029.json,root_preamble,1,1,0,1,1
context_77060.json,structured,11,11,0,1,1
context_77060.json,root_preamble,1,1,0,1,1
context_77099.json,structured,23,23,0,1,1
context_77099.json,root_preamble,1,1,0,1,1
context_77154.json,structured,29,29,0,1,1
context_77154.json,root_preamble,1,1,0,1,1
context_77157.json,structured,5,5,0,1,1
context_77157.json,root_preamble,1,1,0,1,1
context_772.json,structured,3,3,0,1,1
context_772.json,root_preamble,1,1,0,1,1
context_77208.json,structured,5,5,0,1,1
context_77208.json,root_preamble,1,1,0,1,1
context_77220.json,structured,6,6,0,1,1
context_77220.json,root_preamble,1,1,0,1,1
context_7724.json,unstructured_whole,1,1,0,1,1
context_77290.json,structured,30,30,0,1,1
context_77290.json,root_preamble,1,1,0,1,1
context_77311.json,structured,52,52,0,1,1
context_77311.json,root_preamble,1,1,0,1,1
context_77401.json,structured,5,5,0,1,1
context_77401.json,root_preamble,1,1,0,1,1
context_77444.json,structured,4,4,0,1,1
context_77444.json,root_preamble,1,1,0,1,1
context_77450.json,structured,2,2,0,1,1
context_77450.json,root_preamble,1,1,0,1,1
context_77455.json,structured,24,24,0,1,1
context_77455.json,root_preamble,1,1,0,1,1
context_77456.json,unstructured_whole,1,1,0,1,1
context_77494.json,structured,5,5,0,1,1
context_77494.json,root_preamble,1,1,0,1,1
context_77510.json,structured,24,24,0,1,1
context_77510.json,root_preamble,1,1,0,1,1
context_77535.json,unstructured_whole,1,1,0,1,1
context_77549.json,structured,11,11,0,1,1
context_77549.json,root_preamble,1,1,0,1,1
context_77585.json,structured,27,27,0,1,1
context_77585.json,root_preamble,1,1,0,1,1
context_77595.json,structured,12,12,0,1,1
context_77595.json,root_preamble,1,1,0,1,1
context_77617.json,structured,7,7,0,1,1
context_77617.json,root_preamble,1,1,0,1,1
context_77633.json,unstructured_whole,1,1,0,1,1
context_77650.json,structured,59,59,0,1,1
context_77650.json,root_preamble,1,1,0,1,1
context_77667.json,structured,17,17,0,1,1
context_77667.json,root_preamble,1,1,0,1,1
context_77679.json,structured,5,5,0,1,1
context_77679.json,root_preamble,1,1,0,1,1
context_77682.json,structured,4,4,0,1,1
context_77682.json,root_preamble,1,1,0,1,1
context_77697.json,structured,36,36,0,1,1
context_77697.json,root_preamble,1,1,0,1,1
context_77719.json,structured,4,4,0,1,1
context_77719.json,root_preamble,1,1,0,1,1
context_7776.json,structured,5,5,0,1,1
context_7776.json,root_preamble,1,1,0,1,1
context_77766.json,structured,17,17,0,1,1
context_77766.json,root_preamble,1,1,0,1,1
context_77788.json,structured,3,3,0,1,1
context_77788.json,root_preamble,1,1,0,1,1
context_77794.json,structured,29,29,0,1,1
context_77794.json,root_preamble,1,1,0,1,1
context_77872.json,structured,4,4,0,1,1
context_77872.json,root_preamble,1,1,0,1,1
context_77886.json,structured,5,5,0,1,1
context_77886.json,root_preamble,1,1,0,1,1
context_77897.json,structured,53,53,0,1,1
context_77897.json,root_preamble,1,1,0,1,1
context_77960.json,unstructured_whole,1,1,0,1,1
context_7798.json,structured,4,4,0,1,1
context_7798.json,root_preamble,1,1,0,1,1
context_77980.json,structured,4,4,0,1,1
context_77980.json,root_preamble,1,1,0,1,1
context_78034.json,structured,26,26,0,1,1
context_78034.json,root_preamble,1,1,0,1,1
context_78098.json,structured,30,30,0,1,1
context_78098.json,root_preamble,1,1,0,1,1
context_78116.json,structured,22,22,0,1,1
context_78116.json,root_preamble,1,1,0,1,1
context_78163.json,structured,52,52,0,1,1
context_78163.json,root_preamble,1,1,0,1,1
context_78219.json,structured,38,38,0,1,1
context_78219.json,root_preamble,1,1,0,1,1
context_78234.json,structured,9,9,0,1,1
context_78234.json,root_preamble,1,1,0,1,1
context_78241.json,structured,30,30,0,1,1
context_78241.json,root_preamble,1,1,0,1,1
context_7825.json,structured,15,15,0,1,1
context_7825.json,root_preamble,1,1,0,1,1
context_78264.json,structured,6,6,0,1,1
context_78264.json,root_preamble,1,1,0,1,1
context_78371.json,structured,8,8,0,1,1
context_78371.json,root_preamble,1,1,0,1,1
context_784.json,structured,86,86,0,1,1
context_784.json,root_preamble,1,1,0,1,1
context_78406.json,structured,80,80,0,1,1
context_78406.json,root_preamble,1,1,0,1,1
context_78507.json,structured,2,2,0,1,1
context_78507.json,root_preamble,1,1,0,1,1
context_78547.json,structured,3,3,0,1,1
context_78547.json,root_preamble,1,1,0,1,1
context_7855.json,structured,26,26,0,1,1
context_7855.json,root_preamble,1,1,0,1,1
context_78640.json,structured,26,26,0,1,1
context_78640.json,root_preamble,1,1,0,1,1
context_78686.json,unstructured_whole,1,1,0,1,1
context_78727.json,structured,9,9,0,1,1
context_78727.json,root_preamble,1,1,0,1,1
context_78732.json,structured,4,4,0,1,1
context_78732.json,root_preamble,1,1,0,1,1
context_78774.json,structured,36,36,0,1,1
context_78774.json,root_preamble,1,1,0,1,1
context_78815.json,unstructured_whole,1,1,0,1,1
context_78837.json,structured,2,2,0,1,1
context_78837.json,root_preamble,1,1,0,1,1
context_78871.json,structured,10,10,0,1,1
context_78871.json,root_preamble,1,1,0,1,1
context_78884.json,structured,73,73,0,1,1
context_78884.json,root_preamble,1,1,0,1,1
context_78900.json,structured,21,21,0,1,1
context_78900.json,root_preamble,1,1,0,1,1
context_79032.json,structured,35,35,0,1,1
context_79032.json,root_preamble,1,1,0,1,1
context_79036.json,structured,8,8,0,1,1
context_79036.json,root_preamble,1,1,0,1,1
context_79068.json,unstructured_whole,1,1,0,1,1
context_79101.json,structured,4,4,0,1,1
context_79101.json,root_preamble,1,1,0,1,1
context_79112.json,structured,20,20,0,1,1
context_79112.json,root_preamble,1,1,0,1,1
context_79124.json,structured,27,27,0,1,1
context_79124.json,root_preamble,1,1,0,1,1
context_79197.json,structured,14,14,0,1,1
context_79197.json,root_preamble,1,1,0,1,1
context_79208.json,structured,2,2,0,1,1
context_79208.json,root_preamble,1,1,0,1,1
context_7925.json,structured,19,19,0,1,1
context_7925.json,root_preamble,1,1,0,1,1
context_79280.json,structured,13,13,0,1,1
context_79280.json,root_preamble,1,1,0,1,1
context_79339.json,structured,24,24,0,1,1
context_79339.json,root_preamble,1,1,0,1,1
context_7935.json,structured,6,6,0,1,1
context_7935.json,root_preamble,1,1,0,1,1
context_79369.json,structured,36,36,0,1,1
context_79369.json,root_preamble,1,1,0,1,1
context_79400.json,structured,9,9,0,1,1
context_79400.json,root_preamble,1,1,0,1,1
context_79407.json,structured,7,7,0,1,1
context_79407.json,root_preamble,1,1,0,1,1
context_7949.json,structured,22,22,0,1,1
context_7949.json,root_preamble,1,1,0,1,1
context_79491.json,structured,70,70,0,1,1
context_79491.json,root_preamble,1,1,0,1,1
context_79553.json,structured,34,34,0,1,1
context_79553.json,root_preamble,1,1,0,1,1
context_7959.json,structured,31,31,0,1,1
context_7959.json,root_preamble,1,1,0,1,1
context_79616.json,structured,29,29,0,1,1
context_79616.json,root_preamble,1,1,0,1,1
context_79642.json,structured,44,44,0,1,1
context_79642.json,root_preamble,1,1,0,1,1
context_79670.json,unstructured_whole,1,1,0,1,1
context_79681.json,structured,6,6,0,1,1
context_79681.json,root_preamble,1,1,0,1,1
context_79695.json,structured,1,1,0,1,1
context_79695.json,root_preamble,1,1,0,1,1
context_79706.json,structured,16,16,0,1,1
context_79706.json,root_preamble,1,1,0,1,1
context_79866.json,structured,59,59,0,1,1
context_79866.json,root_preamble,1,1,0,1,1
context_79878.json,structured,52,52,0,1,1
context_79878.json,root_preamble,1,1,0,1,1
context_79879.json,structured,12,12,0,1,1
context_79879.json,root_preamble,1,1,0,1,1
context_79898.json,structured,1,1,0,1,1
context_79898.json,root_preamble,1,1,0,1,1
context_79926.json,structured,19,19,0,1,1
context_79926.json,root_preamble,1,1,0,1,1
context_79989.json,structured,15,15,0,1,1
context_79989.json,root_preamble,1,1,0,1,1
context_79990.json,structured,9,9,0,1,1
context_79990.json,root_preamble,1,1,0,1,1
context_80010.json,structured,32,32,0,1,1
context_80010.json,root_preamble,1,1,0,1,1
context_80015.json,structured,28,28,0,1,1
context_80015.json,root_preamble,1,1,0,1,1
context_80065.json,structured,20,20,0,1,1
context_80065.json,root_preamble,1,1,0,1,1
context_80070.json,structured,6,6,0,1,1
context_80070.json,root_preamble,1,1,0,1,1
context_80078.json,structured,4,4,0,1,1
context_80078.json,root_preamble,1,1,0,1,1
context_80085.json,structured,2,2,0,1,1
context_80085.json,root_preamble,1,1,0,1,1
context_80136.json,structured,17,17,0,1,1
context_80136.json,root_preamble,1,1,0,1,1
context_80150.json,structured,26,26,0,1,1
context_80150.json,root_preamble,1,1,0,1,1
context_8017.json,structured,20,20,0,1,1
context_8017.json,root_preamble,1,1,0,1,1
context_80174.json,structured,5,5,0,1,1
context_80174.json,root_preamble,1,1,0,1,1
context_80180.json,structured,6,6,0,1,1
context_80180.json,root_preamble,1,1,0,1,1
context_80210.json,structured,4,4,0,1,1
context_80210.json,root_preamble,1,1,0,1,1
context_80245.json,structured,7,7,0,1,1
context_80245.json,root_preamble,1,1,0,1,1
context_80247.json,unstructured_whole,1,1,0,1,1
context_80269.json,structured,25,25,0,1,1
context_80269.json,root_preamble,1,1,0,1,1
context_8027.json,structured,5,5,0,1,1
context_8027.json,root_preamble,1,1,0,1,1
context_80275.json,structured,65,65,0,1,1
context_80275.json,root_preamble,1,1,0,1,1
context_80282.json,structured,16,16,0,1,1
context_80282.json,root_preamble,1,1,0,1,1
context_8029.json,structured,24,24,0,1,1
context_8029.json,root_preamble,1,1,0,1,1
context_80306.json,structured,3,3,0,1,1
context_80306.json,root_preamble,1,1,0,1,1
context_80335.json,structured,4,4,0,1,1
context_80335.json,root_preamble,1,1,0,1,1
context_8035.json,structured,6,6,0,1,1
context_8035.json,root_preamble,1,1,0,1,1
context_80428.json,structured,12,12,0,1,1
context_80428.json,root_preamble,1,1,0,1,1
context_8047.json,structured,19,19,0,1,1
context_8047.json,root_preamble,1,1,0,1,1
context_80630.json,structured,6,6,0,1,1
context_80630.json,root_preamble,1,1,0,1,1
context_80725.json,structured,33,33,0,1,1
context_80725.json,root_preamble,1,1,0,1,1
context_80730.json,structured,24,24,0,1,1
context_80730.json,root_preamble,1,1,0,1,1
context_80766.json,structured,4,4,0,1,1
context_80766.json,root_preamble,1,1,0,1,1
context_80773.json,unstructured_whole,1,1,0,1,1
context_80851.json,structured,4,4,0,1,1
context_80851.json,root_preamble,1,1,0,1,1
context_8093.json,structured,44,44,0,1,1
context_8093.json,root_preamble,1,1,0,1,1
context_80947.json,structured,4,4,0,1,1
context_80947.json,root_preamble,1,1,0,1,1
context_81054.json,structured,24,24,0,1,1
context_81054.json,root_preamble,1,1,0,1,1
context_81060.json,structured,89,89,0,1,1
context_81060.json,root_preamble,1,1,0,1,1
context_81127.json,structured,10,10,0,1,1
context_81127.json,root_preamble,1,1,0,1,1
context_81128.json,structured,48,48,0,1,1
context_81128.json,root_preamble,1,1,0,1,1
context_81136.json,structured,34,34,0,1,1
context_81136.json,root_preamble,1,1,0,1,1
context_81147.json,structured,23,23,0,1,1
context_81147.json,root_preamble,1,1,0,1,1
context_81189.json,unstructured_whole,1,1,0,1,1
context_81244.json,structured,45,45,0,1,1
context_81244.json,root_preamble,1,1,0,1,1
context_81326.json,unstructured_whole,1,1,0,1,1
context_81341.json,structured,22,22,0,1,1
context_81341.json,root_preamble,1,1,0,1,1
context_81400.json,structured,72,72,0,1,1
context_81400.json,root_preamble,1,1,0,1,1
context_81440.json,structured,45,45,0,1,1
context_81440.json,root_preamble,1,1,0,1,1
context_81485.json,structured,19,19,0,1,1
context_81485.json,root_preamble,1,1,0,1,1
context_81504.json,structured,60,60,0,1,1
context_81504.json,root_preamble,1,1,0,1,1
context_81540.json,structured,21,21,0,1,1
context_81540.json,root_preamble,1,1,0,1,1
context_81598.json,structured,392,392,0,1,1
context_81598.json,root_preamble,1,1,0,1,1
context_81612.json,structured,18,18,0,1,1
context_81612.json,root_preamble,1,1,0,1,1
context_8167.json,structured,17,17,0,1,1
context_8167.json,root_preamble,1,1,0,1,1
context_81673.json,structured,13,13,0,1,1
context_81673.json,root_preamble,1,1,0,1,1
context_81768.json,structured,16,16,0,1,1
context_81768.json,root_preamble,1,1,0,1,1
context_81832.json,structured,3,3,0,1,1
context_81832.json,root_preamble,1,1,0,1,1
context_81916.json,structured,18,18,0,1,1
context_81916.json,root_preamble,1,1,0,1,1
context_81965.json,structured,14,14,0,1,1
context_81965.json,root_preamble,1,1,0,1,1
context_81989.json,structured,17,17,0,1,1
context_81989.json,root_preamble,1,1,0,1,1
context_82004.json,structured,14,14,0,1,1
context_82004.json,root_preamble,1,1,0,1,1
context_82029.json,structured,2,2,0,1,1
context_82029.json,root_preamble,1,1,0,1,1
context_82036.json,structured,29,29,0,1,1
context_82036.json,root_preamble,1,1,0,1,1
context_82068.json,structured,5,5,0,1,1
context_82068.json,root_preamble,1,1,0,1,1
context_82140.json,structured,6,6,0,1,1
context_82140.json,root_preamble,1,1,0,1,1
context_82166.json,unstructured_whole,1,1,0,1,1
context_82219.json,structured,1,1,0,1,1
context_82219.json,root_preamble,1,1,0,1,1
context_82232.json,structured,3,3,0,1,1
context_82232.json,root_preamble,1,1,0,1,1
context_82252.json,structured,6,6,0,1,1
context_82252.json,root_preamble,1,1,0,1,1
context_82259.json,structured,2,2,0,1,1
context_82259.json,root_preamble,1,1,0,1,1
context_82337.json,structured,17,17,0,1,1
context_82337.json,root_preamble,1,1,0,1,1
context_82450.json,structured,30,30,0,1,1
context_82450.json,root_preamble,1,1,0,1,1
context_82462.json,structured,24,24,0,1,1
context_82462.json,root_preamble,1,1,0,1,1
context_82466.json,structured,48,48,0,1,1
context_82466.json,root_preamble,1,1,0,1,1
context_82515.json,structured,19,19,0,1,1
context_82515.json,root_preamble,1,1,0,1,1
context_82532.json,structured,30,30,0,1,1
context_82532.json,root_preamble,1,1,0,1,1
context_82538.json,structured,29,29,0,1,1
context_82538.json,root_preamble,1,1,0,1,1
context_82546.json,structured,4,4,0,1,1
context_82546.json,root_preamble,1,1,0,1,1
context_82599.json,structured,4,4,0,1,1
context_82599.json,root_preamble,1,1,0,1,1
context_82614.json,unstructured_whole,1,1,0,1,1
context_82705.json,structured,4,4,0,1,1
context_82705.json,root_preamble,1,1,0,1,1
context_82771.json,structured,2,2,0,1,1
context_82771.json,root_preamble,1,1,0,1,1
context_82778.json,structured,4,4,0,1,1
context_82778.json,root_preamble,1,1,0,1,1
context_82810.json,unstructured_whole,1,1,0,1,1
context_82956.json,structured,6,6,0,1,1
context_82956.json,root_preamble,1,1,0,1,1
context_83081.json,structured,22,22,0,1,1
context_83081.json,root_preamble,1,1,0,1,1
context_83083.json,structured,24,24,0,1,1
context_83083.json,root_preamble,1,1,0,1,1
context_83120.json,unstructured_whole,1,1,0,1,1
context_83127.json,structured,1,1,0,1,1
context_83127.json,root_preamble,1,1,0,1,1
context_83132.json,structured,5,5,0,1,1
context_83132.json,root_preamble,1,1,0,1,1
context_83145.json,structured,23,23,0,1,1
context_83145.json,root_preamble,1,1,0,1,1
context_83179.json,unstructured_whole,1,1,0,1,1
context_83232.json,structured,25,25,0,1,1
context_83232.json,root_preamble,1,1,0,1,1
context_83234.json,structured,9,9,0,1,1
context_83234.json,root_preamble,1,1,0,1,1
context_83264.json,unstructured_whole,1,1,0,1,1
context_83281.json,unstructured_whole,1,1,0,1,1
context_83293.json,structured,59,59,0,1,1
context_83293.json,root_preamble,1,1,0,1,1
context_83311.json,structured,28,28,0,1,1
context_83311.json,root_preamble,1,1,0,1,1
context_83330.json,structured,38,38,0,1,1
context_83330.json,root_preamble,1,1,0,1,1
context_83364.json,unstructured_whole,1,1,0,1,1
context_83397.json,structured,5,5,0,1,1
context_83397.json,root_preamble,1,1,0,1,1
context_83410.json,structured,3,3,0,1,1
context_83410.json,root_preamble,1,1,0,1,1
context_83445.json,structured,25,25,0,1,1
context_83445.json,root_preamble,1,1,0,1,1
context_83446.json,structured,12,12,0,1,1
context_83446.json,root_preamble,1,1,0,1,1
context_83471.json,structured,31,31,0,1,1
context_83471.json,root_preamble,1,1,0,1,1
context_83517.json,structured,14,14,0,1,1
context_83517.json,root_preamble,1,1,0,1,1
context_83522.json,structured,27,27,0,1,1
context_83522.json,root_preamble,1,1,0,1,1
context_83537.json,structured,9,9,0,1,1
context_83537.json,root_preamble,1,1,0,1,1
context_83540.json,structured,8,8,0,1,1
context_83540.json,root_preamble,1,1,0,1,1
context_83552.json,structured,27,27,0,1,1
context_83552.json,root_preamble,1,1,0,1,1
context_83561.json,structured,7,7,0,1,1
context_83561.json,root_preamble,1,1,0,1,1
context_83566.json,structured,43,43,0,1,1
context_83566.json,root_preamble,1,1,0,1,1
context_83665.json,structured,4,4,0,1,1
context_83665.json,root_preamble,1,1,0,1,1
context_83683.json,structured,16,16,0,1,1
context_83683.json,root_preamble,1,1,0,1,1
context_83702.json,structured,5,5,0,1,1
context_83702.json,root_preamble,1,1,0,1,1
context_83711.json,structured,34,34,0,1,1
context_83711.json,root_preamble,1,1,0,1,1
context_83765.json,unstructured_whole,1,1,0,1,1
context_83805.json,structured,4,4,0,1,1
context_83805.json,root_preamble,1,1,0,1,1
context_83821.json,structured,9,9,0,1,1
context_83821.json,root_preamble,1,1,0,1,1
context_83831.json,structured,49,49,0,1,1
context_83831.json,root_preamble,1,1,0,1,1
context_83958.json,structured,82,82,0,1,1
context_83958.json,root_preamble,1,1,0,1,1
context_83960.json,structured,23,23,0,1,1
context_83960.json,root_preamble,1,1,0,1,1
context_83986.json,structured,5,5,0,1,1
context_83986.json,root_preamble,1,1,0,1,1
context_84035.json,structured,4,4,0,1,1
context_84035.json,root_preamble,1,1,0,1,1
context_84041.json,structured,32,32,0,1,1
context_84041.json,root_preamble,1,1,0,1,1
context_84161.json,structured,5,5,0,1,1
context_84161.json,root_preamble,1,1,0,1,1
context_84226.json,structured,83,83,0,1,1
context_84226.json,root_preamble,1,1,0,1,1
context_84233.json,structured,16,16,0,1,1
context_84233.json,root_preamble,1,1,0,1,1
context_84265.json,structured,18,18,0,1,1
context_84265.json,root_preamble,1,1,0,1,1
context_84314.json,structured,24,24,0,1,1
context_84314.json,root_preamble,1,1,0,1,1
context_84336.json,structured,5,5,0,1,1
context_84336.json,root_preamble,1,1,0,1,1
context_84412.json,structured,26,26,0,1,1
context_84412.json,root_preamble,1,1,0,1,1
context_84416.json,structured,1,1,0,1,1
context_84416.json,root_preamble,1,1,0,1,1
context_84448.json,structured,5,5,0,1,1
context_84448.json,root_preamble,1,1,0,1,1
context_8447.json,structured,25,25,0,1,1
context_8447.json,root_preamble,1,1,0,1,1
context_84489.json,unstructured_whole,1,1,0,1,1
context_84491.json,structured,5,5,0,1,1
context_84491.json,root_preamble,1,1,0,1,1
context_84495.json,structured,5,5,0,1,1
context_84495.json,root_preamble,1,1,0,1,1
context_84501.json,structured,8,8,0,1,1
context_84501.json,root_preamble,1,1,0,1,1
context_84557.json,structured,20,20,0,1,1
context_84557.json,root_preamble,1,1,0,1,1
context_84570.json,structured,162,162,0,1,1
context_84570.json,root_preamble,1,1,0,1,1
context_84588.json,structured,20,20,0,1,1
context_84588.json,root_preamble,1,1,0,1,1
context_84617.json,structured,71,71,0,1,1
context_84617.json,root_preamble,1,1,0,1,1
context_84654.json,structured,31,31,0,1,1
context_84654.json,root_preamble,1,1,0,1,1
context_84811.json,structured,22,22,0,1,1
context_84811.json,root_preamble,1,1,0,1,1
context_84813.json,structured,29,29,0,1,1
context_84813.json,root_preamble,1,1,0,1,1
context_84896.json,structured,1,1,0,1,1
context_84896.json,root_preamble,1,1,0,1,1
context_84921.json,structured,5,5,0,1,1
context_84921.json,root_preamble,1,1,0,1,1
context_84962.json,structured,14,14,0,1,1
context_84962.json,root_preamble,1,1,0,1,1
context_84991.json,structured,32,32,0,1,1
context_84991.json,root_preamble,1,1,0,1,1
context_85003.json,structured,1,1,0,1,1
context_85003.json,root_preamble,1,1,0,1,1
context_85011.json,structured,3,3,0,1,1
context_85011.json,root_preamble,1,1,0,1,1
context_85053.json,structured,2,2,0,1,1
context_85053.json,root_preamble,1,1,0,1,1
context_85088.json,structured,57,57,0,1,1
context_85088.json,root_preamble,1,1,0,1,1
context_85089.json,structured,26,26,0,1,1
context_85089.json,root_preamble,1,1,0,1,1
context_85090.json,structured,9,9,0,1,1
context_85090.json,root_preamble,1,1,0,1,1
context_85093.json,unstructured_whole,1,1,0,1,1
context_85147.json,structured,8,8,0,1,1
context_85147.json,root_preamble,1,1,0,1,1
context_85178.json,structured,9,9,0,1,1
context_85178.json,root_preamble,1,1,0,1,1
context_85240.json,structured,9,9,0,1,1
context_85240.json,root_preamble,1,1,0,1,1
context_85270.json,structured,12,12,0,1,1
context_85270.json,root_preamble,1,1,0,1,1
context_85275.json,structured,44,44,0,1,1
context_85275.json,root_preamble,1,1,0,1,1
context_85328.json,structured,45,45,0,1,1
context_85328.json,root_preamble,1,1,0,1,1
context_8535.json,structured,21,21,0,1,1
context_8535.json,root_preamble,1,1,0,1,1
context_85368.json,structured,7,7,0,1,1
context_85368.json,root_preamble,1,1,0,1,1
context_85390.json,structured,27,27,0,1,1
context_85390.json,root_preamble,1,1,0,1,1
context_85413.json,structured,1,1,0,1,1
context_85413.json,root_preamble,1,1,0,1,1
context_85423.json,unstructured_whole,1,1,0,1,1
context_85448.json,structured,7,7,0,1,1
context_85448.json,root_preamble,1,1,0,1,1
context_85601.json,structured,18,18,0,1,1
context_85601.json,root_preamble,1,1,0,1,1
context_85608.json,structured,12,12,0,1,1
context_85608.json,root_preamble,1,1,0,1,1
context_85670.json,structured,21,21,0,1,1
context_85670.json,root_preamble,1,1,0,1,1
context_85691.json,structured,4,4,0,1,1
context_85691.json,root_preamble,1,1,0,1,1
context_85711.json,structured,2,2,0,1,1
context_85711.json,root_preamble,1,1,0,1,1
context_8576.json,structured,14,14,0,1,1
context_8576.json,root_preamble,1,1,0,1,1
context_85761.json,structured,7,7,0,1,1
context_85761.json,root_preamble,1,1,0,1,1
context_8579.json,structured,40,40,0,1,1
context_8579.json,root_preamble,1,1,0,1,1
context_85804.json,structured,8,8,0,1,1
context_85804.json,root_preamble,1,1,0,1,1
context_85808.json,structured,17,17,0,1,1
context_85808.json,root_preamble,1,1,0,1,1
context_85834.json,structured,90,90,0,1,1
context_85834.json,root_preamble,1,1,0,1,1
context_8588.json,structured,36,36,0,1,1
context_8588.json,root_preamble,1,1,0,1,1
context_8590.json,structured,7,7,0,1,1
context_8590.json,root_preamble,1,1,0,1,1
context_86006.json,structured,14,14,0,1,1
context_86006.json,root_preamble,1,1,0,1,1
context_86078.json,structured,34,34,0,1,1
context_86078.json,root_preamble,1,1,0,1,1
context_861.json,structured,6,6,0,1,1
context_861.json,root_preamble,1,1,0,1,1
context_86112.json,structured,46,46,0,1,1
context_86112.json,root_preamble,1,1,0,1,1
context_86169.json,structured,16,16,0,1,1
context_86169.json,root_preamble,1,1,0,1,1
context_86202.json,structured,26,26,0,1,1
context_86202.json,root_preamble,1,1,0,1,1
context_8623.json,structured,19,19,0,1,1
context_8623.json,root_preamble,1,1,0,1,1
context_86234.json,structured,1,1,0,1,1
context_86234.json,root_preamble,1,1,0,1,1
context_86257.json,structured,11,11,0,1,1
context_86257.json,root_preamble,1,1,0,1,1
context_86265.json,structured,5,5,0,1,1
context_86265.json,root_preamble,1,1,0,1,1
context_86271.json,structured,7,7,0,1,1
context_86271.json,root_preamble,1,1,0,1,1
context_86276.json,structured,37,37,0,1,1
context_86276.json,root_preamble,1,1,0,1,1
context_86314.json,structured,4,4,0,1,1
context_86314.json,root_preamble,1,1,0,1,1
context_86327.json,structured,34,34,0,1,1
context_86327.json,root_preamble,1,1,0,1,1
context_86363.json,structured,21,21,0,1,1
context_86363.json,root_preamble,1,1,0,1,1
context_86481.json,structured,18,18,0,1,1
context_86481.json,root_preamble,1,1,0,1,1
context_86502.json,structured,68,68,0,1,1
context_86502.json,root_preamble,1,1,0,1,1
context_86518.json,unstructured_whole,1,1,0,1,1
context_86522.json,structured,4,4,0,1,1
context_86522.json,root_preamble,1,1,0,1,1
context_86639.json,structured,26,26,0,1,1
context_86639.json,root_preamble,1,1,0,1,1
context_86672.json,unstructured_whole,1,1,0,1,1
context_86680.json,structured,32,32,0,1,1
context_86680.json,root_preamble,1,1,0,1,1
context_86708.json,structured,2,2,0,1,1
context_86708.json,root_preamble,1,1,0,1,1
context_86734.json,structured,5,5,0,1,1
context_86734.json,root_preamble,1,1,0,1,1
context_86755.json,structured,25,25,0,1,1
context_86755.json,root_preamble,1,1,0,1,1
context_86757.json,structured,3,3,0,1,1
context_86757.json,root_preamble,1,1,0,1,1
context_86766.json,structured,8,8,0,1,1
context_86766.json,root_preamble,1,1,0,1,1
context_86787.json,structured,33,33,0,1,1
context_86787.json,root_preamble,1,1,0,1,1
context_86812.json,structured,5,5,0,1,1
context_86812.json,root_preamble,1,1,0,1,1
context_86836.json,structured,11,11,0,1,1
context_86836.json,root_preamble,1,1,0,1,1
context_86844.json,structured,12,12,0,1,1
context_86844.json,root_preamble,1,1,0,1,1
context_86879.json,structured,21,21,0,1,1
context_86879.json,root_preamble,1,1,0,1,1
context_86910.json,structured,6,6,0,1,1
context_86910.json,root_preamble,1,1,0,1,1
context_87051.json,structured,4,4,0,1,1
context_87051.json,root_preamble,1,1,0,1,1
context_87086.json,structured,81,81,0,1,1
context_87086.json,root_preamble,1,1,0,1,1
context_87119.json,structured,40,40,0,1,1
context_87119.json,root_preamble,1,1,0,1,1
context_87124.json,structured,5,5,0,1,1
context_87124.json,root_preamble,1,1,0,1,1
context_8720.json,structured,13,13,0,1,1
context_8720.json,root_preamble,1,1,0,1,1
context_87239.json,structured,13,13,0,1,1
context_87239.json,root_preamble,1,1,0,1,1
context_87250.json,structured,25,25,0,1,1
context_87250.json,root_preamble,1,1,0,1,1
context_87251.json,structured,41,41,0,1,1
context_87251.json,root_preamble,1,1,0,1,1
context_87275.json,structured,17,17,0,1,1
context_87275.json,root_preamble,1,1,0,1,1
context_87289.json,structured,2,2,0,1,1
context_87289.json,root_preamble,1,1,0,1,1
context_87308.json,unstructured_whole,1,1,0,1,1
context_87348.json,structured,36,36,0,1,1
context_87348.json,root_preamble,1,1,0,1,1
context_87437.json,structured,78,78,0,1,1
context_87437.json,root_preamble,1,1,0,1,1
context_87443.json,structured,10,10,0,1,1
context_87443.json,root_preamble,1,1,0,1,1
context_87450.json,structured,52,52,0,1,1
context_87450.json,root_preamble,1,1,0,1,1
context_8747.json,structured,4,4,0,1,1
context_8747.json,root_preamble,1,1,0,1,1
context_875.json,structured,7,7,0,1,1
context_875.json,root_preamble,1,1,0,1,1
context_87540.json,unstructured_whole,1,1,0,1,1
context_87590.json,structured,2,2,0,1,1
context_87590.json,root_preamble,1,1,0,1,1
context_87680.json,structured,40,40,0,1,1
context_87680.json,root_preamble,1,1,0,1,1
context_87697.json,structured,26,26,0,1,1
context_87697.json,root_preamble,1,1,0,1,1
context_87770.json,structured,2,2,0,1,1
context_87770.json,root_preamble,1,1,0,1,1
context_87779.json,structured,3,3,0,1,1
context_87779.json,root_preamble,1,1,0,1,1
context_87797.json,structured,7,7,0,1,1
context_87797.json,root_preamble,1,1,0,1,1
context_87816.json,structured,44,44,0,1,1
context_87816.json,root_preamble,1,1,0,1,1
context_87849.json,structured,25,25,0,1,1
context_87849.json,root_preamble,1,1,0,1,1
context_8788.json,structured,34,34,0,1,1
context_8788.json,root_preamble,1,1,0,1,1
context_87894.json,structured,35,35,0,1,1
context_87894.json,root_preamble,1,1,0,1,1
context_87915.json,structured,22,22,0,1,1
context_87915.json,root_preamble,1,1,0,1,1
context_8797.json,structured,41,41,0,1,1
context_8797.json,root_preamble,1,1,0,1,1
context_88013.json,structured,2,2,0,1,1
context_88013.json,root_preamble,1,1,0,1,1
context_88080.json,structured,4,4,0,1,1
context_88080.json,root_preamble,1,1,0,1,1
context_88096.json,structured,22,22,0,1,1
context_88096.json,root_preamble,1,1,0,1,1
context_88113.json,structured,19,19,0,1,1
context_88113.json,root_preamble,1,1,0,1,1
context_88170.json,structured,71,71,0,1,1
context_88170.json,root_preamble,1,1,0,1,1
context_88178.json,structured,28,28,0,1,1
context_88178.json,root_preamble,1,1,0,1,1
context_88224.json,structured,4,4,0,1,1
context_88224.json,root_preamble,1,1,0,1,1
context_8824.json,structured,68,68,0,1,1
context_8824.json,root_preamble,1,1,0,1,1
context_88243.json,structured,24,24,0,1,1
context_88243.json,root_preamble,1,1,0,1,1
context_88279.json,structured,4,4,0,1,1
context_88279.json,root_preamble,1,1,0,1,1
context_88309.json,structured,62,62,0,1,1
context_88309.json,root_preamble,1,1,0,1,1
context_88365.json,structured,31,31,0,1,1
context_88365.json,root_preamble,1,1,0,1,1
context_88423.json,structured,16,16,0,1,1
context_88423.json,root_preamble,1,1,0,1,1
context_88463.json,structured,9,9,0,1,1
context_88463.json,root_preamble,1,1,0,1,1
context_8847.json,structured,24,24,0,1,1
context_8847.json,root_preamble,1,1,0,1,1
context_88533.json,structured,66,66,0,1,1
context_88533.json,root_preamble,1,1,0,1,1
context_8854.json,structured,103,103,0,1,1
context_8854.json,root_preamble,1,1,0,1,1
context_88564.json,structured,37,37,0,1,1
context_88564.json,root_preamble,1,1,0,1,1
context_88575.json,structured,44,44,0,1,1
context_88575.json,root_preamble,1,1,0,1,1
context_88578.json,structured,2,2,0,1,1
context_88578.json,root_preamble,1,1,0,1,1
context_88585.json,structured,10,10,0,1,1
context_88585.json,root_preamble,1,1,0,1,1
context_88615.json,structured,45,45,0,1,1
context_88615.json,root_preamble,1,1,0,1,1
context_88626.json,structured,20,20,0,1,1
context_88626.json,root_preamble,1,1,0,1,1
context_8863.json,structured,68,68,0,1,1
context_8863.json,root_preamble,1,1,0,1,1
context_88686.json,structured,18,18,0,1,1
context_88686.json,root_preamble,1,1,0,1,1
context_88802.json,structured,12,12,0,1,1
context_88802.json,root_preamble,1,1,0,1,1
context_88834.json,structured,14,14,0,1,1
context_88834.json,root_preamble,1,1,0,1,1
context_88846.json,structured,6,6,0,1,1
context_88846.json,root_preamble,1,1,0,1,1
context_88923.json,structured,3,3,0,1,1
context_88923.json,root_preamble,1,1,0,1,1
context_88970.json,structured,53,53,0,1,1
context_88970.json,root_preamble,1,1,0,1,1
context_88986.json,structured,18,18,0,1,1
context_88986.json,root_preamble,1,1,0,1,1
context_890.json,structured,35,35,0,1,1
context_890.json,root_preamble,1,1,0,1,1
context_89021.json,structured,22,22,0,1,1
context_89021.json,root_preamble,1,1,0,1,1
context_89026.json,structured,18,18,0,1,1
context_89026.json,root_preamble,1,1,0,1,1
context_89053.json,structured,11,11,0,1,1
context_89053.json,root_preamble,1,1,0,1,1
context_89119.json,structured,14,14,0,1,1
context_89119.json,root_preamble,1,1,0,1,1
context_89154.json,structured,15,15,0,1,1
context_89154.json,root_preamble,1,1,0,1,1
context_89199.json,structured,30,30,0,1,1
context_89199.json,root_preamble,1,1,0,1,1
context_892.json,structured,7,7,0,1,1
context_892.json,root_preamble,1,1,0,1,1
context_89229.json,structured,2,2,0,1,1
context_89229.json,root_preamble,1,1,0,1,1
context_89242.json,structured,3,3,0,1,1
context_89242.json,root_preamble,1,1,0,1,1
context_89280.json,structured,5,5,0,1,1
context_89280.json,root_preamble,1,1,0,1,1
context_89383.json,structured,16,16,0,1,1
context_89383.json,root_preamble,1,1,0,1,1
context_89392.json,structured,182,182,0,1,1
context_89392.json,root_preamble,1,1,0,1,1
context_89403.json,structured,11,11,0,1,1
context_89403.json,root_preamble,1,1,0,1,1
context_89420.json,structured,1,1,0,1,1
context_89420.json,root_preamble,1,1,0,1,1
context_89474.json,structured,11,11,0,1,1
context_89474.json,root_preamble,1,1,0,1,1
context_89537.json,structured,8,8,0,1,1
context_89537.json,root_preamble,1,1,0,1,1
context_89571.json,structured,57,57,0,1,1
context_89571.json,root_preamble,1,1,0,1,1
context_89637.json,structured,2,2,0,1,1
context_89637.json,root_preamble,1,1,0,1,1
context_8965.json,structured,1,1,0,1,1
context_8965.json,root_preamble,1,1,0,1,1
context_89668.json,structured,21,21,0,1,1
context_89668.json,root_preamble,1,1,0,1,1
context_89686.json,structured,33,33,0,1,1
context_89686.json,root_preamble,1,1,0,1,1
context_89705.json,structured,6,6,0,1,1
context_89705.json,root_preamble,1,1,0,1,1
context_89728.json,structured,15,15,0,1,1
context_89728.json,root_preamble,1,1,0,1,1
context_89814.json,structured,68,68,0,1,1
context_89814.json,root_preamble,1,1,0,1,1
context_89865.json,structured,36,36,0,1,1
context_89865.json,root_preamble,1,1,0,1,1
context_89901.json,structured,4,4,0,1,1
context_89901.json,root_preamble,1,1,0,1,1
context_89907.json,structured,18,18,0,1,1
context_89907.json,root_preamble,1,1,0,1,1
context_89955.json,structured,83,83,0,1,1
context_89955.json,root_preamble,1,1,0,1,1
context_90026.json,structured,28,28,0,1,1
context_90026.json,root_preamble,1,1,0,1,1
context_9004.json,unstructured_whole,1,1,0,1,1
context_90061.json,unstructured_whole,1,1,0,1,1
context_90071.json,structured,3,3,0,1,1
context_90071.json,root_preamble,1,1,0,1,1
context_90080.json,structured,5,5,0,1,1
context_90080.json,root_preamble,1,1,0,1,1
context_90118.json,structured,89,89,0,1,1
context_90118.json,root_preamble,1,1,0,1,1
context_90196.json,structured,9,9,0,1,1
context_90196.json,root_preamble,1,1,0,1,1
context_90292.json,structured,24,24,0,1,1
context_90292.json,root_preamble,1,1,0,1,1
context_90294.json,structured,25,25,0,1,1
context_90294.json,root_preamble,1,1,0,1,1
context_9035.json,structured,8,8,0,1,1
context_9035.json,root_preamble,1,1,0,1,1
context_90444.json,structured,5,5,0,1,1
context_90444.json,root_preamble,1,1,0,1,1
context_90502.json,structured,1,1,0,1,1
context_90502.json,root_preamble,1,1,0,1,1
context_90503.json,structured,9,9,0,1,1
context_90503.json,root_preamble,1,1,0,1,1
context_90572.json,structured,32,32,0,1,1
context_90572.json,root_preamble,1,1,0,1,1
context_90593.json,unstructured_whole,1,1,0,1,1
context_90597.json,structured,5,5,0,1,1
context_90597.json,root_preamble,1,1,0,1,1
context_90680.json,structured,5,5,0,1,1
context_90680.json,root_preamble,1,1,0,1,1
context_90750.json,structured,5,5,0,1,1
context_90750.json,root_preamble,1,1,0,1,1
context_90769.json,structured,4,4,0,1,1
context_90769.json,root_preamble,1,1,0,1,1
context_90775.json,unstructured_whole,1,1,0,1,1
context_90799.json,structured,22,22,0,1,1
context_90799.json,root_preamble,1,1,0,1,1
context_90812.json,structured,2,2,0,1,1
context_90812.json,root_preamble,1,1,0,1,1
context_90827.json,structured,6,6,0,1,1
context_90827.json,root_preamble,1,1,0,1,1
context_90853.json,structured,59,59,0,1,1
context_90853.json,root_preamble,1,1,0,1,1
context_90898.json,structured,34,34,0,1,1
context_90898.json,root_preamble,1,1,0,1,1
context_90930.json,structured,17,17,0,1,1
context_90930.json,root_preamble,1,1,0,1,1
context_90931.json,unstructured_whole,1,1,0,1,1
context_90941.json,structured,14,14,0,1,1
context_90941.json,root_preamble,1,1,0,1,1
context_90948.json,structured,7,7,0,1,1
context_90948.json,root_preamble,1,1,0,1,1
context_90958.json,structured,35,35,0,1,1
context_90958.json,root_preamble,1,1,0,1,1
context_90961.json,structured,17,17,0,1,1
context_90961.json,root_preamble,1,1,0,1,1
context_90987.json,structured,15,15,0,1,1
context_90987.json,root_preamble,1,1,0,1,1
context_90989.json,structured,57,57,0,1,1
context_90989.json,root_preamble,1,1,0,1,1
context_91006.json,structured,103,103,0,1,1
context_91006.json,root_preamble,1,1,0,1,1
context_91012.json,structured,6,6,0,1,1
context_91012.json,root_preamble,1,1,0,1,1
context_91087.json,structured,24,24,0,1,1
context_91087.json,root_preamble,1,1,0,1,1
context_91097.json,structured,43,43,0,1,1
context_91097.json,root_preamble,1,1,0,1,1
context_91106.json,structured,11,11,0,1,1
context_91106.json,root_preamble,1,1,0,1,1
context_91120.json,structured,57,57,0,1,1
context_91120.json,root_preamble,1,1,0,1,1
context_91123.json,structured,19,19,0,1,1
context_91123.json,root_preamble,1,1,0,1,1
context_91140.json,structured,9,9,0,1,1
context_91140.json,root_preamble,1,1,0,1,1
context_91149.json,structured,3,3,0,1,1
context_91149.json,root_preamble,1,1,0,1,1
context_91159.json,structured,7,7,0,1,1
context_91159.json,root_preamble,1,1,0,1,1
context_9124.json,structured,7,7,0,1,1
context_9124.json,root_preamble,1,1,0,1,1
context_91240.json,structured,4,4,0,1,1
context_91240.json,root_preamble,1,1,0,1,1
context_91276.json,structured,18,18,0,1,1
context_91276.json,root_preamble,1,1,0,1,1
context_9129.json,structured,92,92,0,1,1
context_9129.json,root_preamble,1,1,0,1,1
context_9130.json,structured,39,39,0,1,1
context_9130.json,root_preamble,1,1,0,1,1
context_91314.json,unstructured_whole,1,1,0,1,1
context_91352.json,structured,12,12,0,1,1
context_91352.json,root_preamble,1,1,0,1,1
context_91386.json,structured,45,45,0,1,1
context_91386.json,root_preamble,1,1,0,1,1
context_91462.json,structured,5,5,0,1,1
context_91462.json,root_preamble,1,1,0,1,1
context_91466.json,structured,37,37,0,1,1
context_91466.json,root_preamble,1,1,0,1,1
context_91475.json,structured,32,32,0,1,1
context_91475.json,root_preamble,1,1,0,1,1
context_91626.json,structured,5,5,0,1,1
context_91626.json,root_preamble,1,1,0,1,1
context_91664.json,structured,7,7,0,1,1
context_91664.json,root_preamble,1,1,0,1,1
context_91673.json,structured,141,141,0,1,1
context_91673.json,root_preamble,1,1,0,1,1
context_91677.json,structured,3,3,0,1,1
context_91677.json,root_preamble,1,1,0,1,1
context_91690.json,structured,5,5,0,1,1
context_91690.json,root_preamble,1,1,0,1,1
context_91776.json,structured,22,22,0,1,1
context_91776.json,root_preamble,1,1,0,1,1
context_91943.json,structured,70,70,0,1,1
context_91943.json,root_preamble,1,1,0,1,1
context_91944.json,structured,4,4,0,1,1
context_91944.json,root_preamble,1,1,0,1,1
context_9199.json,structured,8,8,0,1,1
context_9199.json,root_preamble,1,1,0,1,1
context_92015.json,structured,14,14,0,1,1
context_92015.json,root_preamble,1,1,0,1,1
context_92047.json,structured,24,24,0,1,1
context_92047.json,root_preamble,1,1,0,1,1
context_92057.json,structured,22,22,0,1,1
context_92057.json,root_preamble,1,1,0,1,1
context_92083.json,structured,3,3,0,1,1
context_92083.json,root_preamble,1,1,0,1,1
context_92115.json,structured,12,12,0,1,1
context_92115.json,root_preamble,1,1,0,1,1
context_92156.json,structured,37,37,0,1,1
context_92156.json,root_preamble,1,1,0,1,1
context_92161.json,structured,21,21,0,1,1
context_92161.json,root_preamble,1,1,0,1,1
context_92229.json,structured,14,14,0,1,1
context_92229.json,root_preamble,1,1,0,1,1
context_92245.json,structured,14,14,0,1,1
context_92245.json,root_preamble,1,1,0,1,1
context_92253.json,structured,17,17,0,1,1
context_92253.json,root_preamble,1,1,0,1,1
context_92296.json,structured,29,29,0,1,1
context_92296.json,root_preamble,1,1,0,1,1
context_9235.json,structured,15,15,0,1,1
context_9235.json,root_preamble,1,1,0,1,1
context_92409.json,structured,14,14,0,1,1
context_92409.json,root_preamble,1,1,0,1,1
context_92431.json,structured,1,1,0,1,1
context_92431.json,root_preamble,1,1,0,1,1
context_92457.json,structured,9,9,0,1,1
context_92457.json,root_preamble,1,1,0,1,1
context_9248.json,structured,6,6,0,1,1
context_9248.json,root_preamble,1,1,0,1,1
context_92545.json,structured,17,17,0,1,1
context_92545.json,root_preamble,1,1,0,1,1
context_9261.json,structured,17,17,0,1,1
context_9261.json,root_preamble,1,1,0,1,1
context_92676.json,structured,9,9,0,1,1
context_92676.json,root_preamble,1,1,0,1,1
context_92692.json,structured,44,44,0,1,1
context_92692.json,root_preamble,1,1,0,1,1
context_92708.json,structured,42,42,0,1,1
context_92708.json,root_preamble,1,1,0,1,1
context_9272.json,structured,24,24,0,1,1
context_9272.json,root_preamble,1,1,0,1,1
context_92744.json,structured,3,3,0,1,1
context_92744.json,root_preamble,1,1,0,1,1
context_92761.json,structured,32,32,0,1,1
context_92761.json,root_preamble,1,1,0,1,1
context_92806.json,structured,4,4,0,1,1
context_92806.json,root_preamble,1,1,0,1,1
context_92808.json,structured,8,8,0,1,1
context_92808.json,root_preamble,1,1,0,1,1
context_9281.json,unstructured_whole,1,1,0,1,1
context_92860.json,structured,5,5,0,1,1
context_92860.json,root_preamble,1,1,0,1,1
context_92863.json,structured,21,21,0,1,1
context_92863.json,root_preamble,1,1,0,1,1
context_92878.json,structured,34,34,0,1,1
context_92878.json,root_preamble,1,1,0,1,1
context_92944.json,structured,53,53,0,1,1
context_92944.json,root_preamble,1,1,0,1,1
context_92970.json,structured,108,108,0,1,1
context_92970.json,root_preamble,1,1,0,1,1
context_92991.json,unstructured_whole,1,1,0,1,1
context_93031.json,structured,31,31,0,1,1
context_93031.json,root_preamble,1,1,0,1,1
context_93049.json,structured,4,4,0,1,1
context_93049.json,root_preamble,1,1,0,1,1
context_93054.json,structured,36,36,0,1,1
context_93054.json,root_preamble,1,1,0,1,1
context_93087.json,unstructured_whole,1,1,0,1,1
context_93118.json,structured,34,34,0,1,1
context_93118.json,root_preamble,1,1,0,1,1
context_93153.json,structured,3,3,0,1,1
context_93153.json,root_preamble,1,1,0,1,1
context_93248.json,structured,3,3,0,1,1
context_93248.json,root_preamble,1,1,0,1,1
context_93251.json,structured,3,3,0,1,1
context_93251.json,root_preamble,1,1,0,1,1
context_93252.json,structured,67,67,0,1,1
context_93252.json,root_preamble,1,1,0,1,1
context_93253.json,structured,35,35,0,1,1
context_93253.json,root_preamble,1,1,0,1,1
context_93271.json,structured,26,26,0,1,1
context_93271.json,root_preamble,1,1,0,1,1
context_93288.json,structured,35,35,0,1,1
context_93288.json,root_preamble,1,1,0,1,1
context_93307.json,structured,24,24,0,1,1
context_93307.json,root_preamble,1,1,0,1,1
context_93335.json,structured,15,15,0,1,1
context_93335.json,root_preamble,1,1,0,1,1
context_93436.json,structured,66,66,0,1,1
context_93436.json,root_preamble,1,1,0,1,1
context_93491.json,structured,38,38,0,1,1
context_93491.json,root_preamble,1,1,0,1,1
context_93493.json,structured,27,27,0,1,1
context_93493.json,root_preamble,1,1,0,1,1
context_93496.json,structured,10,10,0,1,1
context_93496.json,root_preamble,1,1,0,1,1
context_93527.json,structured,19,19,0,1,1
context_93527.json,root_preamble,1,1,0,1,1
context_93574.json,structured,2,2,0,1,1
context_93574.json,root_preamble,1,1,0,1,1
context_93588.json,unstructured_whole,1,1,0,1,1
context_93604.json,structured,6,6,0,1,1
context_93604.json,root_preamble,1,1,0,1,1
context_93621.json,structured,9,9,0,1,1
context_93621.json,root_preamble,1,1,0,1,1
context_93645.json,structured,5,5,0,1,1
context_93645.json,root_preamble,1,1,0,1,1
context_93677.json,structured,8,8,0,1,1
context_93677.json,root_preamble,1,1,0,1,1
context_93719.json,structured,11,11,0,1,1
context_93719.json,root_preamble,1,1,0,1,1
context_93745.json,structured,33,33,0,1,1
context_93745.json,root_preamble,1,1,0,1,1
context_93803.json,structured,21,21,0,1,1
context_93803.json,root_preamble,1,1,0,1,1
context_93834.json,structured,20,20,0,1,1
context_93834.json,root_preamble,1,1,0,1,1
context_93845.json,structured,7,7,0,1,1
context_93845.json,root_preamble,1,1,0,1,1
context_93859.json,structured,19,19,0,1,1
context_93859.json,root_preamble,1,1,0,1,1
context_93869.json,structured,29,29,0,1,1
context_93869.json,root_preamble,1,1,0,1,1
context_93883.json,structured,58,58,0,1,1
context_93883.json,root_preamble,1,1,0,1,1
context_93888.json,structured,88,88,0,1,1
context_93888.json,root_preamble,1,1,0,1,1
context_93930.json,structured,93,93,0,1,1
context_93930.json,root_preamble,1,1,0,1,1
context_93948.json,structured,40,40,0,1,1
context_93948.json,root_preamble,1,1,0,1,1
context_93997.json,structured,19,19,0,1,1
context_93997.json,root_preamble,1,1,0,1,1
context_94023.json,structured,34,34,0,1,1
context_94023.json,root_preamble,1,1,0,1,1
context_94046.json,structured,8,8,0,1,1
context_94046.json,root_preamble,1,1,0,1,1
context_94069.json,structured,8,8,0,1,1
context_94069.json,root_preamble,1,1,0,1,1
context_94189.json,structured,12,12,0,1,1
context_94189.json,root_preamble,1,1,0,1,1
context_94197.json,structured,91,91,0,1,1
context_94197.json,root_preamble,1,1,0,1,1
context_94216.json,structured,2,2,0,1,1
context_94216.json,root_preamble,1,1,0,1,1
context_94316.json,unstructured_whole,1,1,0,1,1
context_94348.json,structured,13,13,0,1,1
context_94348.json,root_preamble,1,1,0,1,1
context_94354.json,structured,20,20,0,1,1
context_94354.json,root_preamble,1,1,0,1,1
context_94366.json,structured,2,2,0,1,1
context_94366.json,root_preamble,1,1,0,1,1
context_94372.json,structured,15,15,0,1,1
context_94372.json,root_preamble,1,1,0,1,1
context_94378.json,structured,4,4,0,1,1
context_94378.json,root_preamble,1,1,0,1,1
context_94380.json,structured,5,5,0,1,1
context_94380.json,root_preamble,1,1,0,1,1
context_94401.json,structured,4,4,0,1,1
context_94401.json,root_preamble,1,1,0,1,1
context_94403.json,structured,7,7,0,1,1
context_94403.json,root_preamble,1,1,0,1,1
context_9442.json,structured,16,16,0,1,1
context_9442.json,root_preamble,1,1,0,1,1
context_94429.json,structured,5,5,0,1,1
context_94429.json,root_preamble,1,1,0,1,1
context_94438.json,structured,12,12,0,1,1
context_94438.json,root_preamble,1,1,0,1,1
context_94471.json,structured,2,2,0,1,1
context_94471.json,root_preamble,1,1,0,1,1
context_94475.json,structured,8,8,0,1,1
context_94475.json,root_preamble,1,1,0,1,1
context_94499.json,structured,5,5,0,1,1
context_94499.json,root_preamble,1,1,0,1,1
context_9455.json,structured,23,23,0,1,1
context_9455.json,root_preamble,1,1,0,1,1
context_94613.json,structured,5,5,0,1,1
context_94613.json,root_preamble,1,1,0,1,1
context_94696.json,structured,11,11,0,1,1
context_94696.json,root_preamble,1,1,0,1,1
context_94717.json,structured,4,4,0,1,1
context_94717.json,root_preamble,1,1,0,1,1
context_94723.json,structured,5,5,0,1,1
context_94723.json,root_preamble,1,1,0,1,1
context_94729.json,structured,31,31,0,1,1
context_94729.json,root_preamble,1,1,0,1,1
context_94748.json,structured,14,14,0,1,1
context_94748.json,root_preamble,1,1,0,1,1
context_94749.json,structured,8,8,0,1,1
context_94749.json,root_preamble,1,1,0,1,1
context_94751.json,structured,14,14,0,1,1
context_94751.json,root_preamble,1,1,0,1,1
context_94754.json,structured,50,50,0,1,1
context_94754.json,root_preamble,1,1,0,1,1
context_9492.json,structured,18,18,0,1,1
context_9492.json,root_preamble,1,1,0,1,1
context_94940.json,structured,11,11,0,1,1
context_94940.json,root_preamble,1,1,0,1,1
context_94960.json,unstructured_whole,1,1,0,1,1
context_95012.json,structured,56,56,0,1,1
context_95012.json,root_preamble,1,1,0,1,1
context_9503.json,structured,5,5,0,1,1
context_9503.json,root_preamble,1,1,0,1,1
context_95065.json,structured,6,6,0,1,1
context_95065.json,root_preamble,1,1,0,1,1
context_95068.json,structured,12,12,0,1,1
context_95068.json,root_preamble,1,1,0,1,1
context_95085.json,structured,36,36,0,1,1
context_95085.json,root_preamble,1,1,0,1,1
context_95134.json,structured,21,21,0,1,1
context_95134.json,root_preamble,1,1,0,1,1
context_95137.json,structured,7,7,0,1,1
context_95137.json,root_preamble,1,1,0,1,1
context_95164.json,structured,41,41,0,1,1
context_95164.json,root_preamble,1,1,0,1,1
context_95184.json,structured,5,5,0,1,1
context_95184.json,root_preamble,1,1,0,1,1
context_95218.json,structured,5,5,0,1,1
context_95218.json,root_preamble,1,1,0,1,1
context_95250.json,structured,12,12,0,1,1
context_95250.json,root_preamble,1,1,0,1,1
context_95253.json,structured,10,10,0,1,1
context_95253.json,root_preamble,1,1,0,1,1
context_95259.json,structured,37,37,0,1,1
context_95259.json,root_preamble,1,1,0,1,1
context_9532.json,unstructured_whole,1,1,0,1,1
context_95322.json,structured,1,1,0,1,1
context_95322.json,root_preamble,1,1,0,1,1
context_95363.json,structured,19,19,0,1,1
context_95363.json,root_preamble,1,1,0,1,1
context_95525.json,structured,6,6,0,1,1
context_95525.json,root_preamble,1,1,0,1,1
context_95528.json,structured,12,12,0,1,1
context_95528.json,root_preamble,1,1,0,1,1
context_95607.json,structured,13,13,0,1,1
context_95607.json,root_preamble,1,1,0,1,1
context_9561.json,structured,10,10,0,1,1
context_9561.json,root_preamble,1,1,0,1,1
context_95665.json,structured,16,16,0,1,1
context_95665.json,root_preamble,1,1,0,1,1
context_95666.json,structured,3,3,0,1,1
context_95666.json,root_preamble,1,1,0,1,1
context_95695.json,structured,16,16,0,1,1
context_95695.json,root_preamble,1,1,0,1,1
context_95704.json,structured,5,5,0,1,1
context_95704.json,root_preamble,1,1,0,1,1
context_95721.json,structured,5,5,0,1,1
context_95721.json,root_preamble,1,1,0,1,1
context_95757.json,structured,5,5,0,1,1
context_95757.json,root_preamble,1,1,0,1,1
context_95802.json,structured,5,5,0,1,1
context_95802.json,root_preamble,1,1,0,1,1
context_95820.json,structured,41,41,0,1,1
context_95820.json,root_preamble,1,1,0,1,1
context_95879.json,structured,61,61,0,1,1
context_95879.json,root_preamble,1,1,0,1,1
context_95901.json,structured,26,26,0,1,1
context_95901.json,root_preamble,1,1,0,1,1
context_95942.json,structured,77,77,0,1,1
context_95942.json,root_preamble,1,1,0,1,1
context_95946.json,structured,5,5,0,1,1
context_95946.json,root_preamble,1,1,0,1,1
context_95957.json,structured,15,15,0,1,1
context_95957.json,root_preamble,1,1,0,1,1
context_95992.json,structured,10,10,0,1,1
context_95992.json,root_preamble,1,1,0,1,1
context_96036.json,structured,92,92,0,1,1
context_96036.json,root_preamble,1,1,0,1,1
context_96062.json,structured,42,42,0,1,1
context_96062.json,root_preamble,1,1,0,1,1
context_961.json,structured,20,20,0,1,1
context_961.json,root_preamble,1,1,0,1,1
context_96238.json,structured,3,3,0,1,1
context_96238.json,root_preamble,1,1,0,1,1
context_96272.json,structured,61,61,0,1,1
context_96272.json,root_preamble,1,1,0,1,1
context_96286.json,structured,5,5,0,1,1
context_96286.json,root_preamble,1,1,0,1,1
context_96291.json,structured,3,3,0,1,1
context_96291.json,root_preamble,1,1,0,1,1
context_96307.json,structured,11,11,0,1,1
context_96307.json,root_preamble,1,1,0,1,1
context_96335.json,structured,4,4,0,1,1
context_96335.json,root_preamble,1,1,0,1,1
context_96365.json,structured,10,10,0,1,1
context_96365.json,root_preamble,1,1,0,1,1
context_96409.json,structured,75,75,0,1,1
context_96409.json,root_preamble,1,1,0,1,1
context_96450.json,structured,123,123,0,1,1
context_96450.json,root_preamble,1,1,0,1,1
context_96483.json,structured,39,39,0,1,1
context_96483.json,root_preamble,1,1,0,1,1
context_96507.json,structured,28,28,0,1,1
context_96507.json,root_preamble,1,1,0,1,1
context_96532.json,structured,8,8,0,1,1
context_96532.json,root_preamble,1,1,0,1,1
context_96584.json,structured,4,4,0,1,1
context_96584.json,root_preamble,1,1,0,1,1
context_96621.json,structured,21,21,0,1,1
context_96621.json,root_preamble,1,1,0,1,1
context_96709.json,structured,4,4,0,1,1
context_96709.json,root_preamble,1,1,0,1,1
context_96750.json,structured,57,57,0,1,1
context_96750.json,root_preamble,1,1,0,1,1
context_96780.json,structured,32,32,0,1,1
context_96780.json,root_preamble,1,1,0,1,1
context_96823.json,structured,18,18,0,1,1
context_96823.json,root_preamble,1,1,0,1,1
context_96838.json,structured,4,4,0,1,1
context_96838.json,root_preamble,1,1,0,1,1
context_96897.json,structured,16,16,0,1,1
context_96897.json,root_preamble,1,1,0,1,1
context_96950.json,structured,3,3,0,1,1
context_96950.json,root_preamble,1,1,0,1,1
context_97004.json,structured,87,87,0,1,1
context_97004.json,root_preamble,1,1,0,1,1
context_97046.json,structured,5,5,0,1,1
context_97046.json,root_preamble,1,1,0,1,1
context_97217.json,structured,15,15,0,1,1
context_97217.json,root_preamble,1,1,0,1,1
context_97232.json,structured,24,24,0,1,1
context_97232.json,root_preamble,1,1,0,1,1
context_97249.json,structured,2,2,0,1,1
context_97249.json,root_preamble,1,1,0,1,1
context_97321.json,structured,8,8,0,1,1
context_97321.json,root_preamble,1,1,0,1,1
context_9743.json,structured,35,35,0,1,1
context_9743.json,root_preamble,1,1,0,1,1
context_97468.json,structured,13,13,0,1,1
context_97468.json,root_preamble,1,1,0,1,1
context_97480.json,unstructured_whole,1,1,0,1,1
context_97489.json,structured,42,42,0,1,1
context_97489.json,root_preamble,1,1,0,1,1
context_97496.json,unstructured_whole,1,1,0,1,1
context_97500.json,structured,35,35,0,1,1
context_97500.json,root_preamble,1,1,0,1,1
context_97506.json,structured,21,21,0,1,1
context_97506.json,root_preamble,1,1,0,1,1
context_97554.json,structured,28,28,0,1,1
context_97554.json,root_preamble,1,1,0,1,1
context_97603.json,structured,40,40,0,1,1
context_97603.json,root_preamble,1,1,0,1,1
context_97607.json,structured,32,32,0,1,1
context_97607.json,root_preamble,1,1,0,1,1
context_97648.json,structured,20,20,0,1,1
context_97648.json,root_preamble,1,1,0,1,1
context_97651.json,structured,25,25,0,1,1
context_97651.json,root_preamble,1,1,0,1,1
context_97656.json,structured,25,25,0,1,1
context_97656.json,root_preamble,1,1,0,1,1
context_97663.json,structured,11,11,0,1,1
context_97663.json,root_preamble,1,1,0,1,1
context_9768.json,structured,97,97,0,1,1
context_9768.json,root_preamble,1,1,0,1,1
context_97811.json,structured,1,1,0,1,1
context_97811.json,root_preamble,1,1,0,1,1
context_97812.json,structured,37,37,0,1,1
context_97812.json,root_preamble,1,1,0,1,1
context_97828.json,structured,6,6,0,1,1
context_97828.json,root_preamble,1,1,0,1,1
context_97829.json,structured,5,5,0,1,1
context_97829.json,root_preamble,1,1,0,1,1
context_97842.json,structured,13,13,0,1,1
context_97842.json,root_preamble,1,1,0,1,1
context_97886.json,structured,27,27,0,1,1
context_97886.json,root_preamble,1,1,0,1,1
context_97900.json,structured,25,25,0,1,1
context_97900.json,root_preamble,1,1,0,1,1
context_97924.json,structured,4,4,0,1,1
context_97924.json,root_preamble,1,1,0,1,1
context_97934.json,structured,20,20,0,1,1
context_97934.json,root_preamble,1,1,0,1,1
context_97955.json,structured,26,26,0,1,1
context_97955.json,root_preamble,1,1,0,1,1
context_97958.json,structured,30,30,0,1,1
context_97958.json,root_preamble,1,1,0,1,1
context_97996.json,structured,26,26,0,1,1
context_97996.json,root_preamble,1,1,0,1,1
context_98000.json,structured,17,17,0,1,1
context_98000.json,root_preamble,1,1,0,1,1
context_98009.json,structured,9,9,0,1,1
context_98009.json,root_preamble,1,1,0,1,1
context_9802.json,structured,38,38,0,1,1
context_9802.json,root_preamble,1,1,0,1,1
context_98021.json,structured,21,21,0,1,1
context_98021.json,root_preamble,1,1,0,1,1
context_98045.json,structured,10,10,0,1,1
context_98045.json,root_preamble,1,1,0,1,1
context_98125.json,structured,12,12,0,1,1
context_98125.json,root_preamble,1,1,0,1,1
context_98151.json,structured,14,14,0,1,1
context_98151.json,root_preamble,1,1,0,1,1
context_98167.json,structured,105,105,0,1,1
context_98167.json,root_preamble,1,1,0,1,1
context_98186.json,structured,27,27,0,1,1
context_98186.json,root_preamble,1,1,0,1,1
context_982.json,structured,5,5,0,1,1
context_982.json,root_preamble,1,1,0,1,1
context_98236.json,structured,4,4,0,1,1
context_98236.json,root_preamble,1,1,0,1,1
context_98245.json,structured,30,30,0,1,1
context_98245.json,root_preamble,1,1,0,1,1
context_983.json,structured,13,13,0,1,1
context_983.json,root_preamble,1,1,0,1,1
context_9833.json,structured,20,20,0,1,1
context_9833.json,root_preamble,1,1,0,1,1
context_98414.json,structured,7,7,0,1,1
context_98414.json,root_preamble,1,1,0,1,1
context_98435.json,structured,7,7,0,1,1
context_98435.json,root_preamble,1,1,0,1,1
context_985.json,structured,13,13,0,1,1
context_985.json,root_preamble,1,1,0,1,1
context_98514.json,structured,11,11,0,1,1
context_98514.json,root_preamble,1,1,0,1,1
context_98540.json,structured,33,33,0,1,1
context_98540.json,root_preamble,1,1,0,1,1
context_98575.json,structured,19,19,0,1,1
context_98575.json,root_preamble,1,1,0,1,1
context_98614.json,structured,5,5,0,1,1
context_98614.json,root_preamble,1,1,0,1,1
context_98615.json,structured,5,5,0,1,1
context_98615.json,root_preamble,1,1,0,1,1
context_98631.json,structured,24,24,0,1,1
context_98631.json,root_preamble,1,1,0,1,1
context_98663.json,structured,36,36,0,1,1
context_98663.json,root_preamble,1,1,0,1,1
context_98697.json,unstructured_whole,1,1,0,1,1
context_9871.json,structured,7,7,0,1,1
context_9871.json,root_preamble,1,1,0,1,1
context_98719.json,structured,8,8,0,1,1
context_98719.json,root_preamble,1,1,0,1,1
context_98731.json,structured,15,15,0,1,1
context_98731.json,root_preamble,1,1,0,1,1
context_98802.json,structured,36,36,0,1,1
context_98802.json,root_preamble,1,1,0,1,1
context_98814.json,structured,31,31,0,1,1
context_98814.json,root_preamble,1,1,0,1,1
context_98859.json,structured,39,39,0,1,1
context_98859.json,root_preamble,1,1,0,1,1
context_98867.json,structured,4,4,0,1,1
context_98867.json,root_preamble,1,1,0,1,1
context_98887.json,structured,78,78,0,1,1
context_98887.json,root_preamble,1,1,0,1,1
context_98892.json,structured,61,61,0,1,1
context_98892.json,root_preamble,1,1,0,1,1
context_98968.json,structured,22,22,0,1,1
context_98968.json,root_preamble,1,1,0,1,1
context_98989.json,structured,56,56,0,1,1
context_98989.json,root_preamble,1,1,0,1,1
context_99013.json,structured,10,10,0,1,1
context_99013.json,root_preamble,1,1,0,1,1
context_99140.json,structured,12,12,0,1,1
context_99140.json,root_preamble,1,1,0,1,1
context_99173.json,structured,9,9,0,1,1
context_99173.json,root_preamble,1,1,0,1,1
context_99209.json,structured,6,6,0,1,1
context_99209.json,root_preamble,1,1,0,1,1
context_99231.json,structured,2,2,0,1,1
context_99231.json,root_preamble,1,1,0,1,1
context_99233.json,structured,17,17,0,1,1
context_99233.json,root_preamble,1,1,0,1,1
context_99248.json,structured,6,6,0,1,1
context_99248.json,root_preamble,1,1,0,1,1
context_99263.json,unstructured_whole,1,1,0,1,1
context_99280.json,structured,21,21,0,1,1
context_99280.json,root_preamble,1,1,0,1,1
context_99300.json,structured,8,8,0,1,1
context_99300.json,root_preamble,1,1,0,1,1
context_99311.json,structured,29,29,0,1,1
context_99311.json,root_preamble,1,1,0,1,1
context_99335.json,structured,30,30,0,1,1
context_99335.json,root_preamble,1,1,0,1,1
context_99418.json,structured,42,42,0,1,1
context_99418.json,root_preamble,1,1,0,1,1
context_99475.json,structured,10,10,0,1,1
context_99475.json,root_preamble,1,1,0,1,1
context_99619.json,structured,7,7,0,1,1
context_99619.json,root_preamble,1,1,0,1,1
context_99656.json,structured,37,37,0,1,1
context_99656.json,root_preamble,1,1,0,1,1
context_99745.json,unstructured_whole,1,1,0,1,1
context_9980.json,structured,2,2,0,1,1
context_9980.json,root_preamble,1,1,0,1,1
context_99808.json,structured,3,3,0,1,1
context_99808.json,root_preamble,1,1,0,1,1
context_99818.json,unstructured_whole,1,1,0,1,1
context_99832.json,structured,11,11,0,1,1
context_99832.json,root_preamble,1,1,0,1,1
context_99842.json,structured,31,31,0,1,1
context_99842.json,root_preamble,1,1,0,1,1
context_99879.json,structured,5,5,0,1,1
context_99879.json,root_preamble,1,1,0,1,1
context_99880.json,structured,9,9,0,1,1
context_99880.json,root_preamble,1,1,0,1,1
context_99929.json,structured,32,32,0,1,1
context_99929.json,root_preamble,1,1,0,1,1
context_99956.json,structured,9,9,0,1,1
context_99956.json,root_preamble,1,1,0,1,1
context_99975.json,structured,13,13,0,1,1
context_99975.json,root_preamble,1,1,0,1,1
context_99981.json,structured,10,10,0,1,1
context_99981.json,root_preamble,1,1,0,1,1
context_99994.json,structured,19,19,0,1,1
context_99994.json,root_preamble,1,1,0,1,1
